-- phpMyAdmin SQL Dump
-- version 4.7.4
-- https://www.phpmyadmin.net/
--
-- Host: 127.0.0.1
-- Generation Time: 09 Mar 2018 pada 10.29
-- Versi Server: 10.1.28-MariaDB
-- PHP Version: 7.0.25

SET SQL_MODE = "NO_AUTO_VALUE_ON_ZERO";
SET AUTOCOMMIT = 0;
START TRANSACTION;
SET time_zone = "+00:00";


/*!40101 SET @OLD_CHARACTER_SET_CLIENT=@@CHARACTER_SET_CLIENT */;
/*!40101 SET @OLD_CHARACTER_SET_RESULTS=@@CHARACTER_SET_RESULTS */;
/*!40101 SET @OLD_COLLATION_CONNECTION=@@COLLATION_CONNECTION */;
/*!40101 SET NAMES utf8mb4 */;

--
-- Database: `lapor_db`
--

-- --------------------------------------------------------

--
-- Struktur dari tabel `d_users`
--

CREATE TABLE `d_users` (
  `id_user` int(5) NOT NULL,
  `username` varchar(100) NOT NULL,
  `paswd` varchar(100) NOT NULL,
  `id_peg` char(18) NOT NULL,
  `id_hakakses` tinyint(2) NOT NULL,
  `tgl_daftar` timestamp NOT NULL DEFAULT CURRENT_TIMESTAMP ON UPDATE CURRENT_TIMESTAMP,
  `status_user` enum('0','1') NOT NULL DEFAULT '0'
) ENGINE=InnoDB DEFAULT CHARSET=utf8;

--
-- Dumping data untuk tabel `d_users`
--

INSERT INTO `d_users` (`id_user`, `username`, `paswd`, `id_peg`, `id_hakakses`, `tgl_daftar`, `status_user`) VALUES
(1, 'qlink186', 'f3ecb79b1700ab780ce037e2e8cdb738', '198804102015031001', 0, '2017-11-10 03:17:17', '1'),
(2, '197407072006041007', 'f3ecb79b1700ab780ce037e2e8cdb738', '197407072006041007', 2, '2017-11-10 03:17:17', '1'),
(3, '195811111987021002', 'f3ecb79b1700ab780ce037e2e8cdb738', '195811111987021002', 3, '2017-11-10 03:17:17', '1'),
(4, '196402161986031003', 'f3ecb79b1700ab780ce037e2e8cdb738', '196402161986031003', 3, '2017-11-10 03:17:17', '1'),
(5, '196506281993031009', 'f3ecb79b1700ab780ce037e2e8cdb738', '196506281993031009', 3, '2018-02-28 08:09:06', '0'),
(6, '196711012014061002', 'f3ecb79b1700ab780ce037e2e8cdb738', '196711012014061002', 3, '2017-11-10 03:17:17', '1'),
(7, '196903202007011018', 'f3ecb79b1700ab780ce037e2e8cdb738', '196903202007011018', 3, '2017-11-10 03:17:17', '1'),
(8, '196906131990031009', 'f3ecb79b1700ab780ce037e2e8cdb738', '196906131990031009', 3, '2017-11-10 03:17:17', '1'),
(9, '197012162002121006', 'f3ecb79b1700ab780ce037e2e8cdb738', '197012162002121006', 3, '2018-02-28 08:09:09', '0'),
(10, '197109151993032008', 'f3ecb79b1700ab780ce037e2e8cdb738', '197109151993032008', 3, '2017-11-10 03:17:17', '1'),
(11, '197110041992032006', 'f3ecb79b1700ab780ce037e2e8cdb738', '197110041992032006', 3, '2017-11-10 03:17:17', '1'),
(12, '197502032007011017', 'f3ecb79b1700ab780ce037e2e8cdb738', '197502032007011017', 3, '2017-11-10 03:17:17', '1'),
(13, '197505292002121008', 'f3ecb79b1700ab780ce037e2e8cdb738', '197505292002121008', 3, '2018-02-28 08:09:12', '0'),
(14, '197507112007012026', 'f3ecb79b1700ab780ce037e2e8cdb738', '197507112007012026', 3, '2017-11-10 03:17:17', '1'),
(15, '197608042005022006', 'f3ecb79b1700ab780ce037e2e8cdb738', '197608042005022006', 3, '2017-11-10 03:17:17', '1'),
(16, '197702172006041018', 'f3ecb79b1700ab780ce037e2e8cdb738', '197702172006041018', 3, '2018-02-28 08:09:21', '0'),
(17, '197707012008011013', 'f3ecb79b1700ab780ce037e2e8cdb738', '197707012008011013', 3, '2017-11-10 03:17:17', '1'),
(18, '197805032006041011', 'f3ecb79b1700ab780ce037e2e8cdb738', '197805032006041011', 3, '2017-11-10 03:17:17', '1'),
(19, '197902152003121006', 'f3ecb79b1700ab780ce037e2e8cdb738', '197902152003121006', 3, '2017-11-10 03:17:17', '1'),
(20, '197903102007011017', 'f3ecb79b1700ab780ce037e2e8cdb738', '197903102007011017', 3, '2017-11-10 03:17:17', '1'),
(21, '197903162007012008', 'f3ecb79b1700ab780ce037e2e8cdb738', '197903162007012008', 3, '2018-02-28 08:09:16', '0'),
(22, '197911282007012009', 'f3ecb79b1700ab780ce037e2e8cdb738', '197911282007012009', 3, '2017-11-10 03:17:17', '1'),
(23, '198212062008011008', 'f3ecb79b1700ab780ce037e2e8cdb738', '198212062008011008', 3, '2018-02-28 08:09:19', '0'),
(24, '198306272009021006', 'f3ecb79b1700ab780ce037e2e8cdb738', '198306272009021006', 3, '2017-11-10 03:17:17', '1'),
(25, '198406162010011007', 'f3ecb79b1700ab780ce037e2e8cdb738', '198406162010011007', 1, '2017-11-10 03:17:17', '1'),
(26, '198502062010012007', 'f3ecb79b1700ab780ce037e2e8cdb738', '198502062010012007', 3, '2017-11-10 03:17:17', '1'),
(27, '198505012011012002', 'f3ecb79b1700ab780ce037e2e8cdb738', '198505012011012002', 3, '2017-11-10 03:17:17', '1'),
(28, '198609162010012017', 'f3ecb79b1700ab780ce037e2e8cdb738', '198609162010012017', 3, '2017-11-10 03:17:17', '1'),
(29, '199012072015032001', 'f3ecb79b1700ab780ce037e2e8cdb738', '199012072015032001', 3, '2017-11-10 03:17:17', '1'),
(30, '71212086', 'f3ecb79b1700ab780ce037e2e8cdb738', '71212086', 3, '2017-11-10 03:17:17', '1'),
(31, '71010038', 'f3ecb79b1700ab780ce037e2e8cdb738', '71010038', 3, '2017-11-10 03:17:17', '1'),
(32, '31212338', 'f3ecb79b1700ab780ce037e2e8cdb738', '31212338', 3, '2017-11-10 03:17:17', '1'),
(33, '51600000030001', 'f3ecb79b1700ab780ce037e2e8cdb738', '51600000030001', 3, '2017-11-10 03:17:17', '1'),
(34, '51600000030002', 'f3ecb79b1700ab780ce037e2e8cdb738', '51600000030002', 3, '2017-11-10 03:17:17', '1'),
(35, '51600000030003', 'f3ecb79b1700ab780ce037e2e8cdb738', '51600000030003', 3, '2017-11-10 03:17:17', '1'),
(36, '51600000030004', 'f3ecb79b1700ab780ce037e2e8cdb738', '51600000030004', 3, '2017-11-10 03:17:17', '1'),
(37, '51600000030005', 'f3ecb79b1700ab780ce037e2e8cdb738', '51600000030005', 3, '2017-11-10 03:17:17', '1'),
(38, '51600000030006', 'f3ecb79b1700ab780ce037e2e8cdb738', '51600000030006', 3, '2017-11-10 03:17:17', '1'),
(39, '51600000030007', 'f3ecb79b1700ab780ce037e2e8cdb738', '51600000030007', 3, '2017-11-10 03:17:17', '1'),
(42, '31212477', 'f3ecb79b1700ab780ce037e2e8cdb738', '31212477', 3, '2017-11-10 03:17:17', '1'),
(43, '71601208', 'f3ecb79b1700ab780ce037e2e8cdb738', '71601208', 3, '2017-11-10 03:17:17', '1');

-- --------------------------------------------------------

--
-- Struktur dari tabel `m_agama`
--

CREATE TABLE `m_agama` (
  `id_agama` tinyint(1) NOT NULL,
  `agama` varchar(20) NOT NULL DEFAULT '0'
) ENGINE=InnoDB DEFAULT CHARSET=utf8;

--
-- Dumping data untuk tabel `m_agama`
--

INSERT INTO `m_agama` (`id_agama`, `agama`) VALUES
(1, 'Islam'),
(2, 'Katolik'),
(3, 'Protestan'),
(4, 'Hindu'),
(5, 'Budha'),
(6, 'Kong Hu Chu');

-- --------------------------------------------------------

--
-- Struktur dari tabel `m_bagbid`
--

CREATE TABLE `m_bagbid` (
  `id_bagbid` char(9) NOT NULL,
  `nama_bagbid` char(90) NOT NULL,
  `id_opd` int(9) NOT NULL
) ENGINE=InnoDB DEFAULT CHARSET=utf8;

-- --------------------------------------------------------

--
-- Struktur dari tabel `m_eselon`
--

CREATE TABLE `m_eselon` (
  `id_eselon` tinyint(1) NOT NULL,
  `eselon` varchar(5) NOT NULL
) ENGINE=InnoDB DEFAULT CHARSET=utf8;

--
-- Dumping data untuk tabel `m_eselon`
--

INSERT INTO `m_eselon` (`id_eselon`, `eselon`) VALUES
(1, 'I.a'),
(2, 'I.b'),
(3, 'II.a'),
(4, 'II.b'),
(5, 'III.a'),
(6, 'III.b'),
(7, 'IV.a'),
(8, 'IV.b'),
(9, '-');

-- --------------------------------------------------------

--
-- Struktur dari tabel `m_gol`
--

CREATE TABLE `m_gol` (
  `id_gol` char(2) NOT NULL,
  `gol` varchar(5) DEFAULT NULL,
  `ruang` varchar(25) DEFAULT NULL
) ENGINE=InnoDB DEFAULT CHARSET=utf8;

--
-- Dumping data untuk tabel `m_gol`
--

INSERT INTO `m_gol` (`id_gol`, `gol`, `ruang`) VALUES
('-', '-', 'Non PNS'),
('1a', 'I/a', 'Juru Muda'),
('1b', 'I/b', 'Juru Muda Tingkat I'),
('1c', 'I/c', 'Juru'),
('1d', 'I/d', 'Juru Tingkat I'),
('2a', 'II/a', 'Pengatur Muda'),
('2b', 'II/b', 'Pengatur Muda Tingkat I'),
('2c', 'II/c', 'Pengatur'),
('2d', 'II/d', 'Pengatur Tingkat I'),
('3a', 'III/a', 'Penata Muda'),
('3b', 'III/b', 'Penata Muda Tingkat I'),
('3c', 'III/c', 'Penata'),
('3d', 'III/d', 'Penata Tingkat I'),
('4a', 'IV/a', 'Pembina'),
('4b', 'IV/b', 'Pembina Tingkat I'),
('4c', 'IV/c', 'Pembina Utama Muda'),
('4d', 'IV/d', 'Pembina Utama Madya'),
('4e', 'IV/e', 'Pembina Utama');

-- --------------------------------------------------------

--
-- Struktur dari tabel `m_hakakses`
--

CREATE TABLE `m_hakakses` (
  `id_hakaskses` tinyint(2) NOT NULL,
  `hakakses` varchar(50) NOT NULL,
  `ket_hakakses` text
) ENGINE=InnoDB DEFAULT CHARSET=utf8;

--
-- Dumping data untuk tabel `m_hakakses`
--

INSERT INTO `m_hakakses` (`id_hakaskses`, `hakakses`, `ket_hakakses`) VALUES
(0, 'superadmin', 'Segala-gala bisa'),
(1, 'admin unit', 'Segalanya bisa juga'),
(2, 'editor', 'bisa ngedit berita'),
(3, 'member', 'bisa dikit aja'),
(4, 'pendatang', 'Ga bisa apa-apa');

-- --------------------------------------------------------

--
-- Struktur dari tabel `m_jabatan`
--

CREATE TABLE `m_jabatan` (
  `id_jabatan` tinyint(2) NOT NULL,
  `jabatan` varchar(255) DEFAULT NULL
) ENGINE=InnoDB DEFAULT CHARSET=utf8;

--
-- Dumping data untuk tabel `m_jabatan`
--

INSERT INTO `m_jabatan` (`id_jabatan`, `jabatan`) VALUES
(1, 'Anasil Kesehatan'),
(2, 'Apoteker'),
(3, 'Apoteker Madya'),
(4, 'Apoteker Muda'),
(5, 'Asisten'),
(6, 'Asisten Apoteker Pelaksana'),
(7, 'Asisten Apoteker Pelaksana Lanjutan'),
(8, 'Asisten Apoteker Penyelia'),
(9, 'Auditor Ahli Muda'),
(10, 'Auditor Ahli Pertama'),
(11, 'Auditor Muda'),
(12, 'Bidan'),
(13, 'Bidan Madya'),
(14, 'Bidan Muda'),
(15, 'Bidan Pelaksana'),
(16, 'Bidan Pelaksana Lanjutan'),
(17, 'Bidan Pertama'),
(18, 'Camat'),
(19, 'Dokter'),
(20, 'Dokter Gigi'),
(21, 'Dokter Gigi Madya'),
(22, 'Dokter Madya'),
(23, 'Dokter Muda'),
(24, 'Dokter Utama'),
(25, 'Fungsional Umum'),
(26, 'Guru'),
(27, 'Guru Dewasa'),
(28, 'Guru Kelas'),
(29, 'Guru Madya'),
(30, 'Guru Muda'),
(31, 'Guru Pembina'),
(32, 'Guru Pertama'),
(33, 'Guru TK'),
(34, 'Guru Pembina'),
(35, 'Inspektur'),
(36, 'Inspektur Pembantu Bidang I'),
(37, 'Inspektur Pembantu Bidang II'),
(38, 'Inspektur Pembantu Bidang III'),
(39, 'Kepala Badan'),
(40, 'Kepala Bagian'),
(41, 'Kepala Bidang'),
(42, 'Kepala Dinas'),
(43, 'Kepala UPTD'),
(44, 'Kepala Puskesmas'),
(45, 'Kepala Sekolah'),
(46, 'Kepala Seksi'),
(47, 'Kepala Sub Bagian'),
(48, 'Kepala Sub Bidang'),
(49, 'Lurah'),
(50, 'Nutrisionis Pelaksana'),
(51, 'Pamong Belajar Pertama'),
(52, 'Pegawai Tugas Belajar'),
(53, 'Pekara'),
(54, 'Pelaksana TU'),
(55, 'Pemadam Kebakaran'),
(56, 'Penata Gizi'),
(57, 'Penera'),
(58, 'Penera Penyelia'),
(59, 'Penera Pertama'),
(60, 'Pengawas'),
(61, 'Pengawas SD'),
(62, 'Pengawas SMP'),
(63, 'Pengawas TK'),
(64, 'Pengelola Kebersihan'),
(65, 'Penilik Sekolah'),
(66, 'Penjaga Sekolah'),
(67, 'Penyuluh Keluarga Berencana Pelaksana'),
(68, 'Penyuluh Narkoba Pertama'),
(69, 'Perawat'),
(70, 'Perawat Gigi Penyelia'),
(71, 'Perawat Madya'),
(72, 'Perawat Mahir '),
(73, 'Perawat Muda'),
(74, 'Perawat Pelaksana'),
(75, 'Perawat Pelaksana Lanjutan'),
(76, 'Perawat Pelaksanan Lanjutan'),
(77, 'Perawat Penyelia'),
(78, 'Perawat Pertama'),
(79, 'Perekam Medis Pelaksana'),
(80, 'Polisi Pamong Praja'),
(81, 'Pranata Laboratorium Kesehatan'),
(82, 'Radiografer'),
(83, 'Sanitarian'),
(84, 'Sekretaris'),
(85, 'Sekretaris Daerah'),
(86, 'Sekretaris Dewan Pengurus'),
(87, 'Staf Ahli'),
(88, 'Walikota'),
(89, 'Wakil Walikota'),
(90, 'Honor Daerah'),
(91, 'Outsourching'),
(92, 'Praktek Kerja Lapangan');

-- --------------------------------------------------------

--
-- Struktur dari tabel `m_kec`
--

CREATE TABLE `m_kec` (
  `id_kec` tinyint(2) NOT NULL,
  `id_kotakab` tinyint(1) NOT NULL DEFAULT '0',
  `kec` char(50) NOT NULL DEFAULT '0'
) ENGINE=InnoDB DEFAULT CHARSET=utf8;

--
-- Dumping data untuk tabel `m_kec`
--

INSERT INTO `m_kec` (`id_kec`, `id_kotakab`, `kec`) VALUES
(1, 1, 'Batam Kota'),
(2, 1, 'Batu Aji'),
(3, 1, 'Batu Ampar'),
(4, 1, 'Belakang Padang'),
(5, 1, 'Bengkong'),
(6, 1, 'Bulang'),
(7, 1, 'Galang'),
(8, 1, 'Lubuk Baja'),
(9, 1, 'Nongsa'),
(10, 1, 'Sagulung'),
(11, 1, 'Sei. Beduk'),
(12, 1, 'Sekupang'),
(13, 2, 'Bintan Pesisir'),
(14, 2, 'Bintan Timur'),
(15, 2, 'Bintan Utara'),
(16, 2, 'Gunung Kijang'),
(17, 2, 'Mantang'),
(18, 2, 'Sri Kuala Lobam'),
(19, 2, 'Tambelan'),
(20, 2, 'Teluk Bintan'),
(21, 2, 'Teluk Sebong'),
(22, 2, 'Toapaya'),
(23, 3, 'Belat'),
(24, 3, 'Buru'),
(25, 3, 'Durai'),
(26, 3, 'Karimun'),
(27, 3, 'Kundur'),
(28, 3, 'Kundur Barat'),
(29, 3, 'Kundur Utara'),
(30, 3, 'Meral'),
(31, 3, 'Meral Barat'),
(32, 3, 'Moro'),
(33, 3, 'Tebing'),
(34, 3, 'Ungar'),
(35, 4, 'Jemaja'),
(36, 4, 'Jemaja Timur'),
(37, 4, 'Palmatak'),
(38, 4, 'Siantan'),
(39, 4, 'Siantan Selatan'),
(40, 4, 'Siantan Tengah'),
(41, 4, 'Siantan Timur'),
(42, 5, 'Lingga'),
(43, 5, 'Lingga Timur'),
(44, 5, 'Lingga Utara'),
(45, 5, 'Selayar'),
(46, 5, 'Senayang'),
(47, 5, 'Singkep'),
(48, 5, 'Singkep Barat'),
(49, 5, 'Singkep Pesisir'),
(50, 5, 'Singkep Selatan'),
(51, 6, 'Bunguran Barat'),
(52, 6, 'Bunguran Selatan'),
(53, 6, 'Bunguran Tengah'),
(54, 6, 'Bunguran Timur'),
(55, 6, 'Bunguran Timur Laut'),
(56, 6, 'Bunguran Utara'),
(57, 6, 'Midai'),
(58, 6, 'Pulau Laut'),
(59, 6, 'Pulau Tiga'),
(60, 6, 'Serasan'),
(61, 6, 'Serasan Timur'),
(62, 6, 'Subi'),
(63, 7, 'Bukit Bestari'),
(64, 7, 'Tanjungpinang Barat'),
(65, 7, 'Tanjungpinang Kota'),
(66, 7, 'Tanjungpinang Timur');

-- --------------------------------------------------------

--
-- Struktur dari tabel `m_kel`
--

CREATE TABLE `m_kel` (
  `id_kel` int(5) NOT NULL,
  `id_kec` tinyint(2) NOT NULL,
  `id_kotakab` tinyint(1) NOT NULL,
  `kel` varchar(50) NOT NULL,
  `kode_pos` int(11) NOT NULL
) ENGINE=InnoDB DEFAULT CHARSET=utf8;

--
-- Dumping data untuk tabel `m_kel`
--

INSERT INTO `m_kel` (`id_kel`, `id_kec`, `id_kotakab`, `kel`, `kode_pos`) VALUES
(37268, 1, 1, 'Baloi Permai', 29431),
(37269, 1, 1, 'Belian', 29464),
(37270, 1, 1, 'Sukajadi', 29432),
(37271, 1, 1, 'Sungai Panas', 29433),
(37272, 1, 1, 'Taman Baloi', 29432),
(37273, 1, 1, 'Teluk Tering', 29461),
(37274, 2, 1, 'Bukit Tempayan', 29438),
(37275, 2, 1, 'Buliang', 29438),
(37276, 2, 1, 'Kibing', 29422),
(37277, 2, 1, 'Tanjung Uncang', 29424),
(37278, 3, 1, 'Batu Merah', 29452),
(37279, 3, 1, 'Kampung Seraya', 29454),
(37280, 3, 1, 'Sungai Jodoh', 29453),
(37281, 3, 1, 'Tanjung Sengkuang', 29453),
(37282, 4, 1, 'Kasu', 29413),
(37283, 4, 1, 'Pecong', 29414),
(37284, 4, 1, 'Pemping', 29412),
(37285, 4, 1, 'Pulau Terong', 29416),
(37286, 4, 1, 'Sekanak Raya', 29416),
(37287, 4, 1, 'Tanjung Sari', 29416),
(37288, 5, 1, 'Bengkong Indah', 29458),
(37289, 5, 1, 'Bengkong Laut', 29458),
(37290, 5, 1, 'Sadai', 29432),
(37291, 5, 1, 'Tanjung Buntung', 29432),
(37292, 6, 1, 'Batu Legong', 29474),
(37293, 6, 1, 'Bulang Lintang', 29471),
(37294, 6, 1, 'Pantai Gelam', 29473),
(37295, 6, 1, 'Pulau Buluh', 29472),
(37296, 6, 1, 'Pulau Setokok', 29476),
(37297, 6, 1, 'Temoyong', 29475),
(37298, 7, 1, 'Air Raja', 29483),
(37299, 7, 1, 'Galang Baru (Pulau)', 29484),
(37300, 7, 1, 'Karas (Pulau Karas)', 29486),
(37301, 7, 1, 'Pulau Abang', 29487),
(37302, 7, 1, 'Rempang Cate', 29482),
(37303, 7, 1, 'Sembulang (Pulau Rempang)', 29481),
(37304, 7, 1, 'Sijantung', 29485),
(37305, 7, 1, 'Subang Mas', 29483),
(37306, 8, 1, 'Baloi Indah', 29432),
(37307, 8, 1, 'Batu Selicin', 29441),
(37308, 8, 1, 'Kampung Pelita', 29443),
(37309, 8, 1, 'Lubuk Baja Kota', 29444),
(37310, 8, 1, 'Tanjung Uma', 29445),
(37311, 9, 1, 'Batu Besar', 29466),
(37312, 9, 1, 'Kabil', 29467),
(37313, 9, 1, 'Ngenang', 29468),
(37314, 9, 1, 'Sambau', 29465),
(37315, 10, 1, 'Sagulung Kota', 29439),
(37316, 10, 1, 'Sungai Binti', 29439),
(37317, 10, 1, 'Sungai Langkai', 29439),
(37318, 10, 1, 'Sungai Lekop', 29439),
(37319, 10, 1, 'Sungai Pelenggut/Pelunggut', 29439),
(37320, 10, 1, 'Tembesi', 29439),
(37321, 11, 1, 'Duriangka', 29437),
(37322, 11, 1, 'Mangsang (Mangsa)', 29437),
(37323, 11, 1, 'Muka Kuning', 29433),
(37324, 11, 1, 'Tanjung Piayu', 29437),
(37325, 12, 1, 'Patam Lestari', 29427),
(37326, 12, 1, 'Sungai Harapan', 29428),
(37327, 12, 1, 'Tanjung Pinggir', 29428),
(37328, 12, 1, 'Tanjung Riau', 29425),
(37329, 12, 1, 'Tiban Baru', 29426),
(37330, 12, 1, 'Tiban Indah', 29426),
(37331, 12, 1, 'Tiban Lama', 29425),
(37332, 13, 2, 'Air Glubi/Gelubi', 29151),
(37333, 13, 2, 'Kelong', 29151),
(37334, 13, 2, 'Mapur', 29151),
(37335, 13, 2, 'Numbing', 29151),
(37336, 14, 2, 'Gunung Lengkuas', 29151),
(37337, 14, 2, 'Kijang Kota', 29151),
(37338, 14, 2, 'Sungai Enam', 29151),
(37339, 14, 2, 'Sungai Lekop', 29151),
(37340, 15, 2, 'Lancang Kuning', 29152),
(37341, 15, 2, 'Tanjung Uban Kota', 29152),
(37342, 15, 2, 'Tanjung Uban Selatan', 29152),
(37343, 15, 2, 'Tanjung Uban Timur', 29152),
(37344, 15, 2, 'Tanjung Uban Utara', 29152),
(37345, 16, 2, 'Gunung Kijang', 29151),
(37346, 16, 2, 'Kawal', 29151),
(37347, 16, 2, 'Malang Rapat', 29151),
(37348, 16, 2, 'Teluk Bakau', 29151),
(37349, 17, 2, 'Dendun', 29151),
(37350, 17, 2, 'Mantang Baru', 29151),
(37351, 17, 2, 'Mantang Besar', 29151),
(37352, 17, 2, 'Mantang Lama', 29151),
(37353, 18, 2, 'Busung', 29152),
(37354, 18, 2, 'Kuala Sempang', 29152),
(37355, 18, 2, 'Tanjung Permai', 29152),
(37356, 18, 2, 'Teluk Lobam', 29152),
(37357, 18, 2, 'Teluk Sasah', 29152),
(37358, 19, 2, 'Batu Lepuk', 29193),
(37359, 19, 2, 'Kampung Hilir', 29193),
(37360, 19, 2, 'Kampung Melayu', 29193),
(37361, 19, 2, 'Kukup', 29193),
(37362, 19, 2, 'Pengikik', 29193),
(37363, 19, 2, 'Pulau Mentebung', 29193),
(37364, 19, 2, 'Pulau Pinang', 29193),
(37365, 19, 2, 'Teluk Sekuni', 29193),
(37366, 20, 2, 'Bintan Buyu', 29133),
(37367, 20, 2, 'Pangkil', 29136),
(37368, 20, 2, 'Penaga', 29134),
(37369, 20, 2, 'Pengujan', 29135),
(37370, 20, 2, 'Tembeling', 29132),
(37371, 20, 2, 'Tembeling Tanjung', 29132),
(37372, 21, 2, 'Berakit', 29152),
(37373, 21, 2, 'Ekang Anculai', 29152),
(37374, 21, 2, 'Kota Baru', 29152),
(37375, 21, 2, 'Pengudang', 29152),
(37376, 21, 2, 'Sebung/Sebong Lagoi', 29152),
(37377, 21, 2, 'Sebung/Sebong Pereh', 29152),
(37378, 21, 2, 'Sri Bintan', 29152),
(37379, 22, 2, 'Toapaya', 29151),
(37380, 22, 2, 'Toapaya Asri', 29151),
(37381, 22, 2, 'Toapaya Selatan', 29151),
(37382, 22, 2, 'Toapaya Utara', 29151),
(37383, 23, 3, 'Degong', 29662),
(37384, 23, 3, 'Lebuh', 29662),
(37385, 23, 3, 'Penarah', 29662),
(37386, 23, 3, 'Sebele', 29662),
(37387, 23, 3, 'Sei. Asam', 29662),
(37388, 23, 3, 'Tebias', 29662),
(37389, 24, 3, 'Buru', 29664),
(37390, 24, 3, 'Lubuk Puding', 29664),
(37391, 24, 3, 'Tanjung Batu Kecil', 29664),
(37392, 24, 3, 'Tanjung Hutan', 29664),
(37393, 25, 3, 'Durai', 29664),
(37394, 25, 3, 'Sanglar', 29664),
(37395, 25, 3, 'Simembang (Semembang)', 29664),
(37396, 25, 3, 'Tanjung Kilang', 29664),
(37397, 26, 3, 'Lubuk Semut', 29661),
(37398, 26, 3, 'Parit', 29661),
(37399, 26, 3, 'Selat Mendaun', 29661),
(37400, 26, 3, 'Sungai Lakam Barat', 29661),
(37401, 26, 3, 'Sungai Lakam Timur', 29661),
(37402, 26, 3, 'Tanjung Balai', 29661),
(37403, 26, 3, 'Tanjung Balai Kota', 29661),
(37404, 26, 3, 'Teluk Air', 29661),
(37405, 26, 3, 'Tulang', 29661),
(37406, 27, 3, 'Gading Sari', 29662),
(37407, 27, 3, 'Lubuk', 29662),
(37408, 27, 3, 'Sebesi (Sei. Sebesi)', 29662),
(37409, 27, 3, 'Sei. Ungar', 29662),
(37410, 27, 3, 'Tanjung Batu Barat', 29662),
(37411, 27, 3, 'Tanjung Batu Kota', 29662),
(37412, 28, 3, 'Gemuruh', 29662),
(37413, 28, 3, 'Kundur', 29662),
(37414, 28, 3, 'Sawang', 29662),
(37415, 28, 3, 'Sawang Laut', 29662),
(37416, 28, 3, 'Sawang Selatan', 29662),
(37417, 29, 3, 'Perayun', 29662),
(37418, 29, 3, 'Sei. Ungar Utara', 29662),
(37419, 29, 3, 'Tanjung Berlian Barat (Urung Barat)', 29662),
(37420, 29, 3, 'Tanjung Berlian Kota (Urung)', 29662),
(37421, 29, 3, 'Teluk Radang', 29662),
(37422, 30, 3, 'Baran Barat', 29664),
(37423, 30, 3, 'Baran Timur', 29664),
(37424, 30, 3, 'Meral Kota', 29664),
(37425, 30, 3, 'Pasir Benut', 29664),
(37426, 30, 3, 'Sei. Raya', 29664),
(37427, 30, 3, 'Sungai Pasir', 29664),
(37428, 31, 3, 'Darussalam', 29664),
(37429, 31, 3, 'Pangke', 29664),
(37430, 31, 3, 'Pangke Barat', 29664),
(37431, 31, 3, 'Pasir Panjang', 29664),
(37432, 32, 3, 'Buluh Patah', 29663),
(37433, 32, 3, 'Jang (Pulau Jang)', 29663),
(37434, 32, 3, 'Keban', 29663),
(37435, 32, 3, 'Moro', 29663),
(37436, 32, 3, 'Moro Timur', 29663),
(37437, 32, 3, 'Niur Permai', 29663),
(37438, 32, 3, 'Pauh', 29663),
(37439, 32, 3, 'Pulaumoro', 29663),
(37440, 32, 3, 'Rawajaya', 29663),
(37441, 32, 3, 'Selat Mie', 29663),
(37442, 32, 3, 'Sugie', 29663),
(37443, 32, 3, 'Tanjung Pelanduk', 29663),
(37444, 33, 3, 'Harjosari', 29663),
(37445, 33, 3, 'Kapling', 29663),
(37446, 33, 3, 'Pamak', 29663),
(37447, 33, 3, 'Pongkar', 29663),
(37448, 33, 3, 'Tebing', 29663),
(37449, 33, 3, 'Teluk Uma', 29663),
(37450, 34, 3, 'Alai', 29662),
(37451, 34, 3, 'Batu Limau', 29662),
(37452, 34, 3, 'Ngal', 29662),
(37453, 34, 3, 'Sungai Buluh', 29662),
(37454, 35, 4, 'Air Biru', 29792),
(37455, 35, 4, 'Batu Berapit', 29792),
(37456, 35, 4, 'Impol', 29792),
(37457, 35, 4, 'Keramut', 29792),
(37458, 35, 4, 'Landak', 29792),
(37459, 35, 4, 'Letung', 29792),
(37460, 35, 4, 'Mampok', 29792),
(37461, 35, 4, 'Rewak', 29792),
(37462, 35, 4, 'Sunggak', 29792),
(37463, 36, 4, 'Bukit Padi', 29792),
(37464, 36, 4, 'Genting Pulur', 29792),
(37465, 36, 4, 'Kuala Maras', 29792),
(37466, 36, 4, 'Ulu Maras', 29792),
(37467, 37, 4, 'Batu Ampar', 29783),
(37468, 37, 4, 'Bayat', 29783),
(37469, 37, 4, 'Belibak', 29783),
(37470, 37, 4, 'Candi', 29783),
(37471, 37, 4, 'Ladan', 29783),
(37472, 37, 4, 'Langir', 29783),
(37473, 37, 4, 'Matak', 29783),
(37474, 37, 4, 'Mubur', 29783),
(37475, 37, 4, 'Payalaman', 29783),
(37476, 37, 4, 'Payamaram', 29783),
(37477, 37, 4, 'Piabung', 29783),
(37478, 37, 4, 'Piasan', 29783),
(37479, 37, 4, 'Putik', 29783),
(37480, 37, 4, 'Tebang', 29783),
(37481, 37, 4, 'Teluk Bayur', 29783),
(37482, 38, 4, 'Munjan', 29791),
(37483, 38, 4, 'Sri Tanjung', 29791),
(37484, 38, 4, 'Tarempa', 29791),
(37485, 38, 4, 'Tarempa Barat', 29791),
(37486, 38, 4, 'Tarempa Barat Daya', 29791),
(37487, 38, 4, 'Tarempa Selatan', 29791),
(37488, 38, 4, 'Tiangau', 29791),
(37489, 39, 4, 'Air Bini', 29791),
(37490, 39, 4, 'Kiabu', 29791),
(37491, 39, 4, 'Linga', 29791),
(37492, 39, 4, 'Mengkait', 29791),
(37493, 39, 4, 'Telaga', 29791),
(37494, 39, 4, 'Telaga Kecil', 29791),
(37495, 39, 4, 'Tiangau', 29791),
(37496, 40, 4, 'Air Asuk', 29783),
(37497, 40, 4, 'Air Sena', 29783),
(37498, 40, 4, 'Lidi', 29783),
(37499, 40, 4, 'Liuk', 29783),
(37500, 40, 4, 'Teluk Siantan', 29783),
(37501, 40, 4, 'Teluk Sunting', 29783),
(37502, 41, 4, 'Air Putih', 29791),
(37503, 41, 4, 'Batu Belah', 29791),
(37504, 41, 4, 'Munjan', 29791),
(37505, 41, 4, 'Nyamuk', 29791),
(37506, 41, 4, 'Serat', 29791),
(37507, 41, 4, 'Temburun', 29791),
(37508, 42, 5, 'Daik', 29872),
(37509, 42, 5, 'Kelombok', 29872),
(37510, 42, 5, 'Kelumu', 29872),
(37511, 42, 5, 'Mentuda', 29872),
(37512, 42, 5, 'Mepar', 29872),
(37513, 42, 5, 'Merawang', 29872),
(37514, 42, 5, 'Musai', 29872),
(37515, 42, 5, 'Nerekeh', 29872),
(37516, 42, 5, 'Panggak Darat', 29872),
(37517, 42, 5, 'Panggak Laut', 29872),
(37518, 42, 5, 'Pekajang', 29872),
(37519, 43, 5, 'Bukit Langkap', 29872),
(37520, 43, 5, 'Kerandin', 29872),
(37521, 43, 5, 'Keton', 29872),
(37522, 43, 5, 'Kudung', 29872),
(37523, 43, 5, 'Pekaka', 29872),
(37524, 43, 5, 'Sei. Pinang', 29872),
(37525, 44, 5, 'Belungkur', 29874),
(37526, 44, 5, 'Bukit Harapan', 29874),
(37527, 44, 5, 'Duara', 29874),
(37528, 44, 5, 'Limbung', 29874),
(37529, 44, 5, 'Linau', 29874),
(37530, 44, 5, 'Pancur', 29874),
(37531, 44, 5, 'Rantau Panjang', 29874),
(37532, 44, 5, 'Resun', 29874),
(37533, 44, 5, 'Resun Pesisir', 29874),
(37534, 44, 5, 'Sekanah', 29874),
(37535, 44, 5, 'Sungai Besar', 29874),
(37536, 44, 5, 'Teluk', 29874),
(37537, 45, 5, 'Pantai Harapan', 29872),
(37538, 45, 5, 'Penuba', 29872),
(37539, 45, 5, 'Penuba Timur', 29872),
(37540, 45, 5, 'Selayar', 29872),
(37541, 46, 5, 'Baran', 29873),
(37542, 46, 5, 'Batu Belubang', 29873),
(37543, 46, 5, 'Benan', 29873),
(37544, 46, 5, 'Cempa', 29873),
(37545, 46, 5, 'Labo', 29873),
(37546, 46, 5, 'Mamut', 29873),
(37547, 46, 5, 'Mensanak', 29873),
(37548, 46, 5, 'Pasir Panjang', 29873),
(37549, 46, 5, 'Penaah', 29873),
(37550, 46, 5, 'Pulau Batang', 29873),
(37551, 46, 5, 'Pulau Bukit', 29873),
(37552, 46, 5, 'Pulau Duyung', 29873),
(37553, 46, 5, 'Pulau Medang', 29873),
(37554, 46, 5, 'Rejai', 29873),
(37555, 46, 5, 'Senayang', 29873),
(37556, 46, 5, 'Tajur Biru', 29873),
(37557, 46, 5, 'Tanjung Kelit', 29873),
(37558, 46, 5, 'Tanjung Lipat', 29873),
(37559, 46, 5, 'Temiang', 29873),
(37560, 47, 5, 'Batu Berdaun', 29871),
(37561, 47, 5, 'Batu Karang', 29871),
(37562, 47, 5, 'Dabo', 29871),
(37563, 47, 5, 'Dabo Lama', 29871),
(37564, 47, 5, 'Resang', 29871),
(37565, 47, 5, 'Sungailumpur', 29871),
(37566, 47, 5, 'Tanjung Harapan', 29871),
(37567, 48, 5, 'Bakong', 29875),
(37568, 48, 5, 'Bukit Belah', 29875),
(37569, 48, 5, 'Busung Panjang', 29875),
(37570, 48, 5, 'Jaqoh', 29875),
(37571, 48, 5, 'Kuala Raya', 29875),
(37572, 48, 5, 'Langkap', 29875),
(37573, 48, 5, 'Marok Tua', 29875),
(37574, 48, 5, 'Posek', 29875),
(37575, 48, 5, 'Raya', 29875),
(37576, 48, 5, 'Suak Buaya', 29875),
(37577, 48, 5, 'Sungai Buluh', 29875),
(37578, 48, 5, 'Sungai Harapan', 29875),
(37579, 48, 5, 'Sungai Raya', 29875),
(37580, 48, 5, 'Tanjung Irat', 29875),
(37581, 48, 5, 'Tinjul', 29875),
(37582, 49, 5, 'Berindat', 29871),
(37583, 49, 5, 'Kota/Kote', 29871),
(37584, 49, 5, 'Lanjut', 29871),
(37585, 49, 5, 'Pelakak', 29871),
(37586, 49, 5, 'Persing', 29871),
(37587, 49, 5, 'Sedamai', 29871),
(37588, 50, 5, 'Berhala', 29871),
(37589, 50, 5, 'Marok', 29871),
(37590, 51, 6, 'Batubi Jaya', 29782),
(37591, 51, 6, 'Binjai', 29782),
(37592, 51, 6, 'Gunung Putri', 29782),
(37593, 51, 6, 'Mekar Jaya', 29782),
(37594, 51, 6, 'Pian Tengah', 29782),
(37595, 51, 6, 'Sedanau', 29782),
(37596, 51, 6, 'Sedanau Timur', 29782),
(37597, 51, 6, 'Sedarat Baru', 29782),
(37598, 51, 6, 'Selaut', 29782),
(37599, 51, 6, 'Semedang', 29782),
(37600, 52, 6, 'Cemaga', 29783),
(37601, 52, 6, 'Cemaga Selatan (Setegar)', 29783),
(37602, 52, 6, 'Cemaga Tengah', 29783),
(37603, 52, 6, 'Cemaga Utara (Singgang Bulan)', 29783),
(37604, 53, 6, 'Air Lengit', 29783),
(37605, 53, 6, 'Harapan Jaya', 29783),
(37606, 53, 6, 'Tapau', 29783),
(37607, 54, 6, 'Bandarsyah', 29783),
(37608, 54, 6, 'Batu Gajah', 29783),
(37609, 54, 6, 'Ranai Darat', 29783),
(37610, 54, 6, 'Ranai Kota', 29783),
(37611, 54, 6, 'Sepempang', 29783),
(37612, 54, 6, 'Sungai Ulu', 29783),
(37613, 55, 6, 'Ceruk', 29783),
(37614, 55, 6, 'Kelanga', 29783),
(37615, 55, 6, 'Limau Manis', 29783),
(37616, 55, 6, 'Pengadah', 29783),
(37617, 55, 6, 'Sebadai Ulu / Hulu', 29783),
(37618, 55, 6, 'Seleman', 29783),
(37619, 55, 6, 'Tanjung', 29783),
(37620, 56, 6, 'Belakang Gunung', 29783),
(37621, 56, 6, 'Gunung Durian', 29783),
(37622, 56, 6, 'Kelarik', 29783),
(37623, 56, 6, 'Kelarik Air Mali', 29783),
(37624, 56, 6, 'Kelarik Barat', 29783),
(37625, 56, 6, 'Kelarik Utara', 29783),
(37626, 56, 6, 'Seluan Barat', 29783),
(37627, 56, 6, 'Teluk Buton', 29783),
(37628, 57, 6, 'Air Kumpai', 29784),
(37629, 57, 6, 'Air Putih', 29784),
(37630, 57, 6, 'Batu Belanak', 29784),
(37631, 57, 6, 'Gunung Jambat', 29784),
(37632, 57, 6, 'Sabang Barat', 29784),
(37633, 57, 6, 'Sebelat', 29784),
(37634, 58, 6, 'Air Payang', 29783),
(37635, 58, 6, 'Kadur', 29783),
(37636, 58, 6, 'Tanjung Pala', 29783),
(37637, 59, 6, 'Pulau Tiga', 29783),
(37638, 59, 6, 'Sabang Mawang', 29783),
(37639, 59, 6, 'Sabang Mawang Barat', 29783),
(37640, 59, 6, 'Sededap', 29783),
(37641, 59, 6, 'Selading', 29783),
(37642, 59, 6, 'Serantas', 29783),
(37643, 59, 6, 'Setumuk', 29783),
(37644, 59, 6, 'Tanjung Batang', 29783),
(37645, 59, 6, 'Tanjung Kumbik Utara', 29783),
(37646, 59, 6, 'Teluk Labuh', 29783),
(37647, 60, 6, 'Batu Berian', 29781),
(37648, 60, 6, 'Jernalik', 29781),
(37649, 60, 6, 'Kampung Hilir', 29781),
(37650, 60, 6, 'Pangkalan', 29781),
(37651, 60, 6, 'Serasan', 29781),
(37652, 60, 6, 'Tanjung Balau', 29781),
(37653, 60, 6, 'Tanjung Setelung', 29781),
(37654, 61, 6, 'Air Nusa', 29781),
(37655, 61, 6, 'Air Ringau', 29781),
(37656, 61, 6, 'Arung Ayam', 29781),
(37657, 61, 6, 'Payak (Harapan Baru)', 29781),
(37658, 62, 6, 'Meliah', 29781),
(37659, 62, 6, 'Meliah Selatan', 29781),
(37660, 62, 6, 'Pulau Kerdau', 29781),
(37661, 62, 6, 'Pulau Panjang', 29781),
(37662, 62, 6, 'Subi', 29781),
(37663, 62, 6, 'Subi Besar', 29781),
(37664, 62, 6, 'Subi Besar Timur', 29781),
(37665, 62, 6, 'Terayak', 29781),
(37666, 63, 7, 'Dompak', 29124),
(37667, 63, 7, 'Sei. Jang', 29124),
(37668, 63, 7, 'Tanjung Ayun Sakti', 29124),
(37669, 63, 7, 'Tanjungpinang Timur', 29122),
(37670, 63, 7, 'Tanjung Unggat', 29122),
(37671, 64, 7, 'Bukit Cermin', 29111),
(37672, 64, 7, 'Kampung Baru', 29113),
(37673, 64, 7, 'Kemboja', 29112),
(37674, 64, 7, 'Tanjungpinang Barat', 29113),
(37675, 65, 7, 'Kampung Bugis', 29115),
(37676, 65, 7, 'Penyengat', 29114),
(37677, 65, 7, 'Senggarang', 29111),
(37678, 65, 7, 'Tanjungpinang Kota', 29111),
(37679, 66, 7, 'Air Raja', 29122),
(37680, 66, 7, 'Batu IX (Sembilan)', 29125),
(37681, 66, 7, 'Kampung Bulang', 29122),
(37682, 66, 7, 'Melayu Kota Piring', 29123),
(37683, 66, 7, 'Pinang Kencana', 29122);

-- --------------------------------------------------------

--
-- Struktur dari tabel `m_kotakab`
--

CREATE TABLE `m_kotakab` (
  `id_kotakab` tinyint(1) NOT NULL,
  `kotakab` char(50) NOT NULL
) ENGINE=InnoDB DEFAULT CHARSET=utf8;

--
-- Dumping data untuk tabel `m_kotakab`
--

INSERT INTO `m_kotakab` (`id_kotakab`, `kotakab`) VALUES
(1, 'Batam'),
(2, 'Bintan'),
(3, 'Karimun'),
(4, 'Kepulauan Anambas'),
(5, 'Lingga'),
(6, 'Natuna'),
(7, 'Tanjungpinang');

-- --------------------------------------------------------

--
-- Struktur dari tabel `m_login`
--

CREATE TABLE `m_login` (
  `id_login` int(11) NOT NULL,
  `key_login` varchar(30) NOT NULL,
  `id_peg` char(18) NOT NULL DEFAULT '0',
  `waktu_login` datetime NOT NULL DEFAULT '0000-00-00 00:00:00',
  `waktu_kadaluarsa` datetime NOT NULL DEFAULT '0000-00-00 00:00:00',
  `ip` varchar(100) NOT NULL,
  `pc_dan_browser` varchar(100) NOT NULL,
  `status` int(11) NOT NULL DEFAULT '0'
) ENGINE=InnoDB DEFAULT CHARSET=utf8;

-- --------------------------------------------------------

--
-- Struktur dari tabel `m_opd`
--

CREATE TABLE `m_opd` (
  `id_opd` int(9) NOT NULL,
  `nama_opd` varchar(85) NOT NULL,
  `akronim_opd` varchar(30) DEFAULT NULL,
  `kepala_opd` char(18) DEFAULT NULL,
  `telp` varchar(20) DEFAULT NULL,
  `fax` varchar(20) DEFAULT NULL,
  `alamat` text,
  `alamat_kel` int(5) DEFAULT NULL,
  `email` int(5) DEFAULT NULL,
  `link` int(5) DEFAULT NULL,
  `logo` varchar(255) DEFAULT NULL
) ENGINE=InnoDB DEFAULT CHARSET=utf8;

--
-- Dumping data untuk tabel `m_opd`
--

INSERT INTO `m_opd` (`id_opd`, `nama_opd`, `akronim_opd`, `kepala_opd`, `telp`, `fax`, `alamat`, `alamat_kel`, `email`, `link`, `logo`) VALUES
(100000000, 'Sekretariat Daerah Kota Tanjungpinang', 'SETDAKO', '196704161994011001', NULL, NULL, NULL, NULL, NULL, 1, NULL),
(101000000, 'Asisten Pemerintahan dan Kesejahteraan Rakyat, Sekretariat Daerah Kota Tanjungpinang', 'Asisten Pemerintahan', NULL, NULL, NULL, NULL, NULL, NULL, NULL, NULL),
(102000000, 'Asisten Administrasi Perekonomian dan Pembangunan, Sekretariat Daerah Kota Tanjungpin', 'Asisten Pembangunan', NULL, NULL, NULL, NULL, NULL, NULL, NULL, NULL),
(103000000, 'Asisten Administrasi Umum, Sekretariat Daerah Kota Tanjungpinang', 'Asisten Umum', NULL, NULL, NULL, NULL, NULL, NULL, NULL, NULL),
(104000000, 'Staf Ahli Bidang Ekonomi dan Pembangunan, Sekretariat Daerah Kota Tanjungpinang', 'Staf Ahli Pembangunan', NULL, NULL, NULL, NULL, NULL, NULL, NULL, NULL),
(105000000, 'Staf Ahli Bidang Keuangan dan Sumber Daya Manusia, Sekretariat Daerah Kota Tanjungpin', 'Staf Ahli Keuangan dan SDM', NULL, NULL, NULL, NULL, NULL, NULL, NULL, NULL),
(106000000, 'Staf Ahli Sekretariat Daerah Kota Tanjungpinang', 'Staf Ahli', NULL, NULL, NULL, NULL, NULL, NULL, NULL, NULL),
(110100000, 'Bagian Tata Pemerintahan Sekretariat Daerah Kota Tanjungpinang', 'BAG. TATA PEMERINTAHAN', NULL, NULL, NULL, NULL, NULL, NULL, NULL, NULL),
(110200000, 'Bagian Hukum Sekretariat Daerah Kota Tanjungpinang', 'BAG. HUM', '196304121989032009', NULL, NULL, NULL, NULL, NULL, NULL, NULL),
(110300000, 'Bagian Administrasi Kesejahteraan Rakyat Sekretariat Daerah Kota Tanjungpinang', 'BAG. KESRA', NULL, NULL, NULL, NULL, NULL, NULL, NULL, NULL),
(120100000, 'Bagian Perekonomian Sekretariat Daerah Kota Tanjungpinang', 'BAG. PEREKONOMIAN', NULL, NULL, NULL, NULL, NULL, NULL, NULL, NULL),
(120200000, 'Bagian Pembangunan dan Bina Program Sekretariat Daerah Kota Tanjungpinang', 'BAG. PEMBANGUNAN', NULL, NULL, NULL, NULL, NULL, NULL, NULL, NULL),
(130100000, 'Bagian Umum dan Perlengkapan Sekretariat Daerah Kota Tanjungpinang', 'BAG. UMUM', NULL, NULL, NULL, NULL, NULL, NULL, NULL, NULL),
(130200000, 'Bagian Organisasi dan Tatalaksana Sekretariat Daerah Kota Tanjungpinang', 'BAG. ORTAL', NULL, NULL, NULL, NULL, NULL, NULL, NULL, NULL),
(130300000, 'Bagian Humas dan Protokol Sekretariat Daerah Kota Tanjungpinang', 'BAG. HUMPRO', NULL, NULL, NULL, NULL, NULL, NULL, NULL, NULL),
(200000000, 'Sekretariat Dewan Perwakilan Rakyat Daerah Kota Tanjungpinang', 'DPRD', NULL, NULL, NULL, NULL, NULL, NULL, NULL, NULL),
(220100000, 'Bagian Administrasi Kesekretariatan Sekretariat Dewan Perwakilan Rakyat Daerah Kota T', 'BAG. SEKRE DPRD', NULL, NULL, NULL, NULL, NULL, NULL, NULL, NULL),
(220200000, 'Bagian Kajian dan Legislasi Sekretariat Dewan Perwakilan Rakyat Daerah Kota Tanjungpi', 'BAG. KAJIAN LEGISLASI DPRD', NULL, NULL, NULL, NULL, NULL, NULL, NULL, NULL),
(220300000, 'Bagian Keuangan dan Program Sekretariat Dewan Perwakilan Rakyat Daerah Kota Tanjungpi', 'BAG. KEUANGAN DPRD', NULL, NULL, NULL, NULL, NULL, NULL, NULL, NULL),
(300000000, 'Inspektorat Daerah Kota Kota Tanjungpinang', 'ITDAKO', NULL, NULL, NULL, NULL, NULL, NULL, 8, NULL),
(401000000, 'Badan Perencanaan Pembangunan, Penelitian dan Pengembangan Kota Tanjungpinang', 'BAPELITBANG', NULL, NULL, NULL, NULL, NULL, NULL, 44, 'bapelitbang'),
(402000000, 'Badan Kepegawaian dan Pengembangan Sumber Daya Manusia Kota Tanjungpinang', 'BKPSDM', '196211251987021004', NULL, NULL, NULL, NULL, NULL, 39, 'bkpsdm'),
(403000000, 'Badan Pengelolaan Pajak dan Retribusi Daerah Kota Tanjungpinang', 'BPPRD', NULL, NULL, NULL, NULL, NULL, 1, 49, NULL),
(404000000, 'Badan Pengelolaan Keuangan dan Aset Daerah Kota Tanjungpinang', 'BPKAD', NULL, NULL, NULL, NULL, NULL, NULL, NULL, NULL),
(405000000, 'Badan Kesatuan Bangsa, Politik dan Pemberdayaan Masyarakat Kota Tanjungpinang', 'KESBANGPOLPEMMAS', NULL, NULL, NULL, NULL, NULL, 2, 45, NULL),
(406000000, 'Badan Layanan Umum Daerah Rumah Sakit Umum Daerah Kota Tanjungpinang', 'BLUD RSUD', NULL, NULL, NULL, NULL, NULL, 11, 43, NULL),
(501000000, 'Dinas Kependudukan dan Pencatatan Sipil Kota Tanjungpinang', 'DISDUKCAPIL', NULL, NULL, NULL, NULL, NULL, NULL, NULL, NULL),
(502000000, 'Dinas Kesehatan, Pengendalian Penduduk dan Keluarga Berencana Kota Tanjungpinang', 'DKP2KB', NULL, NULL, NULL, NULL, NULL, NULL, 16, NULL),
(502060000, 'Pusat Kesehatan Masyarakat Tanjungpinang, Kota Tanjungpinang', 'Puskesmas Tanjungpinang', NULL, NULL, NULL, NULL, NULL, NULL, NULL, NULL),
(502070000, 'Pusat Kesehatan Masyarakat Sei Jang, Kota Tanjungpinang', 'Puskesmas Sei Jang', NULL, NULL, NULL, NULL, NULL, NULL, NULL, NULL),
(502080000, 'Pusat Kesehatan Masyarakat Batu X, Kota Tanjungpinang', 'Puskesmas Batu X', NULL, NULL, NULL, NULL, NULL, NULL, NULL, NULL),
(502090000, 'Pusat Kesehatan Masyarakat Kampung Bugis, Kota Tanjungpinang', 'Puskesmas Kampung Bugis', NULL, NULL, NULL, NULL, NULL, NULL, NULL, NULL),
(502100000, 'Pusat Kesehatan Masyarakat Kota Piring, Kota Tanjungpinang', 'Puskesmas Kota Piring', NULL, NULL, NULL, NULL, NULL, NULL, NULL, NULL),
(502110000, 'Pusat Kesehatan Masyarakat Mekar Baru, Kota Tanjungpinang', 'Puskesmas Mekar Baru', NULL, NULL, NULL, NULL, NULL, NULL, NULL, NULL),
(502110100, 'Unit Pelayanan Terpadu Daerah Instalasi Farmasi Kota Tanjungpinang', 'UPTD Instalasi Farmasi', NULL, NULL, NULL, NULL, NULL, NULL, NULL, NULL),
(502120000, 'Pusat Kesehatan Masyarakat Tanjung Unggat, Kota Tanjungpinang', 'Puskesmas Tanjung Unggat', NULL, NULL, NULL, NULL, NULL, NULL, NULL, NULL),
(503000000, 'Dinas Pendidikan Kota Tanjungpinang', 'DISDIK', NULL, NULL, NULL, NULL, NULL, NULL, 48, 'disdik'),
(503010100, 'Sanggar Kegiatan Belajar Kota Tanjungpinang', 'Kegiatan Belajar', NULL, NULL, NULL, NULL, NULL, NULL, NULL, NULL),
(503020100, 'SMP Negeri 1 Kota Tanjungpinang', 'SMPN 1', NULL, NULL, NULL, NULL, NULL, NULL, NULL, NULL),
(503020200, 'SMP Negeri 2 Kota Tanjungpinang', 'SMPN 2', NULL, NULL, NULL, NULL, NULL, NULL, NULL, NULL),
(503020300, 'SMP Negeri 3 Kota Tanjungpinang', 'SMPN 3', NULL, NULL, NULL, NULL, NULL, NULL, NULL, NULL),
(503020400, 'SMP Negeri 4 Kota Tanjungpinang', 'SMPN 4', NULL, NULL, NULL, NULL, NULL, NULL, NULL, NULL),
(503020500, 'SMP Negeri 5 Kota Tanjungpinang', 'SMPN 5', NULL, NULL, NULL, NULL, NULL, NULL, NULL, NULL),
(503020600, 'SMP Negeri 6 Kota Tanjungpinang', 'SMPN 6', NULL, NULL, NULL, NULL, NULL, NULL, NULL, NULL),
(503020700, 'SMP Negeri 7 Kota Tanjungpinang', 'SMPN 7', NULL, NULL, NULL, NULL, NULL, NULL, NULL, NULL),
(503020800, 'SMP Negeri 8 Kota Tanjungpinang', 'SMPN 8', NULL, NULL, NULL, NULL, NULL, NULL, NULL, NULL),
(503020900, 'SMP Negeri 9 Kota Tanjungpinang', 'SMPN 9', NULL, NULL, NULL, NULL, NULL, NULL, NULL, NULL),
(503021000, 'SMP Negeri 10 Kota Tanjungpinang', 'SMPN 10', NULL, NULL, NULL, NULL, NULL, NULL, NULL, NULL),
(503021100, 'SMP Negeri 11 Kota Tanjungpinang', 'SMPN 11', NULL, NULL, NULL, NULL, NULL, NULL, NULL, NULL),
(503021200, 'SMP Negeri 12 Kota Tanjungpinang', 'SMPN 12', NULL, NULL, NULL, NULL, NULL, NULL, NULL, NULL),
(503021300, 'SMP Negeri 13 Satu Atap Kota Tanjungpinang', 'SMPN 13 Satu Atap', NULL, NULL, NULL, NULL, NULL, NULL, NULL, NULL),
(503021400, 'SMP Negeri 14 Satu Atap Kota Tanjungpinang', 'SMPN 14 Satu Atap', NULL, NULL, NULL, NULL, NULL, NULL, NULL, NULL),
(503021500, 'SMP Negeri 15 Kota Tanjungpinang', 'SMPN 15', NULL, NULL, NULL, NULL, NULL, NULL, NULL, NULL),
(503021600, 'SMP Luar Biasa Kota Tanjungpinang', 'SMPLB', NULL, NULL, NULL, NULL, NULL, NULL, NULL, NULL),
(503021700, 'SMP Hangtuah Kota Tanjungpinang', 'SMP Hangtuah', NULL, NULL, NULL, NULL, NULL, NULL, NULL, NULL),
(503021800, 'SMP Muhammadiyah Kota Tanjungpinang', 'SMP Muhammadiyah', NULL, NULL, NULL, NULL, NULL, NULL, NULL, NULL),
(503021801, 'MTs Negeri Kota Tanjungpinang', 'MTs Negeri', NULL, NULL, NULL, NULL, NULL, NULL, NULL, NULL),
(503030101, 'SD Negeri 002, Tanjungpinang Kota Kota Tanjungpinang', 'SDN 002, TPI Kota', NULL, NULL, NULL, NULL, NULL, NULL, NULL, NULL),
(503030102, 'SD Negeri 003, Tanjungpinang Kota Kota Tanjungpinang', 'SDN 003, TPI Kota', NULL, NULL, NULL, NULL, NULL, NULL, NULL, NULL),
(503030103, 'SD Negeri 004, Tanjungpinang Kota Kota Tanjungpinang', 'SDN 004, TPI Kota', NULL, NULL, NULL, NULL, NULL, NULL, NULL, NULL),
(503030104, 'SD Negeri 005, Tanjungpinang Kota Kota Tanjungpinang', 'SDN 005, TPI Kota', NULL, NULL, NULL, NULL, NULL, NULL, NULL, NULL),
(503030105, 'SD Negeri 006, Tanjungpinang Kota Kota Tanjungpinang', 'SDN 006, TPI Kota', NULL, NULL, NULL, NULL, NULL, NULL, NULL, NULL),
(503030106, 'SD Negeri 007, Tanjungpinang Kota Kota Tanjungpinang', 'SDN 007, TPI Kota', NULL, NULL, NULL, NULL, NULL, NULL, NULL, NULL),
(503030107, 'SD Negeri 008, Tanjungpinang Kota Kota Tanjungpinang', 'SDN 008, TPI Kota', NULL, NULL, NULL, NULL, NULL, NULL, NULL, NULL),
(503030108, 'SD Negeri 009, Tanjungpinang Kota Kota Tanjungpinang', 'SDN 009, TPI Kota', NULL, NULL, NULL, NULL, NULL, NULL, NULL, NULL),
(503030109, 'SD Negeri 010, Tanjungpinang Kota Kota Tanjungpinang', 'SDN 010, TPI Kota', NULL, NULL, NULL, NULL, NULL, NULL, NULL, NULL),
(503030110, 'SD Negeri 012, Tanjungpinang Kota Kota Tanjungpinang', 'SDN 012, TPI Kota', NULL, NULL, NULL, NULL, NULL, NULL, NULL, NULL),
(503030201, 'SD Negeri 001, Tanjungpinang Timur Kota Tanjungpinang', 'SDN 001, TPI Timur', NULL, NULL, NULL, NULL, NULL, NULL, NULL, NULL),
(503030202, 'SD Negeri 002, Tanjungpinang Timur Kota Tanjungpinang', 'SDN 002, TPI Timur', NULL, NULL, NULL, NULL, NULL, NULL, NULL, NULL),
(503030203, 'SD Negeri 003, Tanjungpinang Timur Kota Tanjungpinang', 'SDN 003, TPI Timur', NULL, NULL, NULL, NULL, NULL, NULL, NULL, NULL),
(503030204, 'SD Negeri 004, Tanjungpinang Timur Kota Tanjungpinang', 'SDN 004, TPI Timur', NULL, NULL, NULL, NULL, NULL, NULL, NULL, NULL),
(503030205, 'SD Negeri 005, Tanjungpinang Timur Kota Tanjungpinang', 'SDN 005, TPI Timur', NULL, NULL, NULL, NULL, NULL, NULL, NULL, NULL),
(503030206, 'SD Negeri 006, Tanjungpinang Timur Kota Tanjungpinang', 'SDN 006, TPI Timur', NULL, NULL, NULL, NULL, NULL, NULL, NULL, NULL),
(503030207, 'SD Negeri 007 SDLB, Tanjungpinang Timur Kota Tanjungpinang', 'SDN 007 SDLB, TPI Timur', NULL, NULL, NULL, NULL, NULL, NULL, NULL, NULL),
(503030208, 'SD Negeri 008, Tanjungpinang Timur Kota Tanjungpinang', 'SDN 008, TPI Timur', NULL, NULL, NULL, NULL, NULL, NULL, NULL, NULL),
(503030209, 'SD Negeri 009, Tanjungpinang Timur Kota Tanjungpinang', 'SDN 009, TPI Timur', NULL, NULL, NULL, NULL, NULL, NULL, NULL, NULL),
(503030210, 'SD Negeri 010, Tanjungpinang Timur Kota Tanjungpinang', 'SDN 010, TPI Timur', NULL, NULL, NULL, NULL, NULL, NULL, NULL, NULL),
(503030211, 'SD Negeri 011, Tanjungpinang Timur Kota Tanjungpinang', 'SDN 011, TPI Timur', NULL, NULL, NULL, NULL, NULL, NULL, NULL, NULL),
(503030212, 'SD Negeri 012, Tanjungpinang Timur Kota Tanjungpinang', 'SDN 012, TPI Timur', NULL, NULL, NULL, NULL, NULL, NULL, NULL, NULL),
(503030213, 'SD Negeri 013, Tanjungpinang Timur Kota Tanjungpinang', 'SDN 013, TPI Timur', NULL, NULL, NULL, NULL, NULL, NULL, NULL, NULL),
(503030214, 'SD Negeri 014, Tanjungpinang Timur Kota Tanjungpinang', 'SDN 014, TPI Timur', NULL, NULL, NULL, NULL, NULL, NULL, NULL, NULL),
(503030215, 'SD Negeri 015, Tanjungpinang Timur Kota Tanjungpinang', 'SDN 015, TPI Timur', NULL, NULL, NULL, NULL, NULL, NULL, NULL, NULL),
(503030301, 'SD Negeri 001, Bukit Bestari Kota Tanjungpinang', 'SDN 001, Bukit Bestari', NULL, NULL, NULL, NULL, NULL, NULL, NULL, NULL),
(503030302, 'SD Negeri 002, Bukit Bestari Kota Tanjungpinang', 'SDN 002, Bukit Bestari', NULL, NULL, NULL, NULL, NULL, NULL, NULL, NULL),
(503030303, 'SD Negeri 003, Bukit Bestari Kota Tanjungpinang', 'SDN 003, Bukit Bestari', NULL, NULL, NULL, NULL, NULL, NULL, NULL, NULL),
(503030304, 'SD Negeri 004, Bukit Bestari Kota Tanjungpinang', 'SDN 004, Bukit Bestari', NULL, NULL, NULL, NULL, NULL, NULL, NULL, NULL),
(503030305, 'SD Negeri 005, Bukit Bestari Kota Tanjungpinang', 'SDN 005, Bukit Bestari', NULL, NULL, NULL, NULL, NULL, NULL, NULL, NULL),
(503030306, 'SD Negeri 006, Bukit Bestari Kota Tanjungpinang', 'SDN 006, Bukit Bestari', NULL, NULL, NULL, NULL, NULL, NULL, NULL, NULL),
(503030307, 'SD Negeri 007, Bukit Bestari Kota Tanjungpinang', 'SDN 007, Bukit Bestari', NULL, NULL, NULL, NULL, NULL, NULL, NULL, NULL),
(503030308, 'SD Negeri 008, Bukit Bestari Kota Tanjungpinang', 'SDN 008, Bukit Bestari', NULL, NULL, NULL, NULL, NULL, NULL, NULL, NULL),
(503030309, 'SD Negeri 009, Bukit Bestari Kota Tanjungpinang', 'SDN 009, Bukit Bestari', NULL, NULL, NULL, NULL, NULL, NULL, NULL, NULL),
(503030310, 'SD Negeri 010, Bukit Bestari Kota Tanjungpinang', 'SDN 010, Bukit Bestari', NULL, NULL, NULL, NULL, NULL, NULL, NULL, NULL),
(503030311, 'SD Negeri 011, Bukit Bestari Kota Tanjungpinang', 'SDN 011, Bukit Bestari', NULL, NULL, NULL, NULL, NULL, NULL, NULL, NULL),
(503030312, 'SD Negeri 012, Bukit Bestari Kota Tanjungpinang', 'SDN 012, Bukit Bestari', NULL, NULL, NULL, NULL, NULL, NULL, NULL, NULL),
(503030313, 'SD Negeri 013 Satu Atap, Bukit Bestari Kota Tanjungpinang', 'SDN 013 Satu Atap, Bukit Besta', NULL, NULL, NULL, NULL, NULL, NULL, NULL, NULL),
(503030314, 'SD Negeri 014, Bukit Bestari Kota Tanjungpinang', 'SDN 014, Bukit Bestari', NULL, NULL, NULL, NULL, NULL, NULL, NULL, NULL),
(503030315, 'SD Negeri 015, Bukit Bestari Kota Tanjungpinang', 'SDN 015, Bukit Bestari', NULL, NULL, NULL, NULL, NULL, NULL, NULL, NULL),
(503030316, 'SD Negeri 016, Bukit Bestari Kota Tanjungpinang', 'SDN 016, Bukit Bestari', NULL, NULL, NULL, NULL, NULL, NULL, NULL, NULL),
(503030317, 'SD Negeri 017, Bukit Bestari Kota Tanjungpinang', 'SDN 017, Bukit Bestari', NULL, NULL, NULL, NULL, NULL, NULL, NULL, NULL),
(503030401, 'SD Negeri 001, Tanjungpinang Barat Kota Tanjungpinang', 'SDN 001, TPI Barat', NULL, NULL, NULL, NULL, NULL, NULL, NULL, NULL),
(503030402, 'SD Negeri 002, Tanjungpinang Barat Kota Tanjungpinang', 'SDN 002, TPI Barat', NULL, NULL, NULL, NULL, NULL, NULL, NULL, NULL),
(503030403, 'SD Negeri 003, Tanjungpinang Barat Kota Tanjungpinang', 'SDN 003, TPI Barat', NULL, NULL, NULL, NULL, NULL, NULL, NULL, NULL),
(503030404, 'SD Negeri 004, Tanjungpinang Barat Kota Tanjungpinang', 'SDN 004, TPI Barat', NULL, NULL, NULL, NULL, NULL, NULL, NULL, NULL),
(503030405, 'SD Negeri 005, Tanjungpinang Barat Kota Tanjungpinang', 'SDN 005, TPI Barat', NULL, NULL, NULL, NULL, NULL, NULL, NULL, NULL),
(503030406, 'SD Negeri 006, Tanjungpinang Barat Kota Tanjungpinang', 'SDN 006, TPI Barat', NULL, NULL, NULL, NULL, NULL, NULL, NULL, NULL),
(503030407, 'SD Negeri 007, Tanjungpinang Barat Kota Tanjungpinang', 'SDN 007, TPI Barat', NULL, NULL, NULL, NULL, NULL, NULL, NULL, NULL),
(503030408, 'SD Negeri 008, Tanjungpinang Barat Kota Tanjungpinang', 'SDN 008, TPI Barat', NULL, NULL, NULL, NULL, NULL, NULL, NULL, NULL),
(503030409, 'SD Negeri 009, Tanjungpinang Barat Kota Tanjungpinang', 'SDN 009, TPI Barat', NULL, NULL, NULL, NULL, NULL, NULL, NULL, NULL),
(503030410, 'SD Negeri 010, Tanjungpinang Barat Kota Tanjungpinang', 'SDN 010, TPI Barat', NULL, NULL, NULL, NULL, NULL, NULL, NULL, NULL),
(503030411, 'SD Negeri 011, Tanjungpinang Barat Kota Tanjungpinang', 'SDN 011, TPI Barat', NULL, NULL, NULL, NULL, NULL, NULL, NULL, NULL),
(503030412, 'SD Negeri 012, Tanjungpinang Barat Kota Tanjungpinang', 'SDN 012, TPI Barat', NULL, NULL, NULL, NULL, NULL, NULL, NULL, NULL),
(503030413, 'SD Negeri 013, Tanjungpinang Barat Kota Tanjungpinang', 'SDN 013, TPI Barat', NULL, NULL, NULL, NULL, NULL, NULL, NULL, NULL),
(503030414, 'SD Negeri 014, Tanjungpinang Barat Kota Tanjungpinang', 'SDN 014, TPI Barat', NULL, NULL, NULL, NULL, NULL, NULL, NULL, NULL),
(503030501, 'SD Bintan Kota Tanjungpinang', 'SD Bintan', NULL, NULL, NULL, NULL, NULL, NULL, NULL, NULL),
(503030502, 'SD Hangtuah Kota Tanjungpinang', 'SD Hangtuah', NULL, NULL, NULL, NULL, NULL, NULL, NULL, NULL),
(503030503, 'Madrasah Ibtidaiah An-Nur Kota Tanjungpinang', 'MI An-Nur', NULL, NULL, NULL, NULL, NULL, NULL, NULL, NULL),
(503030504, 'Madrasah Ibtidaiah Negeri Kota Tanjungpinang', 'MIN', NULL, NULL, NULL, NULL, NULL, NULL, NULL, NULL),
(503030505, 'Madrasah Ibtidaiah Swasta Kota Tanjungpinang', 'MIS', NULL, NULL, NULL, NULL, NULL, NULL, NULL, NULL),
(503030506, 'Madrasah Ibtidaiah Swasta Raudhatul Mushalin Kota Tanjungpinang', 'MIS RM', NULL, NULL, NULL, NULL, NULL, NULL, NULL, NULL),
(503040101, 'TK Pembina I Kota Tanjungpinang', 'TK Pembina I', NULL, NULL, NULL, NULL, NULL, NULL, NULL, NULL),
(503040102, 'TK Pembina II Kota Tanjungpinang', 'TK Pembina II', NULL, NULL, NULL, NULL, NULL, NULL, NULL, NULL),
(503040103, 'TK - SD Satu Atap Bunga Raya Kota Tanjungpinang', 'TK - SD SATAP Bunga Raya', NULL, NULL, NULL, NULL, NULL, NULL, NULL, NULL),
(503040104, 'TK Al Falah Kota Tanjungpinang', 'TK Al Falah', NULL, NULL, NULL, NULL, NULL, NULL, NULL, NULL),
(503040105, 'TK Angkasa II Kota Tanjungpinang', 'TK Angkasa II', NULL, NULL, NULL, NULL, NULL, NULL, NULL, NULL),
(503040106, 'TK Ar-Rahman Kota Tanjungpinang', 'TK Ar-Rahman', NULL, NULL, NULL, NULL, NULL, NULL, NULL, NULL),
(503040107, 'TK Barunawati Kota Tanjungpinang', 'TK Barunawati', NULL, NULL, NULL, NULL, NULL, NULL, NULL, NULL),
(503040108, 'TK Eka Dyaksa Kota Tanjungpinang', 'TK Eka Dyaksa', NULL, NULL, NULL, NULL, NULL, NULL, NULL, NULL),
(503040109, 'TK Kemala Bhayangkari Kota Tanjungpinang', 'TK Kemala Bhayangkari', NULL, NULL, NULL, NULL, NULL, NULL, NULL, NULL),
(503040110, 'TK Mawar Kota Tanjungpinang', 'TK Mawar', NULL, NULL, NULL, NULL, NULL, NULL, NULL, NULL),
(503040111, 'TK Miftahul Falah Kota Tanjungpinang', 'TK Miftahul Falah', NULL, NULL, NULL, NULL, NULL, NULL, NULL, NULL),
(503040112, 'TK Pertiwi Kota Tanjungpinang', 'TK Pertiwi', NULL, NULL, NULL, NULL, NULL, NULL, NULL, NULL),
(503040113, 'TK Putra Bangsa Kota Tanjungpinang', 'TK Putra Bangsa', NULL, NULL, NULL, NULL, NULL, NULL, NULL, NULL),
(503040114, 'TK Sandhi Putra Kota Tanjungpinang', 'TK Sandhi Putra', NULL, NULL, NULL, NULL, NULL, NULL, NULL, NULL),
(503040115, 'TK Sinar Bahagia Kota Tanjungpinang', 'TK Sinar Bahagia', NULL, NULL, NULL, NULL, NULL, NULL, NULL, NULL),
(503040116, 'TK Tunas Harapan Kota Tanjungpinang', 'TK Tunas Harapan', NULL, NULL, NULL, NULL, NULL, NULL, NULL, NULL),
(504000000, 'Dinas Kebudayaan dan Pariwisata Kota Tanjungpinang', 'DISBUDPAR', NULL, NULL, NULL, NULL, NULL, NULL, 18, NULL),
(504010100, 'Unit Layanan Pengadaan Kota Tanjungpinang', 'ULP', NULL, NULL, NULL, NULL, NULL, NULL, 2, NULL),
(505000000, 'Dinas Perhubungan Kota Tanjungpinang', 'DISHUB', NULL, NULL, NULL, NULL, NULL, NULL, 19, 'dishub'),
(506000000, 'Dinas Sosial Kota Tanjungpinang', 'DINSOS', NULL, NULL, NULL, NULL, NULL, NULL, NULL, NULL),
(507000000, 'Dinas Pemberdayaan Perempuan, Perlindungan Anak dan Pemberdayaan Masyarakat Kota Tanj', 'DP3APM', NULL, NULL, NULL, NULL, NULL, NULL, 20, NULL),
(508000000, 'Dinas Pertanian, Pangan dan Perikanan Kota Tanjungpinang', 'DPPP', NULL, NULL, NULL, NULL, NULL, 5, 38, NULL),
(509000000, 'Dinas Kepemudaan dan Olah Raga Kota Tanjungpinang', 'DISPORA', NULL, NULL, NULL, NULL, NULL, NULL, 21, NULL),
(510000000, 'Dinas Penanaman Modal dan Pelayanan Terpadu Satu Pintu Kota Tanjungpinang', 'DPMPTSP', NULL, NULL, NULL, NULL, NULL, NULL, 41, NULL),
(511000000, 'Dinas Tenaga Kerja, Koperasi dan Usaha Mikro Kota Tanjungpinang', 'DTKKUM', NULL, NULL, NULL, NULL, NULL, NULL, 36, NULL),
(512000000, 'Dinas Perdagangan dan Perindustrian Kota Tanjungpinang', 'DISPERDAGIN', NULL, NULL, NULL, NULL, NULL, 6, 47, NULL),
(512010100, 'Unit Pelayanan Terpadu Daerah Metrologi Legal Kota Tanjungpinang', 'UPTD Metrologi Legal', NULL, NULL, NULL, NULL, NULL, NULL, NULL, NULL),
(513000000, 'Dinas Lingkungan Hidup Kota Tanjungpinang', 'DLH', NULL, NULL, NULL, NULL, NULL, NULL, NULL, NULL),
(514000000, 'Dinas Perumahan Rakyat, Kawasan Permukiman, Kebersihan dan Pertamanan Kota Tanjungpin', 'PERKIM', NULL, NULL, NULL, NULL, NULL, 12, 50, NULL),
(515000000, 'Dinas Pekerjaan Umum dan Penataan Ruang Kota Tanjungpinang', 'PUPR', NULL, '(+62 771) 733 5838', NULL, 'Jl. Peralatan No.1 KM 7', NULL, NULL, NULL, NULL),
(516000000, 'Dinas Komunikasi dan Informatika Kota Tanjungpinang', 'DISKOMINFO', '195811111987021002', '(+62 771) 808 1394', '(+62 771) 808 1394', 'Jl. Gatot Subroto, Km. 5 Bawah', 37681, 7, 13, NULL),
(517000000, 'Dinas Perpustakaan dan Arsip Kota Tanjungpinang', 'DPA', '196801291988101001', NULL, NULL, NULL, NULL, NULL, 15, 'dpa'),
(601000000, 'Badan Penanggulangan Bencana Daerah Kota Tanjungpinang', 'BPBD', NULL, NULL, NULL, NULL, NULL, NULL, 22, NULL),
(602000000, 'Satuan Polisi Pamong Praja dan Penanggulangan Kebakaran Kota Tanjungpinang', 'SATPOL-PP-PM', '196604041986021012', NULL, NULL, NULL, NULL, 4, 23, 'satpolpp'),
(603000000, 'Sekretariat Dewan Pengurus Korps Pegawai Republik Indonesia Kota Tanjungpinang', 'KORPRI', NULL, NULL, NULL, NULL, NULL, NULL, 40, NULL),
(604000000, 'Sekretariat Komisi Pemilihan Umum Kota Tanjungpinang', 'KPU', NULL, NULL, NULL, NULL, NULL, NULL, NULL, NULL),
(605000000, 'Badan Narkotika Nasional Kota Tanjungpinang', 'BNN', NULL, NULL, NULL, NULL, NULL, NULL, NULL, NULL),
(701000000, 'Kecamatan Tanjungpinang Kota Kota Tanjungpinang', 'KEC TANJUNGPINANG KOTA', NULL, NULL, NULL, NULL, NULL, NULL, NULL, NULL),
(701010000, 'Kelurahan Kampung Bugis, Kecamatan Tanjungpinang Kota', 'KEL KAMPUNG BUGIS', NULL, NULL, NULL, NULL, NULL, NULL, NULL, NULL),
(701020000, 'Kelurahan Senggarang, Kecamatan Tanjungpinang Kota', 'KEL SENGGARANG', NULL, NULL, NULL, NULL, NULL, NULL, NULL, NULL),
(701030000, 'Kelurahan Tanjungpinang Kota, Kecamatan Tanjungpinang Kota', 'KEL TANJUNGPINANG KOTA', NULL, NULL, NULL, NULL, NULL, NULL, NULL, NULL),
(701040000, 'Kelurahan Penyengat, Kecamatan Tanjungpinang Kota', 'KEL PENYENGAT', NULL, NULL, NULL, NULL, NULL, NULL, NULL, NULL),
(702000000, 'Kecamatan Tanjungpinang Timur Kota Tanjungpinang', 'KEC TANJUNGPINANG TIMUR', NULL, NULL, NULL, NULL, NULL, 3, 42, NULL),
(702050000, 'Kelurahan Melayu Kota Piring, Kecamatan Tanjungpinang Timur', 'KEL MELAYU KOTA PIRING', NULL, NULL, NULL, NULL, NULL, NULL, NULL, NULL),
(702060000, 'Kelurahan Air Raja, Kecamatan Tanjungpinang Timur', 'KEL AIR RAJA', NULL, NULL, NULL, NULL, NULL, NULL, NULL, NULL),
(702070000, 'Kelurahan Kampung Bulang, Kecamatan Tanjungpinang Timur', 'KEL KAMPUNG BULANG', NULL, NULL, NULL, NULL, NULL, NULL, 24, NULL),
(702080000, 'Kelurahan Batu IX, Kecamatan Tanjungpinang Timur', 'KEL BATU IX', NULL, NULL, NULL, NULL, NULL, NULL, NULL, NULL),
(702090000, 'Kelurahan Pinang Kencana, Kecamatan Tanjungpinang Timur', 'KEL PINANG KENCANA', NULL, NULL, NULL, NULL, NULL, NULL, NULL, NULL),
(703000000, 'Kecamatan Bukit Bestari Kota Tanjungpinang', 'KEC BUKIT BESTARI', NULL, NULL, NULL, NULL, NULL, NULL, NULL, NULL),
(703100000, 'Kelurahan Tanjungpinang Timur, Kecamatan Bukit Bestari', 'KEL TANJUNGPINANG TIMUR', NULL, NULL, NULL, NULL, NULL, NULL, NULL, NULL),
(703110000, 'Kelurahan Tanjung Ungat, Kecamatan Bukit Bestari', 'KEL TANJUNG UNGAT', NULL, NULL, NULL, NULL, NULL, NULL, NULL, NULL),
(703120000, 'Kelurahan Tanjung Ayun Sakti, Kecamatan Bukit Bestari', 'KEL TANJUNG AYUN SAKTI', NULL, NULL, NULL, NULL, NULL, NULL, 37, NULL),
(703130000, 'Kelurahan Sei. Jang, Kecamatan Bukit Bestari', 'KEL SEI. JANG', NULL, NULL, NULL, NULL, NULL, NULL, NULL, NULL),
(703140000, 'Kelurahan Dompak, Kecamatan Bukit Bestari', 'KEL DOMPAK', NULL, NULL, NULL, NULL, NULL, NULL, NULL, NULL),
(704000000, 'Kecamatan Tanjungpinang Barat Kota Tanjungpinang', 'KEC TANJUNGPINANG BARAT', NULL, NULL, NULL, NULL, NULL, NULL, 46, NULL),
(704150000, 'Kelurahan Tanjungpinang Barat, Kecamatan Tanjungpinang Barat', 'KEL TANJUNGPINANG BARAT', NULL, NULL, NULL, NULL, NULL, NULL, NULL, NULL),
(704160000, 'Kelurahan Bukit Cermin, Kecamatan Tanjungpinang Barat', 'KEL BUKIT CERMIN', NULL, NULL, NULL, NULL, NULL, NULL, NULL, NULL),
(704170000, 'Kelurahan Kampung Baru, Kecamatan Tanjungpinang Barat', 'KEL KAMPUNG BARU', NULL, NULL, NULL, NULL, NULL, NULL, NULL, NULL),
(704180000, 'Kelurahan Kemboja, Kecamatan Tanjungpinang Barat', 'KEL KEMBOJA', NULL, NULL, NULL, NULL, NULL, NULL, NULL, NULL);

-- --------------------------------------------------------

--
-- Struktur dari tabel `m_peg`
--

CREATE TABLE `m_peg` (
  `id_peg` char(18) NOT NULL,
  `nama` varchar(75) NOT NULL,
  `gelar_depan` varchar(10) DEFAULT NULL,
  `gelar_belakang` varchar(10) DEFAULT NULL,
  `id_opd` int(9) DEFAULT NULL,
  `waktu_add` datetime NOT NULL DEFAULT '0000-00-00 00:00:00',
  `waktu_modifi` timestamp NOT NULL DEFAULT CURRENT_TIMESTAMP ON UPDATE CURRENT_TIMESTAMP,
  `nip` varchar(18) DEFAULT NULL,
  `nik` varchar(16) DEFAULT NULL,
  `jk` enum('L','P') DEFAULT NULL,
  `kawin` enum('Y','N') NOT NULL,
  `status_peg` tinyint(1) NOT NULL DEFAULT '1',
  `gol_ruang` char(2) NOT NULL,
  `eselon` tinyint(1) NOT NULL DEFAULT '9',
  `jabatan` tinyint(2) NOT NULL,
  `ket_jabatan` varchar(255) DEFAULT NULL,
  `agama` tinyint(1) DEFAULT NULL,
  `tampil_alamat` tinyint(4) NOT NULL DEFAULT '0',
  `alamat` text,
  `alamat_rt` tinyint(3) DEFAULT NULL,
  `alamat_rw` tinyint(3) DEFAULT NULL,
  `alamat_kel` int(5) DEFAULT NULL,
  `alamat_kec` tinyint(2) DEFAULT NULL,
  `alamat_kota` tinyint(1) DEFAULT NULL,
  `alamat_prov` tinyint(1) DEFAULT NULL,
  `gol_darah` varchar(2) DEFAULT NULL,
  `pend_terakhir` tinyint(2) DEFAULT NULL,
  `pend_umum` smallint(2) DEFAULT NULL,
  `tgl_lulus` year(4) DEFAULT NULL,
  `tmp_lahir` varchar(50) NOT NULL,
  `tgl_lahir` date DEFAULT NULL,
  `tmt_cpns` date DEFAULT NULL,
  `tmt_pns` date DEFAULT NULL,
  `tampil_email1` tinyint(4) NOT NULL DEFAULT '0',
  `email` varchar(100) DEFAULT NULL,
  `tampil_email2` tinyint(4) NOT NULL DEFAULT '0',
  `email2` varchar(100) DEFAULT NULL,
  `tampil_ponsel1` tinyint(4) NOT NULL DEFAULT '0',
  `ponsel1` varchar(14) DEFAULT NULL,
  `tampil_ponsel2` tinyint(4) NOT NULL DEFAULT '0',
  `ponsel2` varchar(14) DEFAULT NULL,
  `twitter` varchar(100) DEFAULT NULL,
  `facebook` varchar(100) DEFAULT NULL,
  `telegram` varchar(100) DEFAULT NULL,
  `tentang_peg` text,
  `foto_peg` varchar(100) DEFAULT NULL
) ENGINE=InnoDB DEFAULT CHARSET=utf8;

--
-- Dumping data untuk tabel `m_peg`
--

INSERT INTO `m_peg` (`id_peg`, `nama`, `gelar_depan`, `gelar_belakang`, `id_opd`, `waktu_add`, `waktu_modifi`, `nip`, `nik`, `jk`, `kawin`, `status_peg`, `gol_ruang`, `eselon`, `jabatan`, `ket_jabatan`, `agama`, `tampil_alamat`, `alamat`, `alamat_rt`, `alamat_rw`, `alamat_kel`, `alamat_kec`, `alamat_kota`, `alamat_prov`, `gol_darah`, `pend_terakhir`, `pend_umum`, `tgl_lulus`, `tmp_lahir`, `tgl_lahir`, `tmt_cpns`, `tmt_pns`, `tampil_email1`, `email`, `tampil_email2`, `email2`, `tampil_ponsel1`, `ponsel1`, `tampil_ponsel2`, `ponsel2`, `twitter`, `facebook`, `telegram`, `tentang_peg`, `foto_peg`) VALUES
('195706061988032004', 'SUNARSIH', 'Hj.', NULL, 503040108, '2017-08-17 17:17:17', '2017-09-03 22:11:34', '195706061988032004', NULL, 'P', 'N', 1, '4a', 9, 29, 'GURU MADYA PADA TK EKA DYAKSA KOTA TANJUNGPINANG', 1, 0, NULL, NULL, NULL, NULL, NULL, NULL, 0, NULL, 3, 310, NULL, 'Medan', '1957-06-06', '1988-03-01', '1989-11-01', 0, NULL, 0, NULL, 0, NULL, 0, NULL, NULL, NULL, NULL, NULL, NULL),
('195706241979031005', 'KHAIRUL', NULL, NULL, 503020400, '2017-08-17 17:17:17', '2017-09-03 22:11:34', '195706241979031005', NULL, 'L', 'N', 1, '4a', 9, 29, 'GURU MADYA PADA SMPN 4 TANJUNGPINANG', 1, 0, NULL, NULL, NULL, NULL, NULL, NULL, 0, NULL, 6, 111, NULL, 'Sedanau', '1957-06-24', '1979-03-01', '1980-05-01', 0, NULL, 0, NULL, 0, NULL, 0, NULL, NULL, NULL, NULL, NULL, NULL),
('195707051977012010', 'DARNIWATI', NULL, NULL, 503030410, '2017-08-17 17:17:17', '2017-09-03 22:11:34', '195707051977012010', NULL, 'P', 'N', 1, '4a', 9, 29, 'GURU MADYA SD NEGERI 010 KECAMATAN TANJUNGPINANG BARAT KOTA TANJUNGPINANG', 1, 0, NULL, NULL, NULL, NULL, NULL, NULL, 0, NULL, 5, 234, NULL, 'Dabo Singkep', '1957-07-05', '1977-05-05', '1978-06-01', 0, NULL, 0, NULL, 0, NULL, 0, NULL, NULL, NULL, NULL, NULL, NULL),
('195707141978021007', 'YAKMURI. M', NULL, 'A.Ma.Pd', 503030203, '2017-08-17 17:17:17', '2017-09-03 22:11:34', '195707141978021007', NULL, 'L', 'N', 1, '4a', 9, 29, 'GURU MADYA PADA SDN 016 TANJUNGPINANG TIMUR KOTA TANJUNGPINANG', 1, 0, NULL, NULL, NULL, NULL, NULL, NULL, 0, NULL, 5, 234, NULL, 'Tambelan', '1957-07-14', '1978-02-01', '1979-04-01', 0, NULL, 0, NULL, 0, NULL, 0, NULL, NULL, NULL, NULL, NULL, NULL),
('195708101981032009', 'NELLY HARTI', NULL, NULL, 503030414, '2017-08-17 17:17:17', '2017-09-03 22:11:34', '195708101981032009', NULL, 'P', 'N', 1, '4a', 9, 30, 'GURU MUDA PADA SDN 014 TANJUNGPINANG BARAT KOTA TANJUNGPINANG', 1, 0, NULL, NULL, NULL, NULL, NULL, NULL, 0, NULL, 5, 234, NULL, 'Bukittinggi ', '1957-08-10', '1981-03-01', '1982-06-01', 0, NULL, 0, NULL, 0, NULL, 0, NULL, NULL, NULL, NULL, NULL, NULL),
('195708171977012009', 'DAHNIAR', NULL, 'S.Pd.SD', 503030303, '2017-08-17 17:17:17', '2017-09-03 22:11:34', '195708171977012009', NULL, 'P', 'N', 1, '4a', 9, 29, 'GURU MADYA PADA SDN 003 BUKIT BESTARI KOTA TANJUNGPINANG', 1, 0, NULL, NULL, NULL, NULL, NULL, NULL, 0, NULL, 10, 234, NULL, 'Ranai', '1957-08-17', '1977-01-01', '1978-05-01', 0, NULL, 0, NULL, 0, NULL, 0, NULL, NULL, NULL, NULL, NULL, NULL),
('195709101985042001', 'LIHARNI', NULL, NULL, 503030412, '2017-08-17 17:17:17', '2017-09-03 22:11:34', '195709101985042001', NULL, 'P', 'N', 1, '4a', 9, 29, 'GURU MADYA PADA SDN 012 TANJUNGPINANG BARAT KOTA TANJUNGPINANG', 1, 0, NULL, NULL, NULL, NULL, NULL, NULL, 0, NULL, 5, 234, NULL, 'Bukit Tinggi', '1957-09-10', '1985-04-01', '1986-07-01', 0, NULL, 0, NULL, 0, NULL, 0, NULL, NULL, NULL, NULL, NULL, NULL),
('195709171979032005', 'SUMIHAR', NULL, NULL, 503020600, '2017-08-17 17:17:17', '2017-09-03 22:11:34', '195709171979032005', NULL, 'P', 'N', 1, '4a', 9, 29, 'GURU MADYA PADA SMPN 6 TANJUNGPINANG', 1, 0, NULL, NULL, NULL, NULL, NULL, NULL, 0, NULL, 3, 282, NULL, 'Pekanbaru', '1957-09-17', '1979-03-01', '1980-05-01', 0, NULL, 0, NULL, 0, NULL, 0, NULL, NULL, NULL, NULL, NULL, NULL),
('195710081983102001', 'HERZANAWATI', NULL, 'A.Ma.Pd', 503030101, '2017-08-17 17:17:17', '2017-09-03 22:11:34', '195710081983102001', NULL, 'P', 'N', 1, '3d', 9, 30, 'GURU MUDA PADA SDN 002 TANJUNGPINANG KOTA - KOTA TANJUNGPINANG', 1, 0, NULL, NULL, NULL, NULL, NULL, NULL, 0, NULL, 5, 234, NULL, 'Tanjungpinang', '1957-10-08', '1983-10-01', '1985-04-01', 0, NULL, 0, NULL, 0, NULL, 0, NULL, NULL, NULL, NULL, NULL, NULL),
('195710121977012006', 'RAJA HELDA YUHANA', NULL, NULL, 503030210, '2017-08-17 17:17:17', '2017-09-03 22:11:34', '195710121977012006', NULL, 'P', 'N', 1, '4a', 9, 29, 'GURU MADYA PADA SDN 007 TANJUNGPINANG TIMUR KOTA TANJUNGPINANG', 1, 0, NULL, NULL, NULL, NULL, NULL, NULL, 0, NULL, 5, 234, NULL, 'Tanjung Balai Karimun', '1957-10-12', '1977-01-01', '1978-03-01', 0, NULL, 0, NULL, 0, NULL, 0, NULL, NULL, NULL, NULL, NULL, NULL),
('195710151977012004', 'SYARIFAH SULASTRI', 'Dra.', NULL, 503000000, '2017-08-17 17:17:17', '2017-09-03 22:11:34', '195710151977012004', NULL, 'P', 'N', 1, '4a', 9, 61, 'PENGAWAS SD PADA DINAS PENDIDIKAN KOTA TANJUNGPINANG', 1, 0, NULL, NULL, NULL, NULL, NULL, NULL, 0, NULL, 10, 15, NULL, 'Dabo Singkep', '1957-10-15', '1977-01-01', '1978-04-01', 0, NULL, 0, NULL, 0, NULL, 0, NULL, NULL, NULL, NULL, NULL, NULL),
('195710191977012004', 'RASUNA', NULL, NULL, 503030307, '2017-08-17 17:17:17', '2017-09-03 22:11:34', '195710191977012004', NULL, 'P', 'N', 1, '4a', 9, 29, 'GURU MADYA SD NEGERI 007 KECAMATAN BUKIT BESTARI PADA2 SD/MI SD/MI', 1, 0, NULL, NULL, NULL, NULL, NULL, NULL, 0, NULL, 5, 234, NULL, 'Tambelan', '1957-10-19', '1977-01-01', '1978-03-01', 0, NULL, 0, NULL, 0, NULL, 0, NULL, NULL, NULL, NULL, NULL, NULL),
('195711091984102003', 'JAMALIAH', NULL, NULL, 503030203, '2017-08-17 17:17:17', '2017-09-03 22:11:34', '195711091984102003', NULL, 'P', 'N', 1, '4a', 9, 29, 'GURU MADYA PADA SDN 003 TANJUNGPINANG TIMUR KOTA TANJUNGPINANG', 1, 0, NULL, NULL, NULL, NULL, NULL, NULL, 0, NULL, 5, 234, NULL, 'Tarempa', '1957-11-09', '1984-10-01', '1986-04-01', 0, NULL, 0, NULL, 0, NULL, 0, NULL, NULL, NULL, NULL, NULL, NULL),
('195711151984031003', 'ARIFIN UMAR', NULL, NULL, 503020400, '2017-08-17 17:17:17', '2017-09-03 22:11:34', '195711151984031003', NULL, 'L', 'N', 1, '3c', 9, 30, 'GURU MUDA PADA SMPN 4 TANJUNGPINANG', 1, 0, NULL, NULL, NULL, NULL, NULL, NULL, 0, NULL, 4, 135, NULL, 'Kumun Kerinci', '1957-11-15', '1984-03-01', '1986-07-01', 0, NULL, 0, NULL, 0, NULL, 0, NULL, NULL, NULL, NULL, NULL, NULL),
('195712241984092001', 'DELYATI', NULL, NULL, 503030312, '2017-08-17 17:17:17', '2017-09-03 22:11:34', '195712241984092001', NULL, 'P', 'N', 1, '4a', 9, 29, 'GURU MADYA PADA SDN 012 BUKIT BESTARI KOTA TANJUNGPINANG', 1, 0, NULL, NULL, NULL, NULL, NULL, NULL, 0, NULL, 5, 250, NULL, 'Bengkawas', '1957-12-24', '1984-09-01', '1985-12-01', 0, NULL, 0, NULL, 0, NULL, 0, NULL, NULL, NULL, NULL, NULL, NULL),
('195801091978022006', 'NONNIWATI', NULL, 'A.Ma.Pd', 503030208, '2017-08-17 17:17:17', '2017-09-03 22:11:34', '195801091978022006', NULL, 'P', 'N', 1, '4a', 9, 29, 'GURU MADYA PADA SDN 008 TANJUNGPINANG TIMUR KOTA TANJUNGPINANG', 1, 0, NULL, NULL, NULL, NULL, NULL, NULL, 0, NULL, 5, 234, NULL, 'Letung', '1958-01-09', '1978-02-01', '1979-04-01', 0, NULL, 0, NULL, 0, NULL, 0, NULL, NULL, NULL, NULL, NULL, NULL),
('195801271985031008', 'EKA HANASARIANTO', 'dr.', 'M.Kes', 105000000, '2017-08-17 17:17:17', '2017-09-03 22:11:34', '195801271985031008', NULL, 'L', 'N', 1, '4c', 4, 87, 'STAF AHLI BIDANG KEUANGAN DAN SUMBER DAYA MANUSIA SEKRETARIAT DAERAH PEMERINTAH KOTA TANJUNGPINANG ', 1, 0, NULL, NULL, NULL, NULL, NULL, NULL, 0, NULL, 11, 106, NULL, 'Tanjung Enim', '1958-01-27', '1985-03-01', '1986-06-01', 0, NULL, 0, NULL, 0, NULL, 0, NULL, NULL, NULL, NULL, NULL, NULL),
('195802021977012006', 'WASIDAH', NULL, 'A.Ma.Pd', 503030502, '2017-08-17 17:17:17', '2017-09-03 22:11:34', '195802021977012006', NULL, 'P', 'N', 1, '4a', 9, 29, 'GURU MADYA PADA SDS HANG TUAH TANJUNGPINANG', 1, 0, NULL, NULL, NULL, NULL, NULL, NULL, 0, NULL, 5, 234, NULL, 'Tanjungpinang', '1958-02-02', '1977-01-01', '1978-03-01', 0, NULL, 0, NULL, 0, NULL, 0, NULL, NULL, NULL, NULL, NULL, NULL),
('195802021980081003', 'SUWANDI', NULL, NULL, 503030103, '2017-08-17 17:17:17', '2017-09-03 22:11:34', '195802021980081003', NULL, 'L', 'N', 1, '4a', 9, 45, 'KEPALA SEKOLAH PADA SDN 004 TANJUNGPINANG KOTA - KOTA TANJUNGPINANG', 1, 0, NULL, NULL, NULL, NULL, NULL, NULL, 0, NULL, 5, 234, NULL, 'Serasan', '1958-02-02', '1980-08-01', '1981-12-01', 0, NULL, 0, NULL, 0, NULL, 0, NULL, NULL, NULL, NULL, NULL, NULL),
('195803131979031008', 'RAFRIS NAWI', NULL, 'S.Pd', 503020800, '2017-08-17 17:17:17', '2017-09-03 22:11:34', '195803131979031008', NULL, 'L', 'N', 1, '4a', 9, 29, 'GURU MADYA SMP NEGERI 8 PADA2 SMP/SLTP/MTs SMP/SLTP/MTs', 1, 0, NULL, NULL, NULL, NULL, NULL, NULL, 0, NULL, 10, 247, NULL, 'Situjuh Bandar Dalam', '1958-03-13', '1979-03-01', '1980-05-01', 0, NULL, 0, NULL, 0, NULL, 0, NULL, NULL, NULL, NULL, NULL, NULL),
('195803221986031008', 'ADNAN', 'H.', 'S.Sos', 403000000, '2017-08-17 17:17:17', '2017-09-03 22:11:34', '195803221986031008', NULL, 'L', 'N', 1, '4c', 4, 39, 'KEPALA PADA BADAN PENGELOLAAN PAJAK DAN RESTRIBUSI DAERAH PEMERINTAH KOTA TANJUNGPINANG ', 1, 0, NULL, NULL, NULL, NULL, NULL, NULL, 0, NULL, 10, 96, NULL, 'Tarempa', '1958-03-22', '1986-03-01', '1987-09-01', 0, NULL, 0, NULL, 0, '+6285327477777', 0, NULL, NULL, NULL, NULL, NULL, NULL),
('195804021979102001', 'ROSMIATI', NULL, NULL, 503030414, '2017-08-17 17:17:17', '2017-09-03 22:11:34', '195804021979102001', NULL, 'P', 'N', 1, '4a', 9, 29, 'GURU MADYA PADA SDN 014 TANJUNGPINANG BARAT KOTA TANJUNGPINANG', 1, 0, NULL, NULL, NULL, NULL, NULL, NULL, 0, NULL, 5, 234, NULL, 'Inhul', '1958-04-02', '1979-10-01', '1981-06-01', 0, NULL, 0, NULL, 0, NULL, 0, NULL, NULL, NULL, NULL, NULL, NULL),
('195804041982082001', 'RUSNAWATI', NULL, NULL, 503030307, '2017-08-17 17:17:17', '2017-09-03 22:11:34', '195804041982082001', NULL, 'P', 'N', 1, '4a', 9, 29, 'GURU MADYA SD NEGERI 007 KECAMATAN BUKIT BESTARI PADA2 SD/MI SD/MI', 1, 0, NULL, NULL, NULL, NULL, NULL, NULL, 0, NULL, 10, 174, NULL, 'Piabung', '1958-04-04', '1982-08-01', '1984-05-01', 0, NULL, 0, NULL, 0, NULL, 0, NULL, NULL, NULL, NULL, NULL, NULL),
('195804121978022010', 'SYARIFAH MARDIANA', NULL, NULL, 503030314, '2017-08-17 17:17:17', '2017-09-03 22:11:34', '195804121978022010', NULL, 'P', 'N', 1, '4a', 9, 29, 'GURU MADYA PADA SDN 014 BUKIT BESTARI KOTA TANJUNGPINANG', 1, 0, NULL, NULL, NULL, NULL, NULL, NULL, 0, NULL, 5, 234, NULL, 'Daik', '1958-04-12', '1978-02-01', '1979-06-01', 0, NULL, 0, NULL, 0, NULL, 0, NULL, NULL, NULL, NULL, NULL, NULL),
('195804241983022002', 'ERMIWATI GAMAR', NULL, 'S.Pd.Mat', 503020600, '2017-08-17 17:17:17', '2017-09-03 22:11:34', '195804241983022002', NULL, 'P', 'N', 1, '4b', 9, 29, 'GURU MADYA PADA SMPN 6 TANJUNGPINANG', 1, 0, NULL, NULL, NULL, NULL, NULL, NULL, 0, NULL, 10, 247, NULL, 'Lintau', '1958-04-24', '1983-02-01', '1985-09-01', 0, NULL, 0, NULL, 0, NULL, 0, NULL, NULL, NULL, NULL, NULL, NULL),
('195804241983102001', 'ROSNARIAH', NULL, 'A.Ma.Pd', 503030303, '2017-08-17 17:17:17', '2017-09-03 22:11:34', '195804241983102001', NULL, 'P', 'N', 1, '4a', 9, 29, 'GURU MADYA PADA SDN 003 BUKIT BESTARI KOTA TANJUNGPINANG', 1, 0, NULL, NULL, NULL, NULL, NULL, NULL, 0, NULL, 5, 234, NULL, 'Tambelan', '1958-04-24', '1983-10-01', '1985-07-01', 0, NULL, 0, NULL, 0, NULL, 0, NULL, NULL, NULL, NULL, NULL, NULL),
('195805071987012002', 'WORO WURYANDARI', NULL, NULL, 503040115, '2017-08-17 17:17:17', '2017-09-03 22:11:34', '195805071987012002', NULL, 'P', 'N', 1, '4a', 9, 29, 'GURU MADYA PADA TK SINAR BAHAGIA TANJUNGPINANG', 1, 0, NULL, NULL, NULL, NULL, NULL, NULL, 0, NULL, 3, 258, NULL, 'Bagan Siapi-Api', '1958-05-07', '1987-01-01', '1988-12-01', 0, NULL, 0, NULL, 0, NULL, 0, NULL, NULL, NULL, NULL, NULL, NULL),
('195805231983031011', 'ALI HISYAM', 'Drs.', NULL, 104000000, '2017-08-17 17:17:17', '2017-09-03 22:11:34', '195805231983031011', NULL, 'L', 'N', 1, '4c', 4, 87, 'STAF AHLI BIDANG EKONOMI DAN PEMBANGUNAN PADA SEKRETARIAT DAERAH PEMERINTAH KOTA TANJUNGPINANG ', 1, 0, NULL, NULL, NULL, NULL, NULL, NULL, 0, NULL, 10, 76, NULL, 'Pati', '1958-05-23', '1983-03-01', '1984-08-01', 0, NULL, 0, NULL, 0, NULL, 0, NULL, NULL, NULL, NULL, NULL, NULL),
('195806251986011004', 'AMINULLAH SIREGAR', NULL, 'S.Pd.I', 503020600, '2017-08-17 17:17:17', '2017-09-03 22:11:34', '195806251986011004', NULL, 'L', 'N', 1, '4a', 9, 26, 'GURU PADA SMP NEGERI 6', 1, 0, NULL, NULL, NULL, NULL, NULL, NULL, 0, NULL, 10, 211, NULL, 'Hotang Sasa', '1958-06-25', '1986-01-01', '1988-01-01', 0, NULL, 0, NULL, 0, NULL, 0, NULL, NULL, NULL, NULL, NULL, NULL),
('195807141979101006', 'SUWANDI', NULL, 'S.Pd', 503030406, '2017-08-17 17:17:17', '2017-09-03 22:11:34', '195807141979101006', NULL, 'L', 'N', 1, '4a', 9, 45, 'KEPALA SEKOLAH SD NEGERI 006 KECAMATAN TANJUNGPINANG BARAT PADA2 SD/MI SD/MI', 1, 0, NULL, NULL, NULL, NULL, NULL, NULL, 0, NULL, 10, 234, NULL, 'Tanjungpinang', '1958-07-14', '1979-10-01', '1981-02-01', 0, NULL, 0, NULL, 0, NULL, 0, NULL, NULL, NULL, NULL, NULL, NULL),
('195808021979102004', 'TUMIUR HARIANJA', NULL, NULL, 503030301, '2017-08-17 17:17:17', '2017-09-03 22:11:34', '195808021979102004', NULL, 'P', 'N', 1, '4a', 9, 29, 'GURU MADYA PADA SDN 001 BUKIT BESTARI KOTA TANJUNGPINANG', 1, 0, NULL, NULL, NULL, NULL, NULL, NULL, 0, NULL, 5, 234, NULL, 'Tapanuli Utara', '1958-08-02', '1979-10-01', '1981-02-01', 0, NULL, 0, NULL, 0, NULL, 0, NULL, NULL, NULL, NULL, NULL, NULL),
('195808161988041001', 'MUHAMAD NURDIN', NULL, 'A.Ma.Pd', 503030110, '2017-08-17 17:17:17', '2017-09-03 22:11:34', '195808161988041001', NULL, 'L', 'N', 1, '3c', 9, 30, 'GURU MUDA PADA SDN 012 TANJUNGPINANG KOTA - KOTA TANJUNGPINANG', 1, 0, NULL, NULL, NULL, NULL, NULL, NULL, 0, NULL, 5, 234, NULL, 'Singkep', '1958-08-16', '1988-04-01', '1989-08-01', 0, NULL, 0, NULL, 0, NULL, 0, NULL, NULL, NULL, NULL, NULL, NULL),
('195808181981032012', 'LUKERIA PANE', NULL, NULL, 502080000, '2017-08-17 17:17:17', '2017-09-03 22:11:34', '195808181981032012', NULL, 'P', 'N', 1, '3d', 9, 77, 'PERAWAT PENYELIA PUSKESMAS BATU 10 KOTA TANJUNGPINANG', 1, 0, NULL, NULL, NULL, NULL, NULL, NULL, 0, NULL, 3, 311, NULL, 'Paranginan', '1958-08-18', '1981-03-01', '1983-03-01', 0, NULL, 0, NULL, 0, NULL, 0, NULL, NULL, NULL, NULL, NULL, NULL),
('195808181984031017', 'SYAHBAIDIN', 'H.', 'Bsc', 503000000, '2017-08-17 17:17:17', '2017-09-03 22:11:34', '195808181984031017', NULL, 'L', 'N', 1, '4a', 9, 62, 'PENGAWAS SMP PADA DINAS PENDIDIKAN KOTA TANJUNGPINANG', 1, 0, NULL, NULL, NULL, NULL, NULL, NULL, 0, NULL, 10, 366, NULL, 'Rimeo Aceh', '1958-08-18', '1984-03-01', '1986-01-01', 0, NULL, 0, NULL, 0, NULL, 0, NULL, NULL, NULL, NULL, NULL, NULL),
('195809101978022009', 'SYAFRIDA', NULL, NULL, 503030403, '2017-08-17 17:17:17', '2017-09-03 22:11:34', '195809101978022009', NULL, 'P', 'N', 1, '4a', 9, 29, 'GURU MADYA SD NEGERI 003 KECAMATAN TANJUNGPINANG BARAT PADA2 SD/MI SD/MI', 1, 0, NULL, NULL, NULL, NULL, NULL, NULL, 0, NULL, 5, 234, NULL, 'Tanjungpinang', '1958-09-10', '1978-02-01', '1979-04-01', 0, NULL, 0, NULL, 0, NULL, 0, NULL, NULL, NULL, NULL, NULL, NULL),
('195809141994042001', 'SUGIARTI SEPTINAH', NULL, 'S.Pd.SD', 503030301, '2017-08-17 17:17:17', '2017-09-03 22:11:34', '195809141994042001', NULL, 'P', 'N', 1, '3d', 9, 30, 'GURU MUDA PADA SDN 001 BUKIT BESTARI KOTA TANJUNGPINANG', 1, 0, NULL, NULL, NULL, NULL, NULL, NULL, 0, NULL, 10, 234, NULL, 'Tanjung Uban', '1958-09-14', '1994-04-01', '1995-06-01', 0, NULL, 0, NULL, 0, NULL, 0, NULL, NULL, NULL, NULL, NULL, NULL),
('195810011979102006', 'NORMADIAH', NULL, NULL, 503030301, '2017-08-17 17:17:17', '2017-09-03 22:11:34', '195810011979102006', NULL, 'P', 'N', 1, '4a', 9, 30, 'GURU MUDA SD NEGERI 001 KECAMATAN BUKIT BESTARI PADA2 SD/MI SD/MI', 1, 0, NULL, NULL, NULL, NULL, NULL, NULL, 0, NULL, 5, 234, NULL, 'Tanjung Batu', '1958-10-01', '1979-10-01', '1981-02-01', 0, NULL, 0, NULL, 0, NULL, 0, NULL, NULL, NULL, NULL, NULL, NULL),
('195810061979102003', 'KUN HERAWATI', NULL, 'A.Ma.Pd', 503030410, '2017-08-17 17:17:17', '2017-09-03 22:11:34', '195810061979102003', NULL, 'P', 'N', 1, '3d', 9, 30, 'GURU MUDA SD NEGERI 010 KECAMATAN TANJUNGPINANG BARAT KOTA TANJUNGPINANG', 1, 0, NULL, NULL, NULL, NULL, NULL, NULL, 0, NULL, 5, 234, NULL, 'Yogyakarta', '1958-10-06', '1979-10-01', '1981-02-01', 0, NULL, 0, NULL, 0, NULL, 0, NULL, NULL, NULL, NULL, NULL, NULL),
('195810171979102002', 'HENNY A. GANI', NULL, 'S.Pd.', 503030212, '2017-08-17 17:17:17', '2017-09-03 22:11:34', '195810171979102002', NULL, 'P', 'N', 1, '4a', 9, 29, 'GURU MADYA PADA SDN 012 TANJUNGPINANG TIMUR KOTA TANJUNGPINANG', 1, 0, NULL, NULL, NULL, NULL, NULL, NULL, 0, NULL, 10, 15, NULL, 'Serasan', '1958-10-17', '1979-10-01', '1981-02-01', 0, NULL, 0, NULL, 0, NULL, 0, NULL, NULL, NULL, NULL, NULL, NULL),
('195811071979102004', 'ULFIATI NOOR', NULL, NULL, 503030307, '2017-08-17 17:17:17', '2017-09-03 22:11:34', '195811071979102004', NULL, 'P', 'N', 1, '4a', 9, 29, 'GURU MADYA SD NEGERI 007 KECAMATAN BUKIT BESTARI PADA2 SD/MI SD/MI', 1, 0, NULL, NULL, NULL, NULL, NULL, NULL, 0, NULL, 5, 234, NULL, 'Surabaya', '1958-11-07', '1979-10-01', '1981-02-01', 0, NULL, 0, NULL, 0, NULL, 0, NULL, NULL, NULL, NULL, NULL, NULL),
('195811091978022007', 'YUNANI', NULL, NULL, 503030309, '2017-08-17 17:17:17', '2017-09-03 22:11:34', '195811091978022007', NULL, 'P', 'N', 1, '4a', 9, 29, 'GURU MADYA PADA SDN 009 BUKIT BESTARI KOTA TANJUNGPINANG', 1, 0, NULL, NULL, NULL, NULL, NULL, NULL, 0, NULL, 5, 234, NULL, 'Penyengat', '1958-11-09', '1978-02-01', '1979-06-01', 0, NULL, 0, NULL, 0, NULL, 0, NULL, NULL, NULL, NULL, NULL, NULL),
('195811111978022009', 'PAIJAH', NULL, 'A.Ma.Pd', 503030303, '2017-08-17 17:17:17', '2017-09-03 22:11:34', '195811111978022009', NULL, 'P', 'N', 1, '4a', 9, 29, 'GURU MADYA PADA SDN 007 TANJUNGPINANG TIMUR KOTA TANJUNGPINANG', 1, 0, NULL, NULL, NULL, NULL, NULL, NULL, 0, NULL, 5, 234, NULL, 'Tanjungpinang', '1958-11-11', '1978-02-01', '1979-04-01', 0, NULL, 0, NULL, 0, NULL, 0, NULL, NULL, NULL, NULL, NULL, NULL),
('195811111987021002', 'EFIYAR M. AMIN', 'Drs.', NULL, 516000000, '2017-08-17 17:17:17', '2017-11-20 00:23:50', '195811111987021002', '2172021111580001', 'L', 'Y', 1, '4c', 4, 42, 'KEPALA PADA DINAS KOMUNIKASI DAN INFORMATIKA PEMERINTAH KOTA TANJUNGPINANG ', 1, 0, 'Jl. Peralatan No. 6 ', 3, 4, 37682, 66, 7, 0, 'B', 10, 109, NULL, 'Letung', '1958-11-11', '1987-02-01', '1988-05-01', 0, 'yahralamein@gmail.com ', 0, NULL, 0, '+6281270360000', 0, '+6282172760000', NULL, 'yahr.alamein', NULL, 'Hidup adalah seni dalam memilih sesuatu yang tepat', '195811111987021002'),
('195811141979102003', 'NURHAYATI', NULL, NULL, 503030314, '2017-08-17 17:17:17', '2017-09-03 22:11:34', '195811141979102003', NULL, 'P', 'N', 1, '4a', 9, 29, 'GURU MADYA PADA SDN 014 BUKIT BESTARI KOTA TANJUNGPINANG', 1, 0, NULL, NULL, NULL, NULL, NULL, NULL, 0, NULL, 5, 234, NULL, 'Tanjung Kumbik', '1958-11-14', '1979-10-01', '1982-02-01', 0, NULL, 0, NULL, 0, NULL, 0, NULL, NULL, NULL, NULL, NULL, NULL),
('195811241978022004', 'SUYATMI', NULL, NULL, 503030203, '2017-08-17 17:17:17', '2017-09-03 22:11:34', '195811241978022004', NULL, 'P', 'N', 1, '4a', 9, 29, 'GURU MADYA PADA SDN 003 TANJUNGPINANG TIMUR KOTA TANJUNGPINANG', 1, 0, NULL, NULL, NULL, NULL, NULL, NULL, 0, NULL, 10, 234, NULL, 'Tanjungpinang', '1958-11-24', '1978-02-01', '1979-04-01', 0, NULL, 0, NULL, 0, NULL, 0, NULL, NULL, NULL, NULL, NULL, NULL),
('195901041987032004', 'SUMARJATI', NULL, NULL, 503000000, '2017-08-17 17:17:17', '2017-09-03 22:11:34', '195901041987032004', NULL, 'P', 'N', 1, '3d', 9, 63, 'PENGAWAS TK PADA DINAS PENDIDIKAN', 1, 0, NULL, NULL, NULL, NULL, NULL, NULL, 0, NULL, 3, 339, NULL, 'Tanjungpinang', '1959-01-04', '1987-03-01', '1988-12-01', 0, NULL, 0, NULL, 0, NULL, 0, NULL, NULL, NULL, NULL, NULL, NULL),
('195902191987032005', 'DJASILI TUTIWARTI', NULL, NULL, 503040101, '2017-08-17 17:17:17', '2017-09-03 22:11:34', '195902191987032005', NULL, 'P', 'N', 1, '4a', 9, 29, 'GURU MADYA PADA TK NEGERI PEMBINA TANJUNGPINANG', 1, 0, NULL, NULL, NULL, NULL, NULL, NULL, 0, NULL, 10, 214, NULL, 'Dabo Singkep', '1959-02-19', '1987-03-01', '1988-12-01', 0, NULL, 0, NULL, 0, NULL, 0, NULL, NULL, NULL, NULL, NULL, NULL),
('195902201983102001', 'SUHENY', NULL, 'A.Ma.Pd', 503030403, '2017-08-17 17:17:17', '2017-09-03 22:11:34', '195902201983102001', NULL, 'P', 'N', 1, '4a', 9, 29, 'GURU MADYA PADA SDN 003 TANJUNGPINANG BARAT KOTA TANJUNGPINANG', 1, 0, NULL, NULL, NULL, NULL, NULL, NULL, 0, NULL, 5, 234, NULL, 'Tanjungpinang', '1959-02-20', '1983-10-01', '1984-10-01', 0, NULL, 0, NULL, 0, NULL, 0, NULL, NULL, NULL, NULL, NULL, NULL),
('195904041982102004', 'SUMINAH', NULL, NULL, 503030502, '2017-08-17 17:17:17', '2017-09-03 22:11:34', '195904041982102004', NULL, 'P', 'N', 1, '4a', 9, 29, 'GURU MADYA PADA SDS HANG TUAH TANJUNGPINANG', 1, 0, NULL, NULL, NULL, NULL, NULL, NULL, 0, NULL, 5, 234, NULL, 'Sleman', '1959-04-04', '1982-10-01', '1984-08-01', 0, NULL, 0, NULL, 0, NULL, 0, NULL, NULL, NULL, NULL, NULL, NULL),
('195904071984102002', 'ELIDASTI', NULL, 'A.Ma', 503030401, '2017-08-17 17:17:17', '2017-09-03 22:11:34', '195904071984102002', NULL, 'P', 'N', 1, '4a', 9, 31, 'GURU PEMBINA PADA SD NEGERI 001 KECAMATAN TANJUNGPINANG BARAT', 1, 0, NULL, NULL, NULL, NULL, NULL, NULL, 0, NULL, 5, 211, NULL, 'Batu Sangkar', '1959-04-07', '1984-10-01', '1986-04-01', 0, NULL, 0, NULL, 0, NULL, 0, NULL, NULL, NULL, NULL, NULL, NULL),
('195904281986062001', 'SITI SUSANTI', NULL, NULL, 503030109, '2017-08-17 17:17:17', '2017-09-03 22:11:34', '195904281986062001', NULL, 'P', 'N', 1, '4a', 9, 29, 'GURU MADYA PADA SDN 010 SENGGARANG TANJUNGPINANG KOTA', 1, 0, NULL, NULL, NULL, NULL, NULL, NULL, 0, NULL, 10, 234, NULL, 'Surakarta', '1959-04-28', '1986-06-01', '1987-11-01', 0, NULL, 0, NULL, 0, NULL, 0, NULL, NULL, NULL, NULL, NULL, NULL),
('195905201983031030', 'AL AKMAL AMAL', 'H.', 'BE', 501000000, '2017-08-17 17:17:17', '2017-09-03 22:11:34', '195905201983031030', NULL, 'L', 'N', 1, '4b', 5, 84, 'SEKRETARIS PADA DINAS KEPENDUDUKAN DAN PENCATATAN SIPIL PEMERINTAH KOTA TANJUNGPINANG ', 1, 0, NULL, NULL, NULL, NULL, NULL, NULL, 0, NULL, 6, 292, NULL, 'P.Penyengat', '1959-05-20', '1983-03-01', '1985-02-01', 0, NULL, 0, NULL, 0, NULL, 0, NULL, NULL, NULL, NULL, NULL, NULL),
('195905251988042001', 'ZALEHA', NULL, 'A.Ma.Pd', 503030108, '2017-08-17 17:17:17', '2017-09-03 22:11:34', '195905251988042001', NULL, 'P', 'N', 1, '3d', 9, 30, 'GURU MUDA PADA SDN 009 TANJUNGPINANG KOTA - KOTA TANJUNGPINANG', 1, 0, NULL, NULL, NULL, NULL, NULL, NULL, 0, NULL, 5, 234, NULL, 'Kepri', '1959-05-25', '1988-04-01', '1989-08-01', 0, NULL, 0, NULL, 0, NULL, 0, NULL, NULL, NULL, NULL, NULL, NULL),
('195906011984101002', 'HERWANTO', NULL, NULL, 503030201, '2017-08-17 17:17:17', '2017-09-03 22:11:34', '195906011984101002', NULL, 'L', 'N', 1, '4a', 9, 29, 'GURU MADYA SD NEGERI 001 KECAMATAN TANJUNGPINANG TIMUR KOTA TANJUNGPINANG', 1, 0, NULL, NULL, NULL, NULL, NULL, NULL, 0, NULL, 5, 211, NULL, 'Dabo Singkep', '1959-06-01', '1984-10-01', '1985-12-01', 0, NULL, 0, NULL, 0, NULL, 0, NULL, NULL, NULL, NULL, NULL, NULL),
('195906041981122008', 'ELMIS', NULL, NULL, 503030201, '2017-08-17 17:17:17', '2017-09-03 22:11:34', '195906041981122008', NULL, 'P', 'N', 1, '4a', 9, 29, 'GURU MADYA PADA SDN 001 TANJUNGPINANG TIMUR KOTA TANJUNGPINANG', 1, 0, NULL, NULL, NULL, NULL, NULL, NULL, 0, NULL, 5, 234, NULL, 'Tanjung Pinang', '1959-06-04', '1981-12-01', '1983-06-01', 0, NULL, 0, NULL, 0, NULL, 0, NULL, NULL, NULL, NULL, NULL, NULL),
('195906211983092001', 'SUMIATI', NULL, 'A.Ma', 503030208, '2017-08-17 17:17:17', '2017-09-03 22:11:34', '195906211983092001', NULL, 'P', 'N', 1, '4a', 9, 29, 'GURU MADYA PADA SDN 008 TANJUNGPINANG TIMUR KOTA TANJUNGPINANG', 1, 0, NULL, NULL, NULL, NULL, NULL, NULL, 0, NULL, 5, 211, NULL, 'Midai', '1959-06-21', '1983-09-01', '1985-02-01', 0, NULL, 0, NULL, 0, NULL, 0, NULL, NULL, NULL, NULL, NULL, NULL),
('195907121979102007', 'DARMIATI', NULL, 'A.Ma.Pd', 503030201, '2017-08-17 17:17:17', '2017-09-03 22:11:34', '195907121979102007', NULL, 'P', 'N', 1, '4a', 9, 29, 'GURU MADYA PADA SDN 001 TANJUNGPINANG TIMUR KOTA TANJUNGPINANG', 1, 0, NULL, NULL, NULL, NULL, NULL, NULL, 0, NULL, 3, 310, NULL, 'Tanjungpinang', '1959-07-12', '1979-10-01', '1981-02-01', 0, NULL, 0, NULL, 0, NULL, 0, NULL, NULL, NULL, NULL, NULL, NULL),
('195907151983032017', 'YULASTRI', NULL, NULL, 503021000, '2017-08-17 17:17:17', '2017-09-03 22:11:34', '195907151983032017', NULL, 'P', 'N', 1, '4a', 9, 29, 'GURU MADYA PADA SMPN 10 TANJUNGPINANG', 1, 0, NULL, NULL, NULL, NULL, NULL, NULL, 0, NULL, 6, 218, NULL, 'Lubuk Alung', '1959-07-15', '1983-03-01', '1985-02-01', 0, NULL, 0, NULL, 0, NULL, 0, NULL, NULL, NULL, NULL, NULL, NULL),
('195908041986012002', 'YUSNIAR', NULL, NULL, 503020800, '2017-08-17 17:17:17', '2017-09-03 22:11:34', '195908041986012002', NULL, 'P', 'N', 1, '4a', 9, 30, 'GURU MUDA PADA SMPN 8 TANJUNGPINANG', 1, 0, NULL, NULL, NULL, NULL, NULL, NULL, 0, NULL, 10, 211, NULL, 'Bukittinggi', '1959-08-04', '1986-01-01', '1988-01-01', 0, NULL, 0, NULL, 0, NULL, 0, NULL, NULL, NULL, NULL, NULL, NULL),
('195908061980081001', 'ASLI', NULL, NULL, 503030410, '2017-08-17 17:17:17', '2017-09-03 22:11:34', '195908061980081001', NULL, 'L', 'N', 1, '4a', 9, 45, 'KEPALA SEKOLAH SD NEGERI 010 KECAMATAN TANJUNGPINANG BARAT KOTA TANJUNGPINANG', 1, 0, NULL, NULL, NULL, NULL, NULL, NULL, 0, NULL, 10, 234, NULL, 'Tambelan', '1959-08-06', '1980-08-01', '1981-12-01', 0, NULL, 0, NULL, 0, NULL, 0, NULL, NULL, NULL, NULL, NULL, NULL),
('195908081982031013', 'NEFRI SYAM', NULL, 'SH', 508000000, '2017-08-17 17:17:17', '2017-09-03 22:11:34', '195908081982031013', NULL, 'L', 'N', 1, '3d', 9, 25, 'FUNGSIONAL UMUM PADA DINAS PERTANIAN, PANGAN DAN PERIKANAN PEMERINTAH KOTA TANJUNGPINANG', 1, 0, NULL, NULL, NULL, NULL, NULL, NULL, 0, NULL, 10, 102, NULL, 'Padang', '1959-08-08', '1982-03-01', '1984-02-01', 0, NULL, 0, NULL, 0, NULL, 0, NULL, NULL, NULL, NULL, NULL, NULL),
('195908141981122005', 'MARIYANI', NULL, NULL, 503030101, '2017-08-17 17:17:17', '2017-09-03 22:11:34', '195908141981122005', NULL, 'P', 'N', 1, '4a', 9, 29, 'GURU MADYA PADA SDN 002 TANJUNGPINANG KOTA - KOTA TANJUNGPINANG', 1, 0, NULL, NULL, NULL, NULL, NULL, NULL, 0, NULL, 5, 234, NULL, 'Tanjung Batang', '1959-08-14', '1981-12-01', '1983-06-01', 0, NULL, 0, NULL, 0, NULL, 0, NULL, NULL, NULL, NULL, NULL, NULL),
('195908161981122004', 'RAJA SILVANI SULAIMAN', NULL, NULL, 503030108, '2017-08-17 17:17:17', '2017-09-03 22:11:34', '195908161981122004', NULL, 'P', 'N', 1, '4a', 9, 29, 'GURU MADYA PADA SDN 009 TANJUNGPINANG KOTA - KOTA TANJUNGPINANG', 1, 0, NULL, NULL, NULL, NULL, NULL, NULL, 0, NULL, 5, 234, NULL, 'Rejai', '1959-08-16', '1981-12-01', '1983-06-01', 0, NULL, 0, NULL, 0, NULL, 0, NULL, NULL, NULL, NULL, NULL, NULL),
('195908271986012001', 'YUSNI', NULL, NULL, 504000000, '2017-08-17 17:17:17', '2017-09-03 22:11:34', '195908271986012001', NULL, 'P', 'N', 1, '3d', 7, 46, 'KEPALA SEKSI PENGEMBANGAN DAN PELESTARIAN SENI PADA BIDANG ADAT TRADISI, NILAI BUDAYA DAN KESENIAN DINAS KEBUDAYAAN DAN PARIWISATA KOTA TANJUNGPINANG', 1, 0, NULL, NULL, NULL, NULL, NULL, NULL, 0, NULL, 3, 342, NULL, 'Dabo Singkep', '1959-08-27', '1986-01-01', '1987-11-01', 0, NULL, 0, NULL, 0, NULL, 0, NULL, NULL, NULL, NULL, NULL, NULL),
('195909061981032017', 'HERAWATI', NULL, 'A.Md', 200000000, '2017-08-17 17:17:17', '2017-09-03 22:11:34', '195909061981032017', NULL, 'P', 'N', 1, '3d', 7, 47, 'KEPALA SUB BAGIAN UMUM DAN KEPEGAWAIAN PADA BAGIAN ADMINISTRASI KESEKRETARIATAN SEKRETARIAT DEWAN PERWAKILAN RAKYAT DAERAH KOTA TANJUNGPINANG', 1, 0, NULL, NULL, NULL, NULL, NULL, NULL, 0, NULL, 6, 263, NULL, 'Kep.Riau', '1959-09-06', '1981-08-01', '1982-09-01', 0, NULL, 0, NULL, 0, NULL, 0, NULL, NULL, NULL, NULL, NULL, NULL),
('195909191979102005', 'RUSMIATI', NULL, NULL, 503030414, '2017-08-17 17:17:17', '2017-09-03 22:11:34', '195909191979102005', NULL, 'P', 'N', 1, '4a', 9, 29, 'GURU MADYA SD NEGERI 014 KECAMATAN TANJUNGPINANG BARAT PADA2 SD/MI SD/MI', 1, 0, NULL, NULL, NULL, NULL, NULL, NULL, 0, NULL, 5, 234, NULL, 'Tanjungpinang', '1959-09-19', '1979-10-01', '1981-02-01', 0, NULL, 0, NULL, 0, NULL, 0, NULL, NULL, NULL, NULL, NULL, NULL),
('195910091984032008', 'YUSNIMAR', NULL, NULL, 503021000, '2017-08-17 17:17:17', '2017-09-03 22:11:34', '195910091984032008', NULL, 'P', 'N', 1, '4a', 9, 29, 'GURU MADYA PADA SMPN 10 TANJUNGPINANG', 1, 0, NULL, NULL, NULL, NULL, NULL, NULL, 0, NULL, 5, 43, NULL, 'Kepri', '1959-10-09', '1984-03-01', '1986-03-01', 0, NULL, 0, NULL, 0, NULL, 0, NULL, NULL, NULL, NULL, NULL, NULL),
('195910201987021003', 'WAN KAMAR', 'Drs. H.', 'MM', 405000000, '2017-08-17 17:17:17', '2017-09-03 22:11:34', '195910201987021003', NULL, 'L', 'N', 1, '4c', 4, 39, 'KEPALA PADA BADAN KESATUAN BANGSA, POLITIK DAN PEMBERDAYAAN MASYARAKAT PEMERINTAH KOTA TANJUNGPINANG ', 1, 0, NULL, NULL, NULL, NULL, NULL, NULL, 0, NULL, 10, 109, NULL, 'Tambelan', '1959-10-20', '1987-02-01', '1988-05-01', 0, NULL, 0, NULL, 0, '+6281364363278', 0, NULL, NULL, NULL, NULL, NULL, NULL),
('195911231983092001', 'AZIZAH', NULL, 'A.Ma', 503030305, '2017-08-17 17:17:17', '2017-09-03 22:11:34', '195911231983092001', NULL, 'P', 'N', 1, '4a', 9, 29, 'GURU MADYA SD NEGERI 005 KECAMATAN BUKIT BESTARI PADA2 SD/MI SD/MI', 1, 0, NULL, NULL, NULL, NULL, NULL, NULL, 0, NULL, 5, 211, NULL, 'Tanjungpinang', '1959-11-23', '1983-09-01', '1985-02-01', 0, NULL, 0, NULL, 0, NULL, 0, NULL, NULL, NULL, NULL, NULL, NULL),
('195912101983102003', 'INDRAWATI', NULL, NULL, 503030401, '2017-08-17 17:17:17', '2017-09-03 22:11:34', '195912101983102003', NULL, 'P', 'N', 1, '4a', 9, 29, 'GURU MADYA PADA SDN 001 TANJUNGPINANG BARAT KOTA TANJUNGPINANG', 1, 0, NULL, NULL, NULL, NULL, NULL, NULL, 0, NULL, 5, 234, NULL, 'Tanjungpinang', '1959-12-10', '1983-10-01', '1985-01-01', 0, NULL, 0, NULL, 0, NULL, 0, NULL, NULL, NULL, NULL, NULL, NULL),
('195912191981112003', 'FATMAWATI SARIJAN', NULL, 'S.Pd', 503030212, '2017-08-17 17:17:17', '2017-09-03 22:11:34', '195912191981112003', NULL, 'P', 'N', 1, '4a', 9, 29, 'GURU MADYA PADA SD NEGERI 012 KECAMATAN TANJUNGPINANG TIMUR KOTA TANJUNGPINANG', 1, 0, NULL, NULL, NULL, NULL, NULL, NULL, 0, NULL, 10, 15, NULL, 'Dabo Singkep', '1959-12-19', '1981-11-01', '1983-06-01', 0, NULL, 0, NULL, 0, NULL, 0, NULL, NULL, NULL, NULL, NULL, NULL),
('195912221982032008', 'RIDA FAUZIAH', NULL, NULL, 503020400, '2017-08-17 17:17:17', '2017-09-03 22:11:34', '195912221982032008', NULL, 'P', 'N', 1, '3b', 9, 25, 'FUNGSIONAL UMUM SMP NEGERI 4', 1, 0, NULL, NULL, NULL, NULL, NULL, NULL, 0, NULL, 3, 339, NULL, 'Kepri', '1959-12-22', '1982-03-01', '1983-11-01', 0, NULL, 0, NULL, 0, NULL, 0, NULL, NULL, NULL, NULL, NULL, NULL),
('195912231981122003', 'RAZMAWATY', NULL, NULL, 503030305, '2017-08-17 17:17:17', '2017-09-03 22:11:34', '195912231981122003', NULL, 'P', 'N', 1, '3d', 9, 30, 'GURU MUDA PADA SD NEGERI 005 KECAMATAN BUKIT BESTARI', 1, 0, NULL, NULL, NULL, NULL, NULL, NULL, 0, NULL, 5, 234, NULL, 'Dabo Singkep', '1959-12-23', '1981-12-01', '1983-06-01', 0, NULL, 0, NULL, 0, NULL, 0, NULL, NULL, NULL, NULL, NULL, NULL),
('196001031995122001', 'IDA PURNAMAWATI', NULL, 'S.Pd', 503020800, '2017-08-17 17:17:17', '2017-09-03 22:11:34', '196001031995122001', NULL, 'P', 'N', 1, '4a', 9, 29, 'GURU MADYA PADA SMPN 8 TANJUNGPINANG', 1, 0, NULL, NULL, NULL, NULL, NULL, NULL, 0, NULL, 10, 220, NULL, 'Cianjur', '1960-01-03', '1995-12-01', '1997-07-01', 0, NULL, 0, NULL, 0, NULL, 0, NULL, NULL, NULL, NULL, NULL, NULL),
('196001051985042002', 'IDA FARIDA', NULL, 'A.Ma.Pd', 503030205, '2017-08-17 17:17:17', '2017-09-03 22:11:34', '196001051985042002', NULL, 'P', 'N', 1, '3b', 9, 26, 'GURU SD NEGERI 005 KECAMATAN TANJUNGPINANG TIMUR KOTA TANJUNGPINANG', 1, 0, NULL, NULL, NULL, NULL, NULL, NULL, 0, NULL, 5, 234, NULL, 'Kepulauan Riau', '1960-01-05', '1985-04-01', '1986-07-01', 0, NULL, 0, NULL, 0, NULL, 0, NULL, NULL, NULL, NULL, NULL, NULL),
('196002181992081001', 'DEWANTORO', NULL, NULL, 514000000, '2017-08-17 17:17:17', '2017-09-03 22:11:34', '196002181992081001', NULL, 'L', 'N', 1, '3a', 9, 25, 'FUNGSIONAL UMUM PADA DINAS PERUMAHAN RAKYAT, KAWASAN PERMUKIMAN, KEBERSIHAN DAN PERTAMANAN PEMERINTAH KOTA TANJUNGPINANG ', 1, 0, NULL, NULL, NULL, NULL, NULL, NULL, 0, NULL, 10, 44, NULL, 'Tanjungpinang', '1960-02-18', '1992-08-01', '1995-10-01', 0, NULL, 0, NULL, 0, NULL, 0, NULL, NULL, NULL, NULL, NULL, NULL),
('196002221987031007', 'AHMADI', NULL, NULL, 508000000, '2017-08-17 17:17:17', '2017-09-03 22:11:34', '196002221987031007', NULL, 'L', 'N', 1, '3a', 9, 25, 'FUNGSIONAL UMUM PADA DINAS PERTANIAN, PANGAN DAN PERIKANAN PEMERINTAH KOTA TANJUNGPINANG', 1, 0, NULL, NULL, NULL, NULL, NULL, NULL, 0, NULL, 3, 152, NULL, 'Baserah', '1960-02-22', '1987-03-01', '1989-03-01', 0, NULL, 0, NULL, 0, NULL, 0, NULL, NULL, NULL, NULL, NULL, NULL),
('196002271983092001', 'LIDIA SIMANJUNTAK', NULL, 'A.Ma.Pd', 503030208, '2017-08-17 17:17:17', '2017-09-03 22:11:34', '196002271983092001', NULL, 'P', 'N', 1, '4a', 9, 29, 'GURU MADYA PADA SDN 008 TANJUNGPINANG TIMUR KOTA TANJUNGPINANG', 1, 0, NULL, NULL, NULL, NULL, NULL, NULL, 0, NULL, 5, 234, NULL, 'Tapanuli', '1960-02-27', '1983-09-01', '1985-01-01', 0, NULL, 0, NULL, 0, NULL, 0, NULL, NULL, NULL, NULL, NULL, NULL),
('196003191984122001', 'NURSANA PANJAITAN', NULL, NULL, 502080000, '2017-08-17 17:17:17', '2017-09-03 22:11:34', '196003191984122001', NULL, 'P', 'N', 1, '3d', 9, 77, 'PERAWAT PENYELIA PADA PUSKESMAS BATU 10', 1, 0, NULL, NULL, NULL, NULL, NULL, NULL, 0, NULL, 3, 314, NULL, 'Sitanoliat', '1960-03-19', '1984-12-01', '1986-05-01', 0, NULL, 0, NULL, 0, NULL, 0, NULL, NULL, NULL, NULL, NULL, NULL),
('196003241986031016', 'REPENIS M', 'Drs.', NULL, 517000000, '2017-08-17 17:17:17', '2017-09-03 22:11:34', '196003241986031016', NULL, 'L', 'N', 1, '4b', 6, 41, 'KEPALA BIDANG PENGEMBANGAN DAN PERAWATAN PERPUSTAKAAN PADA DINAS PERPUSTAKAAN DAN ARSIP KOTA TANJUNGPINANG', 1, 0, NULL, NULL, NULL, NULL, NULL, NULL, 0, NULL, 10, 257, NULL, 'Batu Sangkar', '1960-03-24', '1986-03-01', '1987-12-01', 0, NULL, 0, NULL, 0, NULL, 0, NULL, NULL, NULL, NULL, NULL, NULL),
('196003271981122004', 'SURYATI NASIR', NULL, 'S.Pd.SD', 503030205, '2017-08-17 17:17:17', '2017-09-03 22:11:34', '196003271981122004', NULL, 'P', 'N', 1, '4a', 9, 29, 'GURU MADYA PADA SDN 005 TANJUNGPINANG TIMUR KOTA TANJUNGPINANG', 1, 0, NULL, NULL, NULL, NULL, NULL, NULL, 0, NULL, 10, 234, NULL, 'Daik Lingga', '1960-03-27', '1981-12-01', '1983-06-01', 0, NULL, 0, NULL, 0, NULL, 0, NULL, NULL, NULL, NULL, NULL, NULL),
('196003281985032003', 'SRI MULYATI', NULL, NULL, 703100000, '2017-08-17 17:17:17', '2017-09-03 22:11:34', '196003281985032003', NULL, 'P', 'N', 1, '3b', 8, 46, 'KEPALA SEKSI PELAYANAN UMUM DAN KESEJAHTERAAN SOSIAL PADA KELURAHAN TANJUNGPINANG TIMUR KECAMATAN BUKIT BESTARI KOTA TANJUNGPINANG', 1, 0, NULL, NULL, NULL, NULL, NULL, NULL, 0, NULL, 3, 201, NULL, 'Tanjungpinang', '1960-03-28', '1985-03-01', '1986-05-01', 0, NULL, 0, NULL, 0, NULL, 0, NULL, NULL, NULL, NULL, NULL, NULL),
('196004271981121005', 'BASRI USMAN', NULL, 'A.Ma.Pd', 503030210, '2017-08-17 17:17:17', '2017-09-03 22:11:34', '196004271981121005', NULL, 'L', 'N', 1, '4a', 9, 29, 'GURU MADYA PADA SDN 010 TANJUNGPINANG TIMUR KOTA TANJUNGPINANG', 1, 0, NULL, NULL, NULL, NULL, NULL, NULL, 0, NULL, 5, 234, NULL, 'Tambelan', '1960-04-27', '1981-12-01', '1983-11-01', 0, NULL, 0, NULL, 0, NULL, 0, NULL, NULL, NULL, NULL, NULL, NULL),
('196005011981122014', 'NANI PRIHATIN', NULL, 'A.Ma.Pd', 503030214, '2017-08-17 17:17:17', '2017-09-03 22:11:34', '196005011981122014', NULL, 'P', 'N', 1, '4a', 9, 29, 'GURU MADYA PADA SDN 014 TANJUNGPINANG TIMUR KOTA TANJUNGPINANG', 1, 0, NULL, NULL, NULL, NULL, NULL, NULL, 0, NULL, 5, 234, NULL, 'Tanjung Uban', '1960-05-01', '1981-12-01', '1983-06-01', 0, NULL, 0, NULL, 0, NULL, 0, NULL, NULL, NULL, NULL, NULL, NULL),
('196005181986032012', 'MARDILIANA', NULL, 'SH', 501000000, '2017-08-17 17:17:17', '2017-09-03 22:11:34', '196005181986032012', NULL, 'P', 'N', 1, '4a', 6, 41, 'KEPALA BIDANG PELAYANAN PENDAFTARAN PENDUDUK PADA DINAS KEPENDUDUKAN DAN PENCATATAN SIPIL PEMERINTAH KOTA TANJUNGPINANG ', 1, 0, NULL, NULL, NULL, NULL, NULL, NULL, 0, NULL, 10, 102, NULL, 'Midai', '1960-05-18', '1986-03-01', '1987-06-01', 0, NULL, 0, NULL, 0, NULL, 0, NULL, NULL, NULL, NULL, NULL, NULL),
('196005191980082001', 'JAWANIS', NULL, 'A.Ma.Pd', 503030315, '2017-08-17 17:17:17', '2017-09-03 22:11:34', '196005191980082001', NULL, 'P', 'N', 1, '4a', 9, 29, 'GURU MADYA PADA SDN 015 BUKIT BESTARI KOTA TANJUNGPINANG', 1, 0, NULL, NULL, NULL, NULL, NULL, NULL, 0, NULL, 5, 234, NULL, 'Tanjungpinang', '1960-05-19', '1980-08-01', '1981-10-01', 0, NULL, 0, NULL, 0, NULL, 0, NULL, NULL, NULL, NULL, NULL, NULL),
('196006101984102005', 'ROHANI', NULL, 'A.Ma.Pd', 503030403, '2017-08-17 17:17:17', '2017-09-03 22:11:34', '196006101984102005', NULL, 'P', 'N', 1, '4a', 9, 29, 'GURU MADYA PADA SDN 003 TANJUNGPINANG BARAT KOTA TANJUNGPINANG', 1, 0, NULL, NULL, NULL, NULL, NULL, NULL, 0, NULL, 5, 234, NULL, 'Berakit', '1960-06-10', '1984-10-01', '1985-12-01', 0, NULL, 0, NULL, 0, NULL, 0, NULL, NULL, NULL, NULL, NULL, NULL),
('196006261979102002', 'SOPYANTI', NULL, NULL, 503030101, '2017-08-17 17:17:17', '2017-09-03 22:11:34', '196006261979102002', NULL, 'P', 'N', 1, '4a', 9, 30, 'GURU MUDA PADA SDN 002 TANJUNGPINANG KOTA - KOTA TANJUNGPINANG', 1, 0, NULL, NULL, NULL, NULL, NULL, NULL, 0, NULL, 5, 234, NULL, 'Jakarta', '1960-06-26', '1979-10-01', '1981-02-01', 0, NULL, 0, NULL, 0, NULL, 0, NULL, NULL, NULL, NULL, NULL, NULL),
('196007191979101001', 'SYAMSUL BAHRI', NULL, NULL, 503030106, '2017-08-17 17:17:17', '2017-09-03 22:11:34', '196007191979101001', NULL, 'L', 'N', 1, '4a', 9, 45, 'KEPALA SEKOLAH PADA SD NEGERI 007 KECAMATAN TANJUNGPINANG KOTA PEMERINTAH KOTA TANJUNGPINANG ', 1, 0, NULL, NULL, NULL, NULL, NULL, NULL, 0, NULL, 5, 234, NULL, 'Tanjungbatu', '1960-07-19', '1979-10-01', '1981-02-01', 0, NULL, 0, NULL, 0, NULL, 0, NULL, NULL, NULL, NULL, NULL, NULL),
('196008031983091001', 'A. SANI', NULL, NULL, 604000000, '2017-08-17 17:17:17', '2017-09-03 22:11:34', '196008031983091001', NULL, 'L', 'N', 1, '2d', 9, 25, 'FUNGSIONAL UMUM PADA3 SEKRETARIAT KOMISI PEMILIHAN UMUM KOTA TANJUNGPINANG', 1, 0, NULL, NULL, NULL, NULL, NULL, NULL, 0, NULL, 3, 279, NULL, 'Pulau Penyengat', '1960-08-03', '1983-09-01', '1984-12-01', 0, NULL, 0, NULL, 0, NULL, 0, NULL, NULL, NULL, NULL, NULL, NULL),
('196008151982101003', 'HERMANSYAM', NULL, 'A.Ma.Pd', 503030212, '2017-08-17 17:17:17', '2017-09-03 22:11:34', '196008151982101003', NULL, 'L', 'N', 1, '4a', 9, 29, 'GURU MADYA PADA SDN 012 TANJUNGPINANG TIMUR KOTA TANJUNGPINANG', 1, 0, NULL, NULL, NULL, NULL, NULL, NULL, 0, NULL, 10, 234, NULL, 'Pangkalan Batang', '1960-08-15', '1982-10-01', '1984-05-01', 0, NULL, 0, NULL, 0, NULL, 0, NULL, NULL, NULL, NULL, NULL, NULL),
('196008281983101001', 'IDRIS', NULL, 'A.Ma.Pd', 503030406, '2017-08-17 17:17:17', '2017-09-03 22:11:34', '196008281983101001', NULL, 'L', 'N', 1, '4a', 9, 29, 'GURU MADYA PADA SDN 006 TANJUNGPINANG BARAT KOTA TANJUNGPINANG', 1, 0, NULL, NULL, NULL, NULL, NULL, NULL, 0, NULL, 5, 234, NULL, 'Sungai Guntung Tg Batu', '1960-08-28', '1983-10-01', '1985-09-01', 0, NULL, 0, NULL, 0, NULL, 0, NULL, NULL, NULL, NULL, NULL, NULL),
('196009131987032007', 'TIS MURNI', NULL, 'Bac', 510000000, '2017-08-17 17:17:17', '2017-09-03 22:11:34', '196009131987032007', NULL, 'P', 'N', 1, '4a', 6, 41, 'KEPALA BIDANG PENGENDALIAN PELAKSANAAN PENANAMAN MODAL DAN SISTEM INFORMASI PENANAMAN MODAL PADA DINAS PENANAMAN MODAL DAN PELAYANAN TERPADU SATU PINTU KOTA TANJUNGPINANG', 1, 0, NULL, NULL, NULL, NULL, NULL, NULL, 0, NULL, 6, 28, NULL, 'Batu Sangkar', '1960-09-13', '1987-03-01', '1988-04-01', 0, NULL, 0, NULL, 0, NULL, 0, NULL, NULL, NULL, NULL, NULL, NULL),
('196010021991031005', 'GATOT WINOTO', 'Drs.', 'MT', 517000000, '2017-08-17 17:17:17', '2017-09-03 22:11:34', '196010021991031005', NULL, 'L', 'N', 1, '4b', 9, 25, 'FUNGSIONAL UMUM PADA DINAS PERPUSTAKAAN DAN ARSIP PEMERINTAH KOTA TANJUNGPINANG', 1, 0, NULL, NULL, NULL, NULL, NULL, NULL, 0, NULL, 11, 206, NULL, 'Surakarta', '1960-10-02', '1991-03-01', '1992-04-01', 0, NULL, 0, NULL, 0, NULL, 0, NULL, NULL, NULL, NULL, NULL, NULL),
('196010151983092001', 'RAJA ZAHARAH', NULL, NULL, 503030412, '2017-08-17 17:17:17', '2017-09-03 22:11:34', '196010151983092001', NULL, 'P', 'N', 1, '4a', 9, 29, 'GURU MADYA SD NEGERI 012 KECAMATAN TANJUNGPINANG BARAT PADA2 SD/MI SD/MI', 1, 0, NULL, NULL, NULL, NULL, NULL, NULL, 0, NULL, 5, 211, NULL, 'Midai', '1960-10-15', '1983-09-01', '1985-02-01', 0, NULL, 0, NULL, 0, NULL, 0, NULL, NULL, NULL, NULL, NULL, NULL),
('196011181987032003', 'ISSUMIARSIH', NULL, NULL, 502080000, '2017-08-17 17:17:17', '2017-09-03 22:11:34', '196011181987032003', NULL, 'P', 'N', 1, '3b', 9, 25, 'FUNGSIONAL UMUM PADA PUSKESMAS BATU 10 KOTA TANJUNGPINANG', 1, 0, NULL, NULL, NULL, NULL, NULL, NULL, 0, NULL, 3, 111, NULL, 'Tanjungpinang', '1960-11-18', '1987-03-01', '1988-12-01', 0, NULL, 0, NULL, 0, NULL, 0, NULL, NULL, NULL, NULL, NULL, NULL),
('196012311992031008', 'SYAMSUDIN', 'Drs. H.', 'MM', 517000000, '2017-08-17 17:17:17', '2017-09-03 22:11:34', '196012311992031008', NULL, 'L', 'N', 1, '4a', 6, 41, 'KEPALA BIDANG KEARSIPAN PADA DINAS PERPUSTAKAAN DAN ARSIP KOTA TANJUNGPINANG', 1, 0, NULL, NULL, NULL, NULL, NULL, NULL, 0, NULL, 11, 164, NULL, 'Parit Buyung', '1960-12-31', '1992-03-01', '1993-03-01', 0, NULL, 0, NULL, 0, NULL, 0, NULL, NULL, NULL, NULL, NULL, NULL),
('196102041983102001', 'YUSMIATI', NULL, NULL, 503030312, '2017-08-17 17:17:17', '2017-09-03 22:11:34', '196102041983102001', NULL, 'P', 'N', 1, '4a', 9, 29, 'GURU MADYA PADA SDN 012 BUKIT BESTARI KOTA TANJUNGPINANG', 1, 0, NULL, NULL, NULL, NULL, NULL, NULL, 0, NULL, 5, 234, NULL, 'Tanjungpinang', '1961-02-04', '1983-10-01', '1985-04-01', 0, NULL, 0, NULL, 0, NULL, 0, NULL, NULL, NULL, NULL, NULL, NULL),
('196102081982101002', 'JUMANI', NULL, 'S.Pd', 503030109, '2017-08-17 17:17:17', '2017-09-03 22:11:34', '196102081982101002', NULL, 'L', 'N', 1, '4a', 9, 29, 'GURU MADYA PADA SD NEGERI 010 KECAMATAN TANJUNGPINANG KOTA', 1, 0, NULL, NULL, NULL, NULL, NULL, NULL, 0, NULL, 10, 234, NULL, 'Solo', '1961-02-08', '1982-10-01', '1983-10-01', 0, NULL, 0, NULL, 0, NULL, 0, NULL, NULL, NULL, NULL, NULL, NULL),
('196103051981121004', 'R.M. SAHAR', NULL, NULL, 503030108, '2017-08-17 17:17:17', '2017-09-03 22:11:34', '196103051981121004', NULL, 'L', 'N', 1, '3a', 9, 66, 'PENJAGA SEKOLAH SD NEGERI 009 KECAMATAN TANJUNGPINANG KOTA PADA SD/MI PEMERINTAH KOTA TANJUNGPINANGKOTA TANJUNGPINANG', 1, 0, NULL, NULL, NULL, NULL, NULL, NULL, 0, NULL, 3, 201, NULL, 'Penyengat', '1961-03-05', '1981-12-01', '1983-08-01', 0, NULL, 0, NULL, 0, NULL, 0, NULL, NULL, NULL, NULL, NULL, NULL),
('196103201984102001', 'MASYITAH', NULL, 'A.Ma.Pd', 503030108, '2017-08-17 17:17:17', '2017-09-03 22:11:34', '196103201984102001', NULL, 'P', 'N', 1, '4a', 9, 29, 'GURU MADYA PADA SDN 009 TANJUNGPINANG KOTA - KOTA TANJUNGPINANG', 1, 0, NULL, NULL, NULL, NULL, NULL, NULL, 0, NULL, 10, 211, NULL, 'Penyengat', '1961-03-20', '1984-10-01', '1986-04-01', 0, NULL, 0, NULL, 0, NULL, 0, NULL, NULL, NULL, NULL, NULL, NULL),
('196104071986062002', 'JOHARIATI', NULL, 'A.Ma.Pd', 503030309, '2017-08-17 17:17:17', '2017-09-03 22:11:34', '196104071986062002', NULL, 'P', 'N', 1, '4a', 9, 29, 'GURU MADYA PADA SDN 009 BUKIT BESTARI KOTA TANJUNGPINANG', 1, 0, NULL, NULL, NULL, NULL, NULL, NULL, 0, NULL, 10, 234, NULL, 'Tanjungpinang', '1961-04-07', '1986-06-01', '1987-09-01', 0, NULL, 0, NULL, 0, NULL, 0, NULL, NULL, NULL, NULL, NULL, NULL),
('196104081982102003', 'ARNITA', NULL, NULL, 503030214, '2017-08-17 17:17:17', '2017-09-03 22:11:34', '196104081982102003', NULL, 'P', 'N', 1, '4a', 9, 29, 'GURU MADYA PADA SDN 014 TANJUNGPINANG TIMUR KOTA TANJUNGPINANG', 1, 0, NULL, NULL, NULL, NULL, NULL, NULL, 0, NULL, 5, 234, NULL, 'Sulit Air', '1961-04-08', '1982-10-01', '1984-05-01', 0, NULL, 0, NULL, 0, NULL, 0, NULL, NULL, NULL, NULL, NULL, NULL),
('196104211983092001', 'HERZA', NULL, 'A.Ma.Pd', 503030401, '2017-08-17 17:17:17', '2017-09-03 22:11:34', '196104211983092001', NULL, 'P', 'N', 1, '4a', 9, 31, 'GURU PEMBINA PADA SD NEGERI 001 KECAMATAN TANJUNGPINANG BARAT', 1, 0, NULL, NULL, NULL, NULL, NULL, NULL, 0, NULL, 10, 234, NULL, 'Bengkalis', '1961-04-21', '1983-09-01', '1985-08-01', 0, NULL, 0, NULL, 0, NULL, 0, NULL, NULL, NULL, NULL, NULL, NULL),
('196104301984102001', 'HIDAYATI', NULL, NULL, 503030309, '2017-08-17 17:17:17', '2017-09-03 22:11:34', '196104301984102001', NULL, 'P', 'N', 1, '4a', 9, 29, 'GURU MADYA SD NEGERI 009 KECAMATAN BUKIT BESTARI PADA2 SD/MI SD/MI', 1, 0, NULL, NULL, NULL, NULL, NULL, NULL, 0, NULL, 5, 64, NULL, 'Tanjungpinang', '1961-04-30', '1984-10-01', '1985-12-01', 0, NULL, 0, NULL, 0, NULL, 0, NULL, NULL, NULL, NULL, NULL, NULL),
('196107281984102004', 'JARIAH', NULL, NULL, 503030106, '2017-08-17 17:17:17', '2017-09-03 22:11:34', '196107281984102004', NULL, 'P', 'N', 1, '4a', 9, 29, 'GURU MADYA PADA SDN 007 KECAMATAN TANJUNGPINANG KOTA - KOTA TANJUNGPINANG', 1, 0, NULL, NULL, NULL, NULL, NULL, NULL, 0, NULL, 5, 211, NULL, 'Penyengat', '1961-07-28', '1984-10-01', '1985-12-01', 0, NULL, 0, NULL, 0, NULL, 0, NULL, NULL, NULL, NULL, NULL, NULL),
('196108171981122010', 'SUMARNI', NULL, NULL, 503030305, '2017-08-17 17:17:17', '2017-09-03 22:11:34', '196108171981122010', NULL, 'P', 'N', 1, '4a', 9, 30, 'GURU MUDA SD NEGERI 005 KECAMATAN BUKIT BESTARI PADA2 SD/MI SD/MI', 1, 0, NULL, NULL, NULL, NULL, NULL, NULL, 0, NULL, 10, 234, NULL, 'Tanjung Pinang ', '1961-08-17', '1981-12-01', '1983-04-01', 0, NULL, 0, NULL, 0, NULL, 0, NULL, NULL, NULL, NULL, NULL, NULL),
('196109061983021002', 'FIRDIANAL', NULL, NULL, 512000000, '2017-08-17 17:17:17', '2017-09-03 22:11:34', '196109061983021002', NULL, 'L', 'N', 1, '3c', 9, 58, 'PENERA PENYELIA PADA PEMERINTAH KOTA TANJUNGPINANG', 1, 0, NULL, NULL, NULL, NULL, NULL, NULL, 0, NULL, 3, 111, NULL, 'Padang', '1961-09-06', '1983-02-01', '1984-02-01', 0, NULL, 0, NULL, 0, NULL, 0, NULL, NULL, NULL, NULL, NULL, NULL),
('196109081986011005', 'BASRI', NULL, NULL, 514000000, '2017-08-17 17:17:17', '2017-09-03 22:11:34', '196109081986011005', NULL, 'L', 'N', 1, '3b', 9, 25, 'FUNGSIONAL UMUM PADA DINAS PERUMAHAN RAKYAT, KAWASAN PERMUKIMAN, KEBERSIHAN DAN PERTAMANAN KOTA TANJUNGPINANG', 1, 0, NULL, NULL, NULL, NULL, NULL, NULL, 0, NULL, 3, 342, NULL, 'Ulu Maras', '1961-09-08', '1986-01-01', '1987-11-01', 0, NULL, 0, NULL, 0, NULL, 0, NULL, NULL, NULL, NULL, NULL, NULL),
('196109131984102002', 'MARDIANA', NULL, NULL, 503030205, '2017-08-17 17:17:17', '2017-09-03 22:11:34', '196109131984102002', NULL, 'P', 'N', 1, '4a', 9, 29, 'GURU MADYA PADA SDN 005 TANJUNGPINANG TIMUR KOTA TANJUNGPINANG', 1, 0, NULL, NULL, NULL, NULL, NULL, NULL, 0, NULL, 5, 211, NULL, 'Jemaja', '1961-09-13', '1984-10-01', '1986-09-01', 0, NULL, 0, NULL, 0, NULL, 0, NULL, NULL, NULL, NULL, NULL, NULL),
('196109161985031010', 'SYAFRIN', NULL, NULL, 503021200, '2017-08-17 17:17:17', '2017-09-03 22:11:34', '196109161985031010', NULL, 'L', 'N', 1, '4a', 9, 29, 'GURU MADYA PADA SMPN 12 TANJUNGPINANG', 1, 0, NULL, NULL, NULL, NULL, NULL, NULL, 0, NULL, 4, 197, NULL, 'Pesisir Selatan', '1961-09-16', '1985-03-01', '1986-03-01', 0, NULL, 0, NULL, 0, NULL, 0, NULL, NULL, NULL, NULL, NULL, NULL),
('196109191983032015', 'RIAU TINI', NULL, NULL, 503040101, '2017-08-17 17:17:17', '2017-09-03 22:11:34', '196109191983032015', NULL, 'P', 'N', 1, '4a', 9, 29, 'GURU MADYA PADA TK NEGERI PEMBINA TANJUNGPINANG', 1, 0, NULL, NULL, NULL, NULL, NULL, NULL, 0, NULL, 3, 310, NULL, 'Tanjungpinang', '1961-09-19', '1983-03-01', '1984-12-01', 0, NULL, 0, NULL, 0, NULL, 0, NULL, NULL, NULL, NULL, NULL, NULL),
('196110011981122009', 'MARDIATUN', NULL, NULL, 503030210, '2017-08-17 17:17:17', '2017-09-03 22:11:34', '196110011981122009', NULL, 'P', 'N', 1, '4a', 9, 29, 'GURU MADYA PADA SDN 010 TANJUNGPINANG TIMUR KOTA TANJUNGPINANG', 1, 0, NULL, NULL, NULL, NULL, NULL, NULL, 0, NULL, 10, 234, NULL, 'Tanjungpinang', '1961-10-01', '1981-12-01', '1983-08-01', 0, NULL, 0, NULL, 0, NULL, 0, NULL, NULL, NULL, NULL, NULL, NULL),
('196112101983102002', 'AFRIDA KHAIRANI', NULL, 'AMP', 512000000, '2017-08-17 17:17:17', '2017-09-03 22:11:34', '196112101983102002', NULL, 'P', 'N', 1, '4a', 5, 84, 'SEKRETARIS PADA DINAS PERDAGANGAN DAN PERINDUSTRIAN KOTA TANJUNGPINANG', 1, 0, NULL, NULL, NULL, NULL, NULL, NULL, 0, NULL, 10, 207, NULL, 'Tanjungpinang', '1961-12-10', '1983-10-01', '1984-12-01', 0, NULL, 0, NULL, 0, NULL, 0, NULL, NULL, NULL, NULL, NULL, NULL),
('196112291993101001', 'FIRDAUS', 'Drs.', NULL, 506000000, '2017-08-17 17:17:17', '2017-09-03 22:11:34', '196112291993101001', NULL, 'L', 'N', 1, '4b', 6, 41, 'KEPALA BIDANG PERLINDUNGAN DAN JAMINAN SOSIAL PADA DINAS SOSIAL KOTA TANJUNGPINANG', 1, 0, NULL, NULL, NULL, NULL, NULL, NULL, 0, NULL, 10, 11, NULL, 'Jemaja', '1961-12-29', '1993-10-01', '1995-04-01', 0, NULL, 0, NULL, 0, NULL, 0, NULL, NULL, NULL, NULL, NULL, NULL),
('196201041986011005', 'JANUAR', NULL, NULL, 504000000, '2017-08-17 17:17:17', '2017-09-03 22:11:34', '196201041986011005', NULL, 'L', 'N', 1, '3d', 7, 46, 'KEPALA SEKSI PROMOSI DAN PENGEMBANGAN PRODUK KREATIF PADA BIDANG EKONOMI KREATIF DINAS KEBUDAYAAN DAN PARIWISATA KOTA TANJUNGPINANG', 1, 0, NULL, NULL, NULL, NULL, NULL, NULL, 0, NULL, 3, 112, NULL, 'Air Asuk', '1962-01-04', '1986-01-01', '1988-01-01', 0, NULL, 0, NULL, 0, NULL, 0, NULL, NULL, NULL, NULL, NULL, NULL),
('196202032014061002', 'MARYONO', NULL, NULL, 514000000, '2017-08-17 17:17:17', '2017-09-03 22:11:34', '196202032014061002', NULL, 'L', 'N', 1, '1a', 9, 25, 'FUNGSIONAL UMUM PADA DINAS PERUMAHAN RAKYAT, KAWASAN PERMUKIMAN, KEBERSIHAN DAN PERTAMANAN KOTA TANJUNGPINANG', 1, 0, NULL, NULL, NULL, NULL, NULL, NULL, 0, NULL, 1, 301, NULL, 'Klaten', '1962-02-03', '2014-06-01', '2016-04-01', 0, NULL, 0, NULL, 0, NULL, 0, NULL, NULL, NULL, NULL, NULL, NULL);
INSERT INTO `m_peg` (`id_peg`, `nama`, `gelar_depan`, `gelar_belakang`, `id_opd`, `waktu_add`, `waktu_modifi`, `nip`, `nik`, `jk`, `kawin`, `status_peg`, `gol_ruang`, `eselon`, `jabatan`, `ket_jabatan`, `agama`, `tampil_alamat`, `alamat`, `alamat_rt`, `alamat_rw`, `alamat_kel`, `alamat_kec`, `alamat_kota`, `alamat_prov`, `gol_darah`, `pend_terakhir`, `pend_umum`, `tgl_lulus`, `tmp_lahir`, `tgl_lahir`, `tmt_cpns`, `tmt_pns`, `tampil_email1`, `email`, `tampil_email2`, `email2`, `tampil_ponsel1`, `ponsel1`, `tampil_ponsel2`, `ponsel2`, `twitter`, `facebook`, `telegram`, `tentang_peg`, `foto_peg`) VALUES
('196202251987012001', 'DASMAWATI', NULL, NULL, 503040110, '2017-08-17 17:17:17', '2017-09-03 22:11:34', '196202251987012001', NULL, 'P', 'N', 1, '4a', 9, 31, 'GURU PEMBINA PADA TK MAWAR TANJUNGPINANG', 1, 0, NULL, NULL, NULL, NULL, NULL, NULL, 0, NULL, 3, 112, NULL, 'Keramut', '1962-02-25', '1987-01-01', '1988-12-01', 0, NULL, 0, NULL, 0, NULL, 0, NULL, NULL, NULL, NULL, NULL, NULL),
('196202281992031010', 'IRIANTO', NULL, 'SH', 501000000, '2017-08-17 17:17:17', '2017-09-03 22:11:34', '196202281992031010', NULL, 'L', 'N', 1, '4c', 4, 42, 'KEPALA PADA DINAS KEPENDUDUKAN DAN PENCATATAN SIPIL PEMERINTAH KOTA TANJUNGPINANG ', 1, 0, NULL, NULL, NULL, NULL, NULL, NULL, 0, NULL, 10, 102, NULL, 'Tanjungpinang', '1962-02-28', '1992-03-01', '1993-09-01', 0, NULL, 0, NULL, 0, NULL, 0, NULL, NULL, NULL, NULL, NULL, NULL),
('196203051993032003', 'SRI HARTATI', NULL, 'S.Pd', 503021000, '2017-08-17 17:17:17', '2017-09-03 22:11:34', '196203051993032003', NULL, 'P', 'N', 1, '4a', 9, 30, 'GURU MUDA PADA SMPN 10 TANJUNGPINANG', 1, 0, NULL, NULL, NULL, NULL, NULL, NULL, 0, NULL, 10, 218, NULL, 'Daik Lingga', '1962-03-05', '1993-03-01', '1995-03-01', 0, NULL, 0, NULL, 0, NULL, 0, NULL, NULL, NULL, NULL, NULL, NULL),
('196203251985032005', 'RAJA KHAIRANI', 'Hj.', 'S.Sos MM', 508000000, '2017-08-17 17:17:17', '2017-09-03 22:11:34', '196203251985032005', NULL, 'P', 'N', 1, '4c', 4, 42, 'KEPALA PADA DINAS PERTANIAN, PANGAN DAN PERIKANAN PEMERINTAH KOTA TANJUNGPINANG ', 1, 0, NULL, NULL, NULL, NULL, NULL, NULL, 0, NULL, 11, 164, NULL, 'Tanjungpinang', '1962-03-25', '1985-03-01', '1986-03-01', 0, NULL, 0, NULL, 0, NULL, 0, NULL, NULL, NULL, NULL, NULL, NULL),
('196204041986062002', 'ZURMA NELLI', NULL, NULL, 503030412, '2017-08-17 17:17:17', '2017-09-03 22:11:34', '196204041986062002', NULL, 'P', 'N', 1, '4a', 9, 29, 'GURU MADYA PADA SD NEGERI 012 KECAMATAN TANJUNGPINANG BARAT KOTA TANJUNGPINANG', 1, 0, NULL, NULL, NULL, NULL, NULL, NULL, 0, NULL, 5, 234, NULL, 'Padang', '1962-04-04', '1986-06-01', '1987-07-01', 0, NULL, 0, NULL, 0, NULL, 0, NULL, NULL, NULL, NULL, NULL, NULL),
('196204232006041002', 'WIDODO', NULL, NULL, 602000000, '2017-08-17 17:17:17', '2017-09-03 22:11:34', '196204232006041002', NULL, 'L', 'N', 1, '2a', 9, 80, 'POLISI PAMONG PRAJA PADA SATUAN POLISI PAMONG PRAJA DAN PENANGGULANGAN KEBAKARAN KOTA TANJUNGPINANG', 1, 0, NULL, NULL, NULL, NULL, NULL, NULL, 0, NULL, 2, 308, NULL, 'Kepulauan Riau', '1962-04-23', '2006-04-01', '2007-12-01', 0, NULL, 0, NULL, 0, NULL, 0, NULL, NULL, NULL, NULL, NULL, NULL),
('196205041983032005', 'AMNESTI YEARME', 'Hj.', 'SE', 405000000, '2017-08-17 17:17:17', '2017-09-03 22:11:34', '196205041983032005', NULL, 'P', 'N', 1, '3d', 7, 47, 'KEPALA SUB BAGIAN PENYUSUNAN PROGRAM PADA SEKRETARIAT BADAN KESATUAN BANGSA, POLITIK DAN PEMBERDAYAAN MASYARAKAT KOTA TANJUNGPINANG', 1, 0, NULL, NULL, NULL, NULL, NULL, NULL, 0, NULL, 10, 164, NULL, 'Padang', '1962-05-04', '1983-03-01', '1985-02-01', 0, NULL, 0, NULL, 0, NULL, 0, NULL, NULL, NULL, NULL, NULL, NULL),
('196205211986062001', 'SRI MAINI', NULL, 'A.Ma.Pd', 503030315, '2017-08-17 17:17:17', '2017-09-03 22:11:34', '196205211986062001', NULL, 'P', 'N', 1, '4a', 9, 29, 'GURU MADYA PADA SDN 015 BUKIT BESTARI KOTA TANJUNGPINANG', 1, 0, NULL, NULL, NULL, NULL, NULL, NULL, 0, NULL, 10, 234, NULL, 'Binjai', '1962-05-21', '1986-06-01', '1987-09-01', 0, NULL, 0, NULL, 0, NULL, 0, NULL, NULL, NULL, NULL, NULL, NULL),
('196206101985032009', 'NURMALAWATI', NULL, 'S.Sos', 506000000, '2017-08-17 17:17:17', '2017-09-03 22:11:34', '196206101985032009', NULL, 'P', 'N', 1, '3d', 7, 46, 'KEPALA SEKSI JAMINAN SOSIAL PADA BIDANG PERLINDUNGAN DAN JAMINAN SOSIAL DINAS SOSIAL KOTA TANJUNGPINANG', 1, 0, NULL, NULL, NULL, NULL, NULL, NULL, 0, NULL, 10, 96, NULL, 'Tanjungpinang', '1962-06-10', '1985-03-01', '1986-04-01', 0, NULL, 0, NULL, 0, NULL, 0, NULL, NULL, NULL, NULL, NULL, NULL),
('196206271985031006', 'SUPARNO', NULL, NULL, 403000000, '2017-08-17 17:17:17', '2017-09-03 22:11:34', '196206271985031006', NULL, 'L', 'N', 1, '3b', 9, 25, 'FUNGSIONAL UMUM PADA BADAN PELAYANAN PAJAK DAN RETRIBUSI DAERAH PEMERINTAH KOTA TANJUNGPINANG', 1, 0, NULL, NULL, NULL, NULL, NULL, NULL, 0, NULL, 3, 339, NULL, 'Kawal', '1962-06-27', '1985-03-01', '1986-07-01', 0, NULL, 0, NULL, 0, NULL, 0, NULL, NULL, NULL, NULL, NULL, NULL),
('196207011990031019', 'SUKATNO', NULL, NULL, 504000000, '2017-08-17 17:17:17', '2017-09-03 22:11:34', '196207011990031019', NULL, 'L', 'N', 1, '3c', 7, 47, 'KEPALA SUB BAGIAN UMUM DAN KEPEGAWAIAN PADA SEKRETARIAT DINAS KEBUDAYAAN DAN PARIWISATA KOTA TANJUNGPINANG', 1, 0, NULL, NULL, NULL, NULL, NULL, NULL, 0, NULL, 3, 111, NULL, 'Tanjungpinang', '1962-07-01', '1990-03-01', '1992-02-01', 0, NULL, 0, NULL, 0, NULL, 0, NULL, NULL, NULL, NULL, NULL, NULL),
('196207131984121007', 'AINIR NASUTION', NULL, NULL, 503021200, '2017-08-17 17:17:17', '2017-09-03 22:11:34', '196207131984121007', NULL, 'L', 'N', 1, '4a', 9, 45, 'KEPALA SEKOLAH PADA SMPN 12 TANJUNGPINANG', 1, 0, NULL, NULL, NULL, NULL, NULL, NULL, 0, NULL, 10, 211, NULL, 'Pasir Pangarayan', '1962-07-13', '1984-12-01', '1986-11-01', 0, NULL, 0, NULL, 0, NULL, 0, NULL, NULL, NULL, NULL, NULL, NULL),
('196207262008011001', 'MOHDAR', NULL, NULL, 403000000, '2017-08-17 17:17:17', '2017-09-03 22:11:34', '196207262008011001', NULL, 'L', 'N', 1, '2c', 9, 25, 'FUNGSIONAL UMUM PADA BADAN PELAYANAN PAJAK DAN RETRIBUSI DAERAH PEMERINTAH KOTA TANJUNGPINANG', 1, 0, NULL, NULL, NULL, NULL, NULL, NULL, 0, NULL, 3, 111, NULL, 'Tarempa', '1962-07-26', '2008-01-01', '2010-04-01', 0, NULL, 0, NULL, 0, NULL, 0, NULL, NULL, NULL, NULL, NULL, NULL),
('196208101992031010', 'HASANUDDIN', 'Drs.', NULL, 405000000, '2017-08-17 17:17:17', '2017-09-03 22:11:34', '196208101992031010', NULL, 'L', 'N', 1, '4b', 6, 41, 'KEPALA BIDANG KESATUAN BANGSA DAN KEWASPADAAN NASIONAL PADA BADAN KESATUAN BANGSA, POLITIK DAN PEMBERDAYAAN MASYARAKAT KOTA TANJUNGPINANG', 1, 0, NULL, NULL, NULL, NULL, NULL, NULL, 0, NULL, 10, 265, NULL, 'Pulau Pangkil', '1962-08-10', '1992-03-01', '1993-09-01', 0, NULL, 0, NULL, 0, NULL, 0, NULL, NULL, NULL, NULL, NULL, NULL),
('196209081987021003', 'HAMALIS', 'Drs. H.', NULL, 510000000, '2017-08-17 17:17:17', '2017-09-03 22:11:34', '196209081987021003', NULL, 'L', 'N', 1, '4c', 4, 42, 'KEPALA PADA DINAS PENANAMAN MODAL DAN PELAYANAN TERPADU SATU PINTU PEMERINTAH KOTA TANJUNGPINANG ', 1, 0, NULL, NULL, NULL, NULL, NULL, NULL, 0, NULL, 10, 270, NULL, 'Rumbio', '1962-09-08', '1987-02-01', '1988-03-01', 0, NULL, 0, NULL, 0, NULL, 0, NULL, NULL, NULL, NULL, NULL, NULL),
('196209171982102001', 'R. NURHASANAH', NULL, NULL, 503030406, '2017-08-17 17:17:17', '2017-09-03 22:11:34', '196209171982102001', NULL, 'P', 'N', 1, '4a', 9, 29, 'GURU MADYA PADA SDN 006 TANJUNGPINANG BARAT KOTA TANJUNGPINANG', 1, 0, NULL, NULL, NULL, NULL, NULL, NULL, 0, NULL, 10, 234, NULL, 'Meral', '1962-09-17', '1982-10-01', '1984-08-01', 0, NULL, 0, NULL, 0, NULL, 0, NULL, NULL, NULL, NULL, NULL, NULL),
('196210031987021004', 'Drs. WAN KHAIDIR', 'Drs.', NULL, 602000000, '2017-08-17 17:17:17', '2017-09-03 22:11:34', '196210031987021004', NULL, 'L', 'N', 1, '4b', 6, 41, 'KEPALA BIDANG PERLINDUNGAN MASYARAKAT PADA SATUAN POLISI PAMONG PRAJA DAN PENANGGULANGAN KEBAKARAN KOTA TANJUNGPINANG', 1, 0, NULL, NULL, NULL, NULL, NULL, NULL, 0, NULL, 10, 109, NULL, 'Kab. Kepulauan Riau', '1962-10-03', '1987-02-01', '1988-03-01', 0, NULL, 0, NULL, 0, NULL, 0, NULL, NULL, NULL, NULL, NULL, NULL),
('196210112007011008', 'SULAIMAN', NULL, NULL, 602000000, '2017-08-17 17:17:17', '2017-09-03 22:11:34', '196210112007011008', NULL, 'L', 'N', 1, '2c', 9, 25, 'FUNGSIONAL UMUM PADA SATUAN POLISI PAMONG PRAJA DAN PENANGGULANGAN KEBAKARAN KOTA TANJUNGPINANG', 1, 0, NULL, NULL, NULL, NULL, NULL, NULL, 0, NULL, 3, 4, NULL, 'Serasan', '1962-10-11', '2007-01-01', '2008-11-01', 0, NULL, 0, NULL, 0, NULL, 0, NULL, NULL, NULL, NULL, NULL, NULL),
('196210181992032005', 'INDRIATI', 'Ir.', NULL, 401000000, '2017-08-17 17:17:17', '2017-09-03 22:11:34', '196210181992032005', NULL, 'P', 'N', 1, '4b', 5, 84, 'SEKRETARIS PADA BADAN PERENCANAAN PEMBANGUNAN, PENELITIAN DAN PENGEMBANGAN KOTA TANJUNGPINANG', 1, 0, NULL, NULL, NULL, NULL, NULL, NULL, 0, NULL, 10, 366, NULL, 'Bangkinang', '1962-10-18', '1992-03-01', '1993-09-01', 0, NULL, 0, NULL, 0, NULL, 0, NULL, NULL, NULL, NULL, NULL, NULL),
('196211061983092003', 'NURSITA PURBA', NULL, 'A.Ma.Pd', 503030310, '2017-08-17 17:17:17', '2017-09-03 22:11:34', '196211061983092003', NULL, 'P', 'N', 1, '4a', 9, 29, 'GURU MADYA PADA SDN 010 BUKIT BESTARI KOTA TANJUNGPINANG', 1, 0, NULL, NULL, NULL, NULL, NULL, NULL, 0, NULL, 5, 234, NULL, 'Dolok Maroja', '1962-11-06', '1983-09-01', '1985-04-01', 0, NULL, 0, NULL, 0, NULL, 0, NULL, NULL, NULL, NULL, NULL, NULL),
('196301011983091004', 'M. YUSUF', NULL, 'A.Ma.Pd', 503030315, '2017-08-17 17:17:17', '2017-09-03 22:11:34', '196301011983091004', NULL, 'L', 'N', 1, '4a', 9, 29, 'GURU MADYA PADA SDN 015 BUKIT BESTARI KOTA TANJUNGPINANG', 1, 0, NULL, NULL, NULL, NULL, NULL, NULL, 0, NULL, 5, 250, NULL, 'Pangean', '1963-01-01', '1983-09-01', '1985-01-01', 0, NULL, 0, NULL, 0, NULL, 0, NULL, NULL, NULL, NULL, NULL, NULL),
('196301011984101017', 'BUDIMAN', NULL, NULL, 503030105, '2017-08-17 17:17:17', '2017-09-03 22:11:34', '196301011984101017', NULL, 'L', 'N', 1, '4a', 9, 45, 'KEPALA SEKOLAH PADA SDN 006 TANJUNGPINANG KOTA - KOTA TANJUNGPINANG', 1, 0, NULL, NULL, NULL, NULL, NULL, NULL, 0, NULL, 3, 310, NULL, 'Tambelan', '1963-01-01', '1984-10-01', '1986-04-01', 0, NULL, 0, NULL, 0, NULL, 0, NULL, NULL, NULL, NULL, NULL, NULL),
('196301102007011012', 'USEP TASMAN', NULL, NULL, 702050000, '2017-08-17 17:17:17', '2017-09-03 22:11:34', '196301102007011012', NULL, 'L', 'N', 1, '2c', 9, 25, 'FUNGSIONAL UMUM PADA KELURAHAN MELAYU KOTA PIRING KECAMATAN TANJUNGPINANG TIMUR KOTA TANJUNGPINANG', 1, 0, NULL, NULL, NULL, NULL, NULL, NULL, 0, NULL, 3, 112, NULL, 'Bandung', '1963-01-10', '2007-01-01', '2007-01-01', 0, NULL, 0, NULL, 0, NULL, 0, NULL, NULL, NULL, NULL, NULL, NULL),
('196301192008011002', 'HERMANTO', NULL, NULL, 512000000, '2017-08-17 17:17:17', '2017-09-03 22:11:34', '196301192008011002', NULL, 'L', 'N', 1, '2c', 9, 25, 'FUNGSIONAL UMUM PADA DINAS PERDAGANGAN DAN PERINDUSTRIAN PEMERINTAH KOTA TANJUNGPINANG', 1, 0, NULL, NULL, NULL, NULL, NULL, NULL, 0, NULL, 3, 188, NULL, 'Tarempa', '1963-01-19', '2008-01-01', '2009-08-01', 0, NULL, 0, NULL, 0, NULL, 0, NULL, NULL, NULL, NULL, NULL, NULL),
('196301281990011002', 'MUHAMMAD SOLEH', NULL, NULL, 503021200, '2017-08-17 17:17:17', '2017-09-03 22:11:34', '196301281990011002', NULL, 'L', 'N', 1, '4a', 9, 29, 'GURU MADYA PADA SMPN 12 TANJUNGPINANG', 1, 0, NULL, NULL, NULL, NULL, NULL, NULL, 0, NULL, 6, 247, NULL, 'Balimbing', '1963-01-28', '1990-01-01', '1991-12-01', 0, NULL, 0, NULL, 0, NULL, 0, NULL, NULL, NULL, NULL, NULL, NULL),
('196302241990031007', 'YUSSUWADINATA', 'Drs.', NULL, 200000000, '2017-08-17 17:17:17', '2017-09-03 22:11:34', '196302241990031007', NULL, 'L', 'N', 1, '4b', 5, 40, 'KEPALA BAGIAN ADMINISTRASI KESEKRETARISAN PADA SEKRETARIAT DEWAN PERWAKILAN RAKYAT DAERAH KOTA TANJUNGPINANG', 1, 0, NULL, NULL, NULL, NULL, NULL, NULL, 0, NULL, 10, 333, NULL, 'Sedanau', '1963-02-24', '1990-03-01', '1992-03-01', 0, NULL, 0, NULL, 0, NULL, 0, NULL, NULL, NULL, NULL, NULL, NULL),
('196303171993032001', 'SURYANINGSIH', NULL, 'A.Ma.Pd', 503030506, '2017-08-17 17:17:17', '2017-09-03 22:11:34', '196303171993032001', NULL, 'P', 'N', 1, '3c', 9, 30, 'GURU MUDA PADA SD MIS RAUDHATUL MUSHALIN TANJUNGPINANG', 1, 0, NULL, NULL, NULL, NULL, NULL, NULL, 0, NULL, 5, 234, NULL, 'Tanjungpinang', '1963-03-17', '1993-03-01', '1994-07-01', 0, NULL, 0, NULL, 0, NULL, 0, NULL, NULL, NULL, NULL, NULL, NULL),
('196305251991032010', 'KADARIAH', NULL, NULL, 503040101, '2017-08-17 17:17:17', '2017-09-03 22:11:34', '196305251991032010', NULL, 'P', 'N', 1, '3a', 9, 25, 'FUNGSIONAL UMUM PADA TK NEGERI PEMBINA', 1, 0, NULL, NULL, NULL, NULL, NULL, NULL, 0, NULL, 3, 112, NULL, 'Banyumas', '1963-05-25', '1991-03-01', '1992-10-01', 0, NULL, 0, NULL, 0, NULL, 0, NULL, NULL, NULL, NULL, NULL, NULL),
('196306161991122002', 'ROSNIDAR', NULL, 'A.Ma.Pd', 503030110, '2017-08-17 17:17:17', '2017-09-03 22:11:34', '196306161991122002', NULL, 'P', 'N', 1, '3d', 9, 45, 'KEPALA SEKOLAH PADA SD NEGERI 012 KECAMATAN TANJUNGPINANG KOTA PEMERINTAH KOTA TANJUNGPINANG ', 1, 0, NULL, NULL, NULL, NULL, NULL, NULL, 0, NULL, 10, 234, NULL, 'Tambelan', '1963-06-16', '1991-12-01', '1992-12-01', 0, NULL, 0, NULL, 0, NULL, 0, NULL, NULL, NULL, NULL, NULL, NULL),
('196307171987012002', 'FARIDAH', NULL, NULL, 503040113, '2017-08-17 17:17:17', '2017-09-03 22:11:34', '196307171987012002', NULL, 'P', 'N', 1, '4a', 9, 29, 'GURU MADYA PADA TK PUTRA BANGSA KOTA TANJUNGPINANG', 1, 0, NULL, NULL, NULL, NULL, NULL, NULL, 0, NULL, 3, 149, NULL, 'Daik', '1963-07-17', '1987-01-01', '1988-01-01', 0, NULL, 0, NULL, 0, NULL, 0, NULL, NULL, NULL, NULL, NULL, NULL),
('196308141984102008', 'ARNAYATI', NULL, 'A.Ma.Pd', 503030214, '2017-08-17 17:17:17', '2017-09-03 22:11:34', '196308141984102008', NULL, 'P', 'N', 1, '4a', 9, 29, 'GURU MADYA PADA SD NEGERI 014 TANJUNGPINANG TIMUR KOTA TANJUNGPINANG', 1, 0, NULL, NULL, NULL, NULL, NULL, NULL, 0, NULL, 10, 234, NULL, 'Kepri', '1963-08-14', '1984-10-01', '1985-12-01', 0, NULL, 0, NULL, 0, NULL, 0, NULL, NULL, NULL, NULL, NULL, NULL),
('196308171988041003', 'KHAIRUL', NULL, 'A.Ma.Pd', 503030310, '2017-08-17 17:17:17', '2017-09-03 22:11:34', '196308171988041003', NULL, 'L', 'N', 1, '4a', 9, 45, 'KEPALA SEKOLAH PADA SD NEGERI 010 KECAMATAN BUKIT BESTARI', 1, 0, NULL, NULL, NULL, NULL, NULL, NULL, 0, NULL, 5, 234, NULL, 'Tanjungpinang', '1963-08-17', '1988-04-01', '1989-08-01', 0, NULL, 0, NULL, 0, NULL, 0, NULL, NULL, NULL, NULL, NULL, NULL),
('196308221983092002', 'ROSMIWATI', NULL, 'A.Ma.Pd', 503030108, '2017-08-17 17:17:17', '2017-09-03 22:11:34', '196308221983092002', NULL, 'P', 'N', 1, '4a', 9, 29, 'GURU MADYA PADA SDN 009 TANJUNGPINANG KOTA - KOTA TANJUNGPINANG', 1, 0, NULL, NULL, NULL, NULL, NULL, NULL, 0, NULL, 5, 234, NULL, 'Tembilahan', '1963-08-22', '1983-09-01', '1985-01-01', 0, NULL, 0, NULL, 0, NULL, 0, NULL, NULL, NULL, NULL, NULL, NULL),
('196309031982101001', 'ANTHONY', NULL, 'S.Pd', 506000000, '2017-08-17 17:17:17', '2017-09-03 22:11:34', '196309031982101001', NULL, 'L', 'N', 1, '4a', 6, 41, 'KEPALA BIDANG PEMBERDAYAAN SOSIAL DAN PENANGANAN FAKIR MISKIN PADA DINAS SOSIAL KOTA TANJUNGPINANG', 1, 0, NULL, NULL, NULL, NULL, NULL, NULL, 0, NULL, 10, 15, NULL, 'Letung', '1963-09-03', '1982-10-01', '1984-08-01', 0, NULL, 0, NULL, 0, NULL, 0, NULL, NULL, NULL, NULL, NULL, NULL),
('196311051986062002', 'FITRIATI', NULL, 'A.Ma.Pd', 503030107, '2017-08-17 17:17:17', '2017-09-03 22:11:34', '196311051986062002', NULL, 'P', 'N', 1, '4a', 9, 29, 'GURU MADYA PADA SDN 008 TANJUNGPINANG KOTA - KOTA TANJUNGPINANG', 1, 0, NULL, NULL, NULL, NULL, NULL, NULL, 0, NULL, 10, 234, NULL, 'Tanjungpinang', '1963-11-05', '1986-06-01', '1987-09-01', 0, NULL, 0, NULL, 0, NULL, 0, NULL, NULL, NULL, NULL, NULL, NULL),
('196311301986091002', 'SULAIMAN', NULL, 'S.Pd.SD', 503030107, '2017-08-17 17:17:17', '2017-09-03 22:11:34', '196311301986091002', NULL, 'L', 'N', 1, '4a', 9, 45, 'KEPALA SEKOLAH PADA SD NEGERI 008 KECAMATAN TANJUNGPINANG KOTA PEMERINTAH KOTA TANJUNGPINANG ', 1, 0, NULL, NULL, NULL, NULL, NULL, NULL, 0, NULL, 10, 234, NULL, 'Lubuk Puding', '1963-11-30', '1986-09-01', '1988-02-01', 0, NULL, 0, NULL, 0, NULL, 0, NULL, NULL, NULL, NULL, NULL, NULL),
('196312141984091001', 'SYAIFUL BAHRI', NULL, NULL, 503030109, '2017-08-17 17:17:17', '2017-09-03 22:11:34', '196312141984091001', NULL, 'L', 'N', 1, '4a', 9, 29, 'GURU MADYA PADA SDN 010 TANJUNGPINANG KOTA - KOTA TANJUNGPINANG', 1, 0, NULL, NULL, NULL, NULL, NULL, NULL, 0, NULL, 5, 241, NULL, 'Tanjung Balai Asahan', '1963-12-14', '1984-09-01', '1986-04-01', 0, NULL, 0, NULL, 0, NULL, 0, NULL, NULL, NULL, NULL, NULL, NULL),
('196402161986031003', 'SYAFIRI', NULL, 'SE', 516000000, '2017-08-17 17:17:17', '2017-09-03 22:10:46', '196402161986031003', NULL, 'L', 'Y', 1, '3d', 7, 48, 'KEPALA SEKSI POS DAN TELEKOMUNIKASI PADA BIDANG TEKNOLOGI INFORMASI KOMUNIKASI DINAS KOMUNIKASI DAN INFORMATIKA KOTA TANJUNGPINANG', 1, 0, NULL, NULL, NULL, NULL, NULL, NULL, 0, NULL, 10, 164, NULL, 'Tambelan', '1964-02-16', '1986-03-01', '1987-04-01', 0, NULL, 0, NULL, 0, '+6281277667570', 0, '+6285230878000', NULL, NULL, NULL, NULL, NULL),
('196403162007012013', 'SITI CHOLIDAH A. MA', NULL, NULL, 503040104, '2017-08-17 17:17:17', '2017-09-03 22:11:34', '196403162007012013', NULL, 'P', 'N', 1, '2d', 9, 26, 'GURU PADA TK AL FALAH TANJUNGPINANG', 1, 0, NULL, NULL, NULL, NULL, NULL, NULL, 0, NULL, 5, 237, NULL, 'Tanjung Karang', '1964-03-16', '2007-01-01', '2008-11-01', 0, NULL, 0, NULL, 0, NULL, 0, NULL, NULL, NULL, NULL, NULL, NULL),
('196403191985042002', 'SISILIA SUSI MULWATINI', NULL, NULL, 503030312, '2017-08-17 17:17:17', '2017-09-03 22:11:34', '196403191985042002', NULL, 'P', 'N', 1, '4a', 9, 29, 'GURU MADYA PADA SDN 012 BUKIT BESTARI KOTA TANJUNGPINANG', 1, 0, NULL, NULL, NULL, NULL, NULL, NULL, 0, NULL, 5, 234, NULL, 'Tegal', '1964-03-19', '1985-04-01', '1986-08-01', 0, NULL, 0, NULL, 0, NULL, 0, NULL, NULL, NULL, NULL, NULL, NULL),
('196405102007012021', 'SRI NGATINI', NULL, NULL, 503030107, '2017-08-17 17:17:17', '2017-09-03 22:11:34', '196405102007012021', NULL, 'P', 'N', 1, '2b', 9, 26, 'GURU PADA SDN 008 TANJUNGPINANG KOTA - KOTA TANJUNGPINANG', 1, 0, NULL, NULL, NULL, NULL, NULL, NULL, 0, NULL, 3, 149, NULL, 'Senggarang', '1964-05-10', '2007-01-01', '2008-11-01', 0, NULL, 0, NULL, 0, NULL, 0, NULL, NULL, NULL, NULL, NULL, NULL),
('196405121986091001', 'MISWARI', NULL, 'A.Ma.Pd', 503030109, '2017-08-17 17:17:17', '2017-09-03 22:11:34', '196405121986091001', NULL, 'L', 'N', 1, '4a', 9, 45, 'KEPALA SEKOLAH PADA SDN 010 TANJUNGPINANG KOTA - KOTA TANJUNGPINANG', 1, 0, NULL, NULL, NULL, NULL, NULL, NULL, 0, NULL, 10, 234, NULL, 'Senggarang', '1964-05-12', '1986-09-01', '1987-10-01', 0, NULL, 0, NULL, 0, NULL, 0, NULL, NULL, NULL, NULL, NULL, NULL),
('196405182007011009', 'KUSWANTO', NULL, NULL, 200000000, '2017-08-17 17:17:17', '2017-09-03 22:11:34', '196405182007011009', NULL, 'L', 'N', 1, '2a', 9, 25, 'FUNGSIONAL UMUM PADA SEKRETARIAT DEWAN PERWAKILAN RAKYAT DAERAH PEMERINTAH KOTA TANJUNGPINANG', 1, 0, NULL, NULL, NULL, NULL, NULL, NULL, 0, NULL, 2, 315, NULL, 'Tanjungpinang', '1964-05-18', '2007-01-01', '2007-01-01', 0, NULL, 0, NULL, 0, NULL, 0, NULL, NULL, NULL, NULL, NULL, NULL),
('196406022009021001', 'RAYNAL', NULL, NULL, 503030107, '2017-08-17 17:17:17', '2017-09-03 22:11:34', '196406022009021001', NULL, 'L', 'N', 1, '2b', 9, 25, 'FUNGSIONAL UMUM SD NEGERI 008 KECAMATAN TANJUNGPINANG KOTA PADA2 SD/MI SD/MI', 1, 0, NULL, NULL, NULL, NULL, NULL, NULL, 0, NULL, 3, 339, NULL, 'Kijang', '1964-06-02', '2009-02-01', '2010-05-01', 0, NULL, 0, NULL, 0, NULL, 0, NULL, NULL, NULL, NULL, NULL, NULL),
('196411051989031011', 'PRIDIONO', NULL, NULL, 503010100, '2017-08-17 17:17:17', '2017-09-03 22:11:34', '196411051989031011', NULL, 'L', 'N', 1, '3b', 9, 25, 'FUNGSIONAL UMUM PADA SANGGAR KEGIATAN BELAJAR KOTA TANJUNGPINANG', 1, 0, NULL, NULL, NULL, NULL, NULL, NULL, 0, NULL, 3, 111, NULL, 'Tanjungpinang', '1964-11-05', '1989-03-01', '1991-02-01', 0, NULL, 0, NULL, 0, NULL, 0, NULL, NULL, NULL, NULL, NULL, NULL),
('196411151987031016', 'ABDUL BASYID', 'Drs.', NULL, 604000000, '2017-08-17 17:17:17', '2017-09-03 22:11:34', '196411151987031016', NULL, 'L', 'N', 1, '4a', 5, 84, 'SEKRETARIS KOMISI PEMILIHAN UMUM KOTA TANJUNGPINANG', 1, 0, NULL, NULL, NULL, NULL, NULL, NULL, 0, NULL, 10, 11, NULL, 'Tanjungpinang', '1964-11-15', '1987-03-01', '1988-05-01', 0, NULL, 0, NULL, 0, NULL, 0, NULL, NULL, NULL, NULL, NULL, NULL),
('196412051987012002', 'RAJA ZAIRINA', NULL, NULL, 503040113, '2017-08-17 17:17:17', '2017-09-03 22:11:34', '196412051987012002', NULL, 'P', 'N', 1, '4a', 9, 29, 'GURU MADYA PADA TK PUTRA BANGSA KOTA TANJUNGPINANG', 1, 0, NULL, NULL, NULL, NULL, NULL, NULL, 0, NULL, 10, 214, NULL, 'P. Penyengat', '1964-12-05', '1987-01-01', '1988-11-01', 0, NULL, 0, NULL, 0, NULL, 0, NULL, NULL, NULL, NULL, NULL, NULL),
('196412182007012006', 'LULUK WIJAYANTI', 'Dra.', NULL, 503010100, '2017-08-17 17:17:17', '2017-09-03 22:11:34', '196412182007012006', NULL, 'P', 'N', 1, '3c', 9, 51, 'PAMONG BELAJAR PERTAMA SANGGAR KEGIATAN BELAJAR PADA PEMERINTAH KOTA TANJUNGPINANGKOTA TANJUNGPINANG', 1, 0, NULL, NULL, NULL, NULL, NULL, NULL, 0, NULL, 10, 249, NULL, 'Banyuwangi', '1964-12-18', '2007-01-01', '2008-11-01', 0, NULL, 0, NULL, 0, NULL, 0, NULL, NULL, NULL, NULL, NULL, NULL),
('196412282007011013', 'KARMILUS', NULL, 'S.Pd.SD', 503030105, '2017-08-17 17:17:17', '2017-09-03 22:11:34', '196412282007011013', NULL, 'L', 'N', 1, '3a', 9, 26, 'GURU PADA SDN 006 TANJUNGPINANG KOTA - KOTA TANJUNGPINANG', 1, 0, NULL, NULL, NULL, NULL, NULL, NULL, 0, NULL, 10, 234, NULL, 'Tarempa', '1964-12-28', '2007-01-01', '2008-11-01', 0, NULL, 0, NULL, 0, NULL, 0, NULL, NULL, NULL, NULL, NULL, NULL),
('196503051991031029', 'MADILOG', NULL, NULL, 502060000, '2017-08-17 17:17:17', '2017-09-03 22:11:34', '196503051991031029', NULL, 'L', 'N', 1, '2d', 9, 25, 'FUNGSIONAL UMUM PADA PUSKESMAS TANJUNGPINANG KOTA TANJUNGPINANG', 1, 0, NULL, NULL, NULL, NULL, NULL, NULL, 0, NULL, 3, 112, NULL, 'Tarempa', '1965-03-05', '1991-03-01', '1992-06-01', 0, NULL, 0, NULL, 0, NULL, 0, NULL, NULL, NULL, NULL, NULL, NULL),
('196503071986072002', 'LISNAYATI', NULL, NULL, 503030504, '2017-08-17 17:17:17', '2017-09-03 22:11:34', '196503071986072002', NULL, 'P', 'N', 1, '4a', 9, 29, 'GURU MADYA PADA SDN MIN TANJUNGPINANG', 1, 0, NULL, NULL, NULL, NULL, NULL, NULL, 0, NULL, 5, 234, NULL, 'Tanjungpinang', '1965-03-07', '1986-07-01', '1987-10-01', 0, NULL, 0, NULL, 0, NULL, 0, NULL, NULL, NULL, NULL, NULL, NULL),
('196503271986092001', 'SURYANITA', NULL, 'A.Ma.Pd', 503030209, '2017-08-17 17:17:17', '2017-09-03 22:11:34', '196503271986092001', NULL, 'P', 'N', 1, '4a', 9, 29, 'GURU MADYA PADA SDN 009 TANJUNGPINANG TIMUR KOTA TANJUNGPINANG', 1, 0, NULL, NULL, NULL, NULL, NULL, NULL, 0, NULL, 5, 234, NULL, 'Jakarta', '1965-03-27', '1986-09-01', '1987-11-01', 0, NULL, 0, NULL, 0, NULL, 0, NULL, NULL, NULL, NULL, NULL, NULL),
('196504031986112004', 'SRI NURIAWATI', NULL, 'S.Pd.AUD', 503040108, '2017-08-17 17:17:17', '2017-09-03 22:11:34', '196504031986112004', NULL, 'P', 'N', 1, '4a', 9, 30, 'GURU MUDA PADA TK EKA DYAKSA KOTA TANJUNGPINANG', 1, 0, NULL, NULL, NULL, NULL, NULL, NULL, 0, NULL, 10, 214, NULL, 'Tambelan', '1965-04-03', '1986-11-01', '1988-10-01', 0, NULL, 0, NULL, 0, NULL, 0, NULL, NULL, NULL, NULL, NULL, NULL),
('196506021992031011', 'BROTO SUMPENO', NULL, NULL, 503021800, '2017-08-17 17:17:17', '2017-09-03 22:11:34', '196506021992031011', NULL, 'L', 'N', 1, '4a', 9, 29, 'GURU MADYA PADA SMP MUHAMMADIYAH TANJUNGPINANG', 1, 0, NULL, NULL, NULL, NULL, NULL, NULL, 0, NULL, 6, 80, NULL, 'Widodaren', '1965-06-02', '1992-03-01', '1994-03-01', 0, NULL, 0, NULL, 0, NULL, 0, NULL, NULL, NULL, NULL, NULL, NULL),
('196506281993031009', 'TEGUH AMANTO', NULL, 'SE  MM', 516000000, '2017-08-17 17:17:17', '2017-11-20 00:23:59', '196506281993031009', '2103072806651001', 'L', 'Y', 1, '4a', 6, 41, 'KEPALA BIDANG STATISTIK DAN PERSANDIAN PADA DINAS KOMUNIKASI DAN INFORMATIKA KOTA TANJUNGPINANG', 1, 0, 'Jl. Sultan Machmud Gg. Pinang No. 5B', 1, 3, 37670, 63, 7, 0, 'B', 11, 164, NULL, 'Tanjungpinang', '1965-06-28', '1993-03-01', '1994-10-01', 0, 'amanto86@outlook.com', 0, 'teguhamanto50@gmail.com', 0, '+6281270140204', 0, '+6285363802011', NULL, 'mas.manto.14', NULL, NULL, '196506281993031009'),
('196507022007011029', 'RUSLI', NULL, NULL, 701020000, '2017-08-17 17:17:17', '2017-09-03 22:11:34', '196507022007011029', NULL, 'L', 'N', 1, '2c', 9, 25, 'FUNGSIONAL UMUM PADA KELURAHAN SENGGARANG KECAMATAN TANJUNGPINANG KOTA - KOTA TANJUNGPINANG', 1, 0, NULL, NULL, NULL, NULL, NULL, NULL, 0, NULL, 3, 4, NULL, 'Tanjungpinang', '1965-07-02', '2007-01-01', '2008-11-01', 0, NULL, 0, NULL, 0, NULL, 0, NULL, NULL, NULL, NULL, NULL, NULL),
('196507301991032006', 'SITI BARZAH', NULL, NULL, 702070000, '2017-08-17 17:17:17', '2017-09-03 22:11:34', '196507301991032006', NULL, 'P', 'N', 1, '3c', 8, 46, 'KEPALA SEKSI PELAYANAN UMUM DAN KESEJAHTERAAN SOSIAL PADA KELURAHAN KAMPUNG BULANG KECAMATAN TANJUNGPINANG TIMUR KOTA TANJUNGPINANG', 1, 0, NULL, NULL, NULL, NULL, NULL, NULL, 0, NULL, 3, 339, NULL, 'Tanjungpinang', '1965-07-30', '1991-03-01', '1992-07-01', 0, NULL, 0, NULL, 0, NULL, 0, NULL, NULL, NULL, NULL, NULL, NULL),
('196508052007012022', 'YUSMAWATI', NULL, 'A.Md', 503021400, '2017-08-17 17:17:17', '2017-09-03 22:11:34', '196508052007012022', NULL, 'P', 'N', 1, '2d', 9, 26, 'GURU PADA SMPN 014 SATU ATAP TANJUNGPINANG KOTA - KOTA TANJUNGPINANG', 1, 0, NULL, NULL, NULL, NULL, NULL, NULL, 0, NULL, 6, 219, NULL, 'Palembang', '1965-08-05', '2007-01-01', '2008-11-01', 0, NULL, 0, NULL, 0, NULL, 0, NULL, NULL, NULL, NULL, NULL, NULL),
('196510171990022001', 'SRI MURDININGSIH', NULL, 'AMK', 605000000, '2017-08-17 17:17:17', '2017-09-03 22:11:34', '196510171990022001', NULL, 'P', 'N', 1, '3d', 7, 46, 'KEPALA SEKSI REHABILITASI PADA BADAN NARKOTIKA NASIONAL KOTA TANJUNGPINANG', 1, 0, NULL, NULL, NULL, NULL, NULL, NULL, 0, NULL, 6, 125, NULL, 'Jakarta', '1965-10-17', '1990-02-01', '1992-02-01', 0, NULL, 0, NULL, 0, NULL, 0, NULL, NULL, NULL, NULL, NULL, NULL),
('196511171986092005', 'RAHMAH', NULL, 'A.Ma.Pd', 503030103, '2017-08-17 17:17:17', '2017-09-03 22:11:34', '196511171986092005', NULL, 'P', 'N', 1, '4a', 9, 29, 'GURU MADYA PADA SDN 004 TANJUNGPINANG KOTA - KOTA TANJUNGPINANG', 1, 0, NULL, NULL, NULL, NULL, NULL, NULL, 0, NULL, 5, 234, NULL, 'Tanjungpinang', '1965-11-17', '1986-09-01', '1988-02-01', 0, NULL, 0, NULL, 0, NULL, 0, NULL, NULL, NULL, NULL, NULL, NULL),
('196604031993032011', 'RAJA RUSMAINI', NULL, 'S.Pd', 503030110, '2017-08-17 17:17:17', '2017-09-03 22:11:34', '196604031993032011', NULL, 'P', 'N', 1, '3b', 9, 26, 'GURU PADA SDN 012 TANJUNGPINANG KOTA - KOTA TANJUNGPINANG', 1, 0, NULL, NULL, NULL, NULL, NULL, NULL, 0, NULL, 10, 234, NULL, 'Kepri', '1966-04-03', '1993-03-01', '1994-05-01', 0, NULL, 0, NULL, 0, NULL, 0, NULL, NULL, NULL, NULL, NULL, NULL),
('196605032006041015', 'Drs.. SAMSU HARMAN', 'Drs.', NULL, 503030310, '2017-08-17 17:17:17', '2017-09-03 22:11:34', '196605032006041015', NULL, 'L', 'N', 1, '3c', 9, 26, 'GURU PADA SDN 010 BUKIT BESTARI KOTA TANJUNGPINANG', 1, 0, NULL, NULL, NULL, NULL, NULL, NULL, 0, NULL, 10, 211, NULL, 'Midai', '1966-05-03', '2006-04-01', '2007-12-01', 0, NULL, 0, NULL, 0, NULL, 0, NULL, NULL, NULL, NULL, NULL, NULL),
('196606241989081001', 'SANTOSO', NULL, 'S.Pd.SD', 503030110, '2017-08-17 17:17:17', '2017-09-03 22:11:34', '196606241989081001', NULL, 'L', 'N', 1, '4a', 9, 29, 'GURU MADYA PADA SDN 012 TANJUNGPINANG KOTA - KOTA TANJUNGPINANG', 1, 0, NULL, NULL, NULL, NULL, NULL, NULL, 0, NULL, 10, 234, NULL, 'Pacitan', '1966-06-24', '1989-08-01', '1990-11-01', 0, NULL, 0, NULL, 0, NULL, 0, NULL, NULL, NULL, NULL, NULL, NULL),
('196606281986102002', 'ASMARANI', NULL, 'S.PD.I', 503030103, '2017-08-17 17:17:17', '2017-09-03 22:11:34', '196606281986102002', NULL, 'P', 'N', 1, '4a', 9, 30, 'GURU MUDA SD NEGERI 004 KECAMATAN TANJUNGPINANG KOTA PADA2 SD/MI SD/MI', 1, 0, NULL, NULL, NULL, NULL, NULL, NULL, 0, NULL, 10, 211, NULL, 'Tanjungpinang', '1966-06-28', '1986-10-01', '1987-11-01', 0, NULL, 0, NULL, 0, NULL, 0, NULL, NULL, NULL, NULL, NULL, NULL),
('196607011996062001', 'YULIANI', NULL, 'S.Pd.SD', 503030209, '2017-08-17 17:17:17', '2017-09-03 22:11:34', '196607011996062001', NULL, 'P', 'N', 1, '3c', 9, 26, 'GURU PADA SDN 009 TANJUNGPINANG TIMUR KOTA TANJUNGPINANG', 1, 0, NULL, NULL, NULL, NULL, NULL, NULL, 0, NULL, 10, 234, NULL, 'Serasan', '1966-07-01', '1996-06-01', '1998-05-01', 0, NULL, 0, NULL, 0, NULL, 0, NULL, NULL, NULL, NULL, NULL, NULL),
('196610022007012013', 'SUPARMI', NULL, 'S.Sos', 703100000, '2017-08-17 17:17:17', '2017-09-03 22:11:34', '196610022007012013', NULL, 'P', 'N', 1, '3a', 9, 25, 'FUNGSIONAL UMUM PADA KELURAHAN TANJUNGPINANG TIMUR KECAMATAN BUKIT BESTARI KOTA TANJUNGPINANG', 1, 0, NULL, NULL, NULL, NULL, NULL, NULL, 0, NULL, 10, 109, NULL, 'Tanjungpinang', '1966-10-02', '2007-01-01', '2008-10-01', 0, NULL, 0, NULL, 0, NULL, 0, NULL, NULL, NULL, NULL, NULL, NULL),
('196702051996031009', 'JONI ASWAT', NULL, NULL, 703100000, '2017-08-17 17:17:17', '2017-09-03 22:11:34', '196702051996031009', NULL, 'L', 'N', 1, '3b', 8, 46, 'KEPALA SEKSI PEMBANGUNAN DAN PEMBERDAYAAN MASYARAKAT PADA KELURAHAN TANJUNGPINANG TIMUR KECAMATAN BUKIT BESTARI KOTA TANJUNGPINANG', 1, 0, NULL, NULL, NULL, NULL, NULL, NULL, 0, NULL, 3, 343, NULL, 'Indragiri Hilir', '1967-02-05', '1996-03-01', '1997-09-01', 0, NULL, 0, NULL, 0, NULL, 0, NULL, NULL, NULL, NULL, NULL, NULL),
('196708172007012036', 'KORDIAH', NULL, 'S.Pd.AUD', 503040107, '2017-08-17 17:17:17', '2017-09-03 22:11:34', '196708172007012036', NULL, 'P', 'N', 1, '3a', 9, 26, 'GURU PADA TK BARUNAWATI TANJUNGPINANG', 1, 0, NULL, NULL, NULL, NULL, NULL, NULL, 0, NULL, 10, 236, NULL, 'Pengarayan Kec. Tanjung Lubuk', '1967-08-17', '2007-01-01', '2008-11-01', 0, NULL, 0, NULL, 0, NULL, 0, NULL, NULL, NULL, NULL, NULL, NULL),
('196709211990032009', 'YUSLAINI', NULL, 'S.Sos', 510000000, '2017-08-17 17:17:17', '2017-09-03 22:11:34', '196709211990032009', NULL, 'P', 'N', 1, '3d', 7, 46, 'KEPALA SEKSI PROMOSI PENANAMAN MODAL PADA BIDANG PERENCANAAN PENGEMBANGAN IKLIM DAN PROMOSI PENANAMAN MODAL DINAS PENANAMAN MODAL DAN PELAYANAN TERPADU SATU PINTU KOTA TANJUNGPINANG', 1, 0, NULL, NULL, NULL, NULL, NULL, NULL, 0, NULL, 10, 96, NULL, 'Kepulauan Riau', '1967-09-21', '1990-03-01', '1991-07-01', 0, NULL, 0, NULL, 0, NULL, 0, NULL, NULL, NULL, NULL, NULL, NULL),
('196710082014061002', 'HAJRUL', NULL, NULL, 503030306, '2017-08-17 17:17:17', '2017-09-03 22:11:34', '196710082014061002', NULL, 'L', 'N', 1, '2a', 9, 26, 'GURU SD NEGERI 006 KECAMATAN BUKIT BESTARI KOTA TANJUNGPINANG', 1, 0, NULL, NULL, NULL, NULL, NULL, NULL, 0, NULL, 10, 211, NULL, 'Selaut', '1967-10-08', '2014-06-01', '2016-04-01', 0, NULL, 0, NULL, 0, NULL, 0, NULL, NULL, NULL, NULL, NULL, NULL),
('196710202005022002', 'MARSININGSIH', NULL, 'S.Pd.I', 503030408, '2017-08-17 17:17:17', '2017-09-03 22:11:34', '196710202005022002', NULL, 'P', 'N', 1, '3a', 9, 30, 'GURU MUDA PADA SDN 008 TANJUNGPINANG BARAT KOTA TANJUNGPINANG', 1, 0, NULL, NULL, NULL, NULL, NULL, NULL, 0, NULL, 10, 211, NULL, 'Banyumas', '1967-10-20', '2005-02-01', '2006-04-01', 0, NULL, 0, NULL, 0, NULL, 0, NULL, NULL, NULL, NULL, NULL, NULL),
('196711012014061002', 'EKA NOER MARTIN SUBARJANTO', NULL, NULL, 516000000, '2017-08-17 17:17:17', '2017-09-03 22:10:51', '196711012014061002', NULL, 'L', 'Y', 1, '2a', 9, 25, 'FUNGSIONAL UMUM PADA DINAS KOMUNIKASI DAN INFORMATIKA PEMERINTAH KOTA TANJUNGPINANG ', 1, 0, NULL, NULL, NULL, NULL, NULL, NULL, 0, NULL, 3, 316, NULL, 'Sungai Gerong', '1967-11-01', '2014-06-01', '2016-04-01', 0, NULL, 0, NULL, 0, '+6281266031866', 0, NULL, NULL, NULL, NULL, NULL, NULL),
('196801011999041002', 'MARZAINI', NULL, 'A.Ma.Pd', 503030402, '2017-08-17 17:17:17', '2017-09-03 22:11:34', '196801011999041002', NULL, 'L', 'N', 1, '3b', 9, 26, 'GURU PADA SDN 002 TANJUNGPINANG BARAT KOTA TANJUNGPINANG', 1, 0, NULL, NULL, NULL, NULL, NULL, NULL, 0, NULL, 5, 234, NULL, 'Padang Mutung', '1968-01-01', '1999-04-01', '2000-08-01', 0, NULL, 0, NULL, 0, NULL, 0, NULL, NULL, NULL, NULL, NULL, NULL),
('196801161991012002', 'TRI HERAWATI', NULL, NULL, 502060000, '2017-08-17 17:17:17', '2017-09-03 22:11:34', '196801161991012002', NULL, 'P', 'N', 1, '3c', 9, 77, 'PERAWAT PENYELIA PADA PUSKESMAS TANJUNGPINANG KOTA TANJUNGPINANG', 1, 0, NULL, NULL, NULL, NULL, NULL, NULL, 0, NULL, 3, 314, NULL, 'Tembilahan', '1968-01-16', '1991-01-01', '1992-10-01', 0, NULL, 0, NULL, 0, NULL, 0, NULL, NULL, NULL, NULL, NULL, NULL),
('196802101994122004', 'HAMIDAH', NULL, 'A.Ma.Pd.TK', 503040114, '2017-08-17 17:17:17', '2017-09-03 22:11:34', '196802101994122004', NULL, 'P', 'N', 1, '3b', 9, 26, 'GURU PADA TK SANDHI PUTRA TANJUNGPINANG', 1, 0, NULL, NULL, NULL, NULL, NULL, NULL, 0, NULL, 10, 214, NULL, 'Moro', '1968-02-10', '1994-12-01', '2000-08-01', 0, NULL, 0, NULL, 0, NULL, 0, NULL, NULL, NULL, NULL, NULL, NULL),
('196804161989082001', 'SAONAH', NULL, 'S.Pd.SD', 503030402, '2017-08-17 17:17:17', '2017-09-03 22:11:34', '196804161989082001', NULL, 'P', 'N', 1, '4a', 9, 29, 'GURU MADYA PADA SDN 002 TANJUNGPINANG BARAT KOTA TANJUNGPINANG', 1, 0, NULL, NULL, NULL, NULL, NULL, NULL, 0, NULL, 10, 234, NULL, 'Kunir', '1968-04-16', '1989-08-01', '1990-11-01', 0, NULL, 0, NULL, 0, NULL, 0, NULL, NULL, NULL, NULL, NULL, NULL),
('196804171995122003', 'NURHAYATI GENI', NULL, 'A.Ma.Pd.TK', 503040107, '2017-08-17 17:17:17', '2017-09-03 22:11:34', '196804171995122003', NULL, 'P', 'N', 1, '3d', 9, 30, 'GURU MUDA PADA TK BARUNAWATI TANJUNGPINANG', 1, 0, NULL, NULL, NULL, NULL, NULL, NULL, 0, NULL, 10, 233, NULL, 'Tanjung Batu Kundur', '1968-04-17', '1995-12-01', '1997-06-01', 0, NULL, 0, NULL, 0, NULL, 0, NULL, NULL, NULL, NULL, NULL, NULL),
('196805081989031007', 'BAHARUDDIN', NULL, NULL, 503010100, '2017-08-17 17:17:17', '2017-09-03 22:11:34', '196805081989031007', NULL, 'L', 'N', 1, '2b', 9, 25, 'FUNGSIONAL UMUM PADA SANGGAR KEGIATAN BELAJAR KOTA TANJUNGPINANG', 1, 0, NULL, NULL, NULL, NULL, NULL, NULL, 0, NULL, 2, 200, NULL, 'Penyengat', '1968-05-08', '1989-03-01', '1991-02-01', 0, NULL, 0, NULL, 0, NULL, 0, NULL, NULL, NULL, NULL, NULL, NULL),
('196805142006042010', 'NURMAILIZA', NULL, NULL, 701040000, '2017-08-17 17:17:17', '2017-09-03 22:11:34', '196805142006042010', NULL, 'P', 'N', 1, '2b', 9, 25, 'FUNGSIONAL UMUM PADA KELURAHAN PENYENGAT KECAMATAN TANJUNGPINANG KOTA - KOTA TANJUNGPINANG', 1, 0, NULL, NULL, NULL, NULL, NULL, NULL, 0, NULL, 3, 112, NULL, 'Penyengat', '1968-05-14', '2006-04-01', '2007-12-01', 0, NULL, 0, NULL, 0, NULL, 0, NULL, NULL, NULL, NULL, NULL, NULL),
('196807141991012001', 'SITI NURHAYATI', NULL, NULL, 502060000, '2017-08-17 17:17:17', '2017-09-03 22:11:34', '196807141991012001', NULL, 'P', 'N', 1, '3c', 9, 77, 'PERAWAT PENYELIA PUSKESMAS TANJUNGPINANG PEMERINTAH KOTA TANJUNGPINANG', 1, 0, NULL, NULL, NULL, NULL, NULL, NULL, 0, NULL, 3, 314, NULL, 'Tanjungpinang', '1968-07-14', '1991-01-01', '1993-01-01', 0, NULL, 0, NULL, 0, NULL, 0, NULL, NULL, NULL, NULL, NULL, NULL),
('196810281990032006', 'NURMAYANI', NULL, NULL, 503040112, '2017-08-17 17:17:17', '2017-09-03 22:11:34', '196810281990032006', NULL, 'P', 'N', 1, '4a', 9, 30, 'GURU MUDA PADA TK PERTIWI TANJUNGPINANG', 1, 0, NULL, NULL, NULL, NULL, NULL, NULL, 0, NULL, 5, 236, NULL, 'Tambelan', '1968-10-28', '1990-03-01', '1992-03-01', 0, NULL, 0, NULL, 0, NULL, 0, NULL, NULL, NULL, NULL, NULL, NULL),
('196810312008012003', 'ZANIBAR', NULL, NULL, 503030503, '2017-08-17 17:17:17', '2017-09-03 22:11:34', '196810312008012003', NULL, 'P', 'N', 1, '2c', 9, 26, 'GURU PADA SD MADRASAH IBTIDAIYAH AN-NUR TANJUNGPINANG BARAT', 1, 0, NULL, NULL, NULL, NULL, NULL, NULL, 0, NULL, 3, 310, NULL, 'Bukit Malintang', '1968-10-31', '2008-01-01', '2009-08-01', 0, NULL, 0, NULL, 0, NULL, 0, NULL, NULL, NULL, NULL, NULL, NULL),
('196812151993032014', 'KASMAWATI', NULL, 'S.Pd.SD', 503030110, '2017-08-17 17:17:17', '2017-09-03 22:11:34', '196812151993032014', NULL, 'P', 'N', 1, '3c', 9, 30, 'GURU MUDA PADA SDN 012 TANJUNGPINANG KOTA - KOTA TANJUNGPINANG', 1, 0, NULL, NULL, NULL, NULL, NULL, NULL, 0, NULL, 10, 234, NULL, 'Midai', '1968-12-15', '1993-03-01', '1994-07-01', 0, NULL, 0, NULL, 0, NULL, 0, NULL, NULL, NULL, NULL, NULL, NULL),
('196901011991121002', 'NGATIJO', NULL, 'S.Pd.SD', 503030110, '2017-08-17 17:17:17', '2017-09-03 22:11:34', '196901011991121002', NULL, 'L', 'N', 1, '3d', 9, 30, 'GURU MUDA PADA SDN 012 TANJUNGPINANG KOTA - KOTA TANJUNGPINANG', 1, 0, NULL, NULL, NULL, NULL, NULL, NULL, 0, NULL, 10, 234, NULL, 'Kali Bawang Kulonprogo', '1969-01-01', '1991-12-01', '1993-10-01', 0, NULL, 0, NULL, 0, NULL, 0, NULL, NULL, NULL, NULL, NULL, NULL),
('196903202007011018', 'JHON ANDASPRA', NULL, 'ST', 516000000, '2017-08-17 17:17:17', '2017-09-03 22:10:53', '196903202007011018', NULL, 'L', 'Y', 1, '3c', 7, 48, 'KEPALA SEKSI PELAYANAN INFRASTRUKTUR, INTERNET DAN INTRANET PADA BIDANG TEKNOLOGI INFORMASI KOMUNIKASI (TIK) DINAS KOMUNIKASI DAN INFORMATIKA KOTA TANJUNGPINANG', 1, 0, NULL, NULL, NULL, NULL, NULL, NULL, 0, NULL, 10, 359, NULL, 'Bukittinggi', '1969-03-20', '2007-01-01', '2007-01-01', 0, NULL, 0, NULL, 0, '+6282389131423', 0, NULL, NULL, NULL, NULL, NULL, NULL),
('196904242007012035', 'SYARIFAH INDRIYAWATI', NULL, 'S.Pd.AUD', 503040106, '2017-08-17 17:17:17', '2017-09-03 22:11:34', '196904242007012035', NULL, 'P', 'N', 1, '3b', 9, 26, 'GURU PADA TK AR-RAHMAN TANJUNGPINANG', 1, 0, NULL, NULL, NULL, NULL, NULL, NULL, 0, NULL, 10, 214, NULL, 'Penyengat', '1969-04-24', '2007-01-01', '2008-11-01', 0, NULL, 0, NULL, 0, NULL, 0, NULL, NULL, NULL, NULL, NULL, NULL),
('196905132006041007', 'HENDRIA RUSWAN', NULL, 'A.Md', 605000000, '2017-08-17 17:17:17', '2017-09-03 22:11:34', '196905132006041007', NULL, 'L', 'N', 1, '3a', 9, 25, 'FUNGSIONAL UMUM PADA BADAN NARKOTIKA NASIONAL KOTA TANJUNGPINANG PEMERINTAH KOTA TANJUNGPINANG ', 1, 0, NULL, NULL, NULL, NULL, NULL, NULL, 0, NULL, 6, 168, NULL, 'Jakarta', '1969-05-13', '2006-04-01', '2007-12-01', 0, NULL, 0, NULL, 0, NULL, 0, NULL, NULL, NULL, NULL, NULL, NULL),
('196905161990032006', 'ERDIANA', NULL, NULL, 503040104, '2017-08-17 17:17:17', '2017-09-03 22:11:34', '196905161990032006', NULL, 'P', 'N', 1, '3d', 9, 30, 'GURU MUDA PADA TK AL FALAH TANJUNGPINANG', 1, 0, NULL, NULL, NULL, NULL, NULL, NULL, 0, NULL, 3, 310, NULL, 'Bengkalis', '1969-05-16', '1990-03-01', '1991-08-01', 0, NULL, 0, NULL, 0, NULL, 0, NULL, NULL, NULL, NULL, NULL, NULL),
('196905162007011029', 'AHMAD', NULL, NULL, 704150000, '2017-08-17 17:17:17', '2017-09-03 22:11:34', '196905162007011029', NULL, 'L', 'N', 1, '2c', 9, 25, 'FUNGSIONAL UMUM PADA KELURAHAN TANJUNGPINANG BARAT', 1, 0, NULL, NULL, NULL, NULL, NULL, NULL, 0, NULL, 3, 316, NULL, 'Tembilahan', '1969-05-16', '2007-01-01', '2008-01-01', 0, NULL, 0, NULL, 0, NULL, 0, NULL, NULL, NULL, NULL, NULL, NULL),
('196906131990031009', 'DJASMAN', NULL, 'S.Sos', 516000000, '2017-08-17 17:17:17', '2017-11-20 00:24:05', '196906131990031009', '2172021306690001', 'L', 'Y', 1, '4a', 5, 84, 'SEKRETARIS PADA DINAS KOMUNIKASI DAN INFORMATIKA KOTA TANJUNGPINANG', 1, 0, 'Jl. Permata IV Blok D No. 3', 4, 6, 37682, 66, 7, 0, 'B', 10, 330, NULL, 'Senayang', '1969-06-13', '1990-03-01', '1991-03-01', 0, 'djasman 1969@gmail.com', 0, NULL, 0, '+6282170279775', 0, NULL, NULL, NULL, NULL, 'Ayo berkarya', '196906131990031009'),
('196906242006042012', 'SYARYATI', NULL, 'S.AP', 704150000, '2017-08-17 17:17:17', '2017-09-03 22:11:34', '196906242006042012', NULL, 'P', 'N', 1, '3b', 8, 46, 'KEPALA SEKSI PELAYANAN UMUM DAN KESEJAHTERAAN SOSIAL PADA KELURAHAN TANJUNGPINANG BARAT KECAMATAN TANJUNGPINANG BARAT KOTA TANJUNGPINANG', 1, 0, NULL, NULL, NULL, NULL, NULL, NULL, 0, NULL, 10, 96, NULL, 'Tanjung Siambang', '1969-06-24', '2006-04-01', '2007-12-01', 0, NULL, 0, NULL, 0, NULL, 0, NULL, NULL, NULL, NULL, NULL, NULL),
('196909161991032009', 'MAHDALENA SARAGIH', NULL, 'AMk', 502100000, '2017-08-17 17:17:17', '2017-09-03 22:11:34', '196909161991032009', NULL, 'P', 'N', 1, '3d', 9, 77, 'PERAWAT PENYELIA PADA PUSKESMAS MELAYU KOTA PIRING KOTA TANJUNGPINANG', 1, 0, NULL, NULL, NULL, NULL, NULL, NULL, 0, NULL, 6, 125, NULL, 'Sari Budolok Simalungun', '1969-09-16', '1991-03-01', '1993-02-01', 0, NULL, 0, NULL, 0, NULL, 0, NULL, NULL, NULL, NULL, NULL, NULL),
('196911201989082001', 'FARIDA ARIANI', NULL, 'S.Pd.SD', 503030505, '2017-08-17 17:17:17', '2017-09-03 22:11:34', '196911201989082001', NULL, 'P', 'N', 1, '3d', 9, 30, 'GURU MUDA PADA SDN MIS TANJUNGPINANG TIMUR', 1, 0, NULL, NULL, NULL, NULL, NULL, NULL, 0, NULL, 10, 234, NULL, 'Siantan', '1969-11-20', '1989-08-01', '1991-05-01', 0, NULL, 0, NULL, 0, NULL, 0, NULL, NULL, NULL, NULL, NULL, NULL),
('196911301992032006', 'ISNAINI', NULL, 'A.Ma.Pd.TK', 503040104, '2017-08-17 17:17:17', '2017-09-03 22:11:34', '196911301992032006', NULL, 'P', 'N', 1, '3d', 9, 30, 'GURU MUDA PADA TK AL FALAH TANJUNGPINANG', 1, 0, NULL, NULL, NULL, NULL, NULL, NULL, 0, NULL, 5, 236, NULL, 'Siantan', '1969-11-30', '1992-03-01', '1994-03-01', 0, NULL, 0, NULL, 0, NULL, 0, NULL, NULL, NULL, NULL, NULL, NULL),
('196912211990032004', 'FARYANTI', NULL, 'S.Pd.Aud', 503040114, '2017-08-17 17:17:17', '2017-09-03 22:11:34', '196912211990032004', NULL, 'P', 'N', 1, '4a', 9, 30, 'GURU MUDA PADA TK SANDHI PUTRA TANJUNGPINANG', 1, 0, NULL, NULL, NULL, NULL, NULL, NULL, 0, NULL, 10, 233, NULL, 'Tambelan', '1969-12-21', '1990-03-01', '1992-03-01', 0, NULL, 0, NULL, 0, NULL, 0, NULL, NULL, NULL, NULL, NULL, NULL),
('197001062003122004', 'SALMAH', NULL, 'S.PD.I', 503030110, '2017-08-17 17:17:17', '2017-09-03 22:11:34', '197001062003122004', NULL, 'P', 'N', 1, '3a', 9, 26, 'GURU PADA SDN 012 TANJUNGPINANG KOTA - KOTA TANJUNGPINANG', 1, 0, NULL, NULL, NULL, NULL, NULL, NULL, 0, NULL, 10, 211, NULL, 'Terempa', '1970-01-06', '2003-12-01', '2005-03-01', 0, NULL, 0, NULL, 0, NULL, 0, NULL, NULL, NULL, NULL, NULL, NULL),
('197001071994032010', 'NORIZAN', NULL, NULL, 503030404, '2017-08-17 17:17:17', '2017-09-03 22:11:34', '197001071994032010', NULL, 'P', 'N', 1, '3d', 9, 30, 'GURU MUDA PADA SDN 004 TANJUNGPINANG BARAT KOTA TANJUNGPINANG', 1, 0, NULL, NULL, NULL, NULL, NULL, NULL, 0, NULL, 5, 234, NULL, 'Karas', '1970-01-07', '1994-03-01', '1995-04-01', 0, NULL, 0, NULL, 0, NULL, 0, NULL, NULL, NULL, NULL, NULL, NULL),
('197006142007011031', 'HIDAYAT PALANSUKA', NULL, NULL, 503030107, '2017-08-17 17:17:17', '2017-09-03 22:11:34', '197006142007011031', NULL, 'L', 'N', 1, '2b', 9, 26, 'GURU PADA SDN 008 TANJUNGPINANG KOTA - KOTA TANJUNGPINANG', 1, 0, NULL, NULL, NULL, NULL, NULL, NULL, 0, NULL, 3, 305, NULL, 'Pontianak', '1970-06-14', '2007-01-01', '2008-11-01', 0, NULL, 0, NULL, 0, NULL, 0, NULL, NULL, NULL, NULL, NULL, NULL),
('197009102007012031', 'YETTY VIVIAN ELDA', NULL, 'S.Pd.AUD', 503040109, '2017-08-17 17:17:17', '2017-09-03 22:11:34', '197009102007012031', NULL, 'P', 'N', 1, '3a', 9, 32, 'GURU PERTAMA TK KEMALA BHAYANGKARI PEMERINTAH KOTA TANJUNGPINANG', 1, 0, NULL, NULL, NULL, NULL, NULL, NULL, 0, NULL, 10, 214, NULL, 'Kec. Jemaja Kab. Kep. Riau', '1970-09-10', '2007-01-01', '2008-11-01', 0, NULL, 0, NULL, 0, NULL, 0, NULL, NULL, NULL, NULL, NULL, NULL),
('197011122003121007', 'MARDIANSYAH', 'drg.', 'M.Kes', 502100000, '2017-08-17 17:17:17', '2017-09-03 22:11:34', '197011122003121007', NULL, 'L', 'N', 1, '4a', 9, 20, 'DOKTER GIGI PADA PUSKESMAS MELAYU KOTA PIRING KOTA TANJUNGPINANG', 1, 0, NULL, NULL, NULL, NULL, NULL, NULL, 0, NULL, 11, 119, NULL, 'Tanjung Pauh', '1970-11-12', '2003-12-01', '2005-01-01', 0, NULL, 0, NULL, 0, NULL, 0, NULL, NULL, NULL, NULL, NULL, NULL),
('197011301991032010', 'FITRIANI', NULL, 'S.ST', 502100000, '2017-08-17 17:17:17', '2017-09-03 22:11:34', '197011301991032010', NULL, 'P', 'N', 1, '3c', 8, 47, 'KEPALA SUB BAGIAN TATA USAHA PADA PUSKESMAS MELAYU KOTA PIRING KOTA TANJUNGPINANG', 1, 0, NULL, NULL, NULL, NULL, NULL, NULL, 0, NULL, 7, 50, NULL, 'Padang', '1970-11-30', '1991-03-01', '1993-02-01', 0, NULL, 0, NULL, 0, NULL, 0, NULL, NULL, NULL, NULL, NULL, NULL),
('197012162002121006', 'DEDE HARYANA', NULL, 'S.Sos', 516000000, '2017-08-17 17:17:17', '2017-09-03 22:10:56', '197012162002121006', NULL, 'L', 'Y', 1, '3b', 9, 25, 'FUNGSIONAL UMUM PADA DINAS KOMUNIKASI DAN INFORMATIKA PEMERINTAH KOTA TANJUNGPINANG', 1, 0, NULL, NULL, NULL, NULL, NULL, NULL, 0, NULL, 10, 96, NULL, 'Bandung', '1970-12-16', '2002-12-01', '2004-02-03', 0, NULL, 0, NULL, 0, '+628127748881', 0, NULL, NULL, NULL, NULL, NULL, NULL),
('197102052005022002', 'SYARIPAH AZIZAH', NULL, 'S.Pd.AUD', 503040105, '2017-08-17 17:17:17', '2017-09-03 22:11:34', '197102052005022002', NULL, 'P', 'N', 1, '3b', 9, 26, 'GURU PADA TK ANGKASA II TANJUNGPINANG', 1, 0, NULL, NULL, NULL, NULL, NULL, NULL, 0, NULL, 10, 233, NULL, 'Serantas', '1971-02-05', '2005-02-01', '2006-03-01', 0, NULL, 0, NULL, 0, NULL, 0, NULL, NULL, NULL, NULL, NULL, NULL),
('197103261993101001', 'KASBU', NULL, 'S.Ag', 503030404, '2017-08-17 17:17:17', '2017-09-03 22:11:34', '197103261993101001', NULL, 'L', 'N', 1, '3d', 9, 30, 'GURU MUDA PADA SDN 004 TANJUNGPINANG BARAT KOTA TANJUNGPINANG', 1, 0, NULL, NULL, NULL, NULL, NULL, NULL, 0, NULL, 10, 210, NULL, 'Tumohon', '1971-03-26', '1993-10-01', '1995-04-01', 0, NULL, 0, NULL, 0, NULL, 0, NULL, NULL, NULL, NULL, NULL, NULL),
('197105062005022003', 'MAULINA', 'Hj.', 'A.Ma', 503030209, '2017-08-17 17:17:17', '2017-09-03 22:11:34', '197105062005022003', NULL, 'P', 'N', 1, '3b', 9, 26, 'GURU PADA SDN 009 TANJUNGPINANG TIMUR KOTA TANJUNGPINANG', 1, 0, NULL, NULL, NULL, NULL, NULL, NULL, 0, NULL, 5, 234, NULL, 'Midai', '1971-05-06', '2005-02-01', '2006-03-01', 0, NULL, 0, NULL, 0, NULL, 0, NULL, NULL, NULL, NULL, NULL, NULL),
('197108262005022003', 'INDARTI', NULL, 'S.PD.I', 503040111, '2017-08-17 17:17:17', '2017-09-03 22:11:34', '197108262005022003', NULL, 'P', 'N', 1, '3b', 9, 26, 'GURU PADA TK MIFTAHUL FALAH TANJUNGPINANG', 1, 0, NULL, NULL, NULL, NULL, NULL, NULL, 0, NULL, 10, 211, NULL, 'Klaten', '1971-08-26', '2005-02-01', '2006-03-01', 0, NULL, 0, NULL, 0, NULL, 0, NULL, NULL, NULL, NULL, NULL, NULL),
('197109151993032008', 'DAHLIA SARI', NULL, NULL, 516000000, '2017-08-17 17:17:17', '2017-11-20 00:25:46', '197109151993032008', NULL, 'P', 'Y', 1, '3b', 9, 25, 'FUNGSIONAL UMUM PADA DINAS KOMUNIKASI DAN INFORMATIKA PEMERINTAH KOTA TANJUNGPINANG ', 1, 0, NULL, NULL, NULL, NULL, NULL, NULL, 0, NULL, 3, 305, NULL, 'Tanjungpinang', '1971-09-15', '1993-03-01', '1994-04-01', 0, NULL, 0, NULL, 0, NULL, 0, NULL, NULL, NULL, NULL, NULL, NULL),
('197110041992032006', 'NISYARINAH', NULL, 'S.Sos', 516000000, '2017-08-17 17:17:17', '2017-11-20 00:24:21', '197110041992032006', '2172024410710002', 'P', 'Y', 1, '3c', 7, 47, 'KEPALA SUB BAGIAN UMUM, KEPEGAWAIAN DAN KEUANGAN PADA SEKRETARIAT DINAS KOMUNIKASI DAN INFORMATIKA KOTA TANJUNGPINANG', 1, 0, 'Jl. Bukit Raya No. 8', 3, 5, 37681, 66, 7, 0, 'A', 10, 96, NULL, 'Tarempa', '1971-10-04', '1992-03-01', '1993-05-01', 0, 'nisyarinah71@gmail.com', 0, NULL, 0, '+628127077590', 0, NULL, NULL, 'nisyarinah.sarinah', NULL, 'Popularitas bisa di bangun tanpa harus menjelekkan orang lain', '197110041992032006'),
('197110112005012002', 'HAIROELLENI', NULL, 'S.Sos', 703120000, '2017-08-17 17:17:17', '2017-09-03 22:11:34', '197110112005012002', NULL, 'P', 'N', 1, '3b', 8, 46, 'KEPALA SEKSI PEMERINTAHAN, KETENTRAMAN DAN KETERTIBAN PADA KELURAHAN TANJUNG AYUN SAKTI KECAMATAN BUKIT BESTARI KOTA TANJUNGPINANG', 1, 0, NULL, NULL, NULL, NULL, NULL, NULL, 0, NULL, 10, 11, NULL, 'Pangkal Pinang', '1971-10-11', '2005-01-01', '2006-04-01', 0, NULL, 0, NULL, 0, NULL, 0, NULL, NULL, NULL, NULL, NULL, NULL),
('197111121998102001', 'MURNIATI', NULL, 'S.Pd.SD', 503030311, '2017-08-17 17:17:17', '2017-09-03 22:11:34', '197111121998102001', NULL, 'P', 'N', 1, '3b', 9, 26, 'GURU PADA SDN 011 BUKIT BESTARI KOTA TANJUNGPINANG', 1, 0, NULL, NULL, NULL, NULL, NULL, NULL, 0, NULL, 10, 234, NULL, 'Tanjungpinang', '1971-11-12', '1998-10-01', '2000-08-01', 0, NULL, 0, NULL, 0, NULL, 0, NULL, NULL, NULL, NULL, NULL, NULL),
('197112281995102001', 'ENDANG SURATI', NULL, 'S.Ag', 503030501, '2017-08-17 17:17:17', '2017-09-03 22:11:34', '197112281995102001', NULL, 'P', 'N', 1, '3c', 9, 30, 'GURU MUDA PADA SD BINTAN', 1, 0, NULL, NULL, NULL, NULL, NULL, NULL, 0, NULL, 10, 60, NULL, 'Temanggung', '1971-12-28', '1995-10-01', '1997-06-01', 0, NULL, 0, NULL, 0, NULL, 0, NULL, NULL, NULL, NULL, NULL, NULL),
('197203041998031005', 'TRI CAHYO WIBOWO', NULL, 'S.Sos M.Si', 401000000, '2017-08-17 17:17:17', '2017-09-03 22:11:34', '197203041998031005', NULL, 'L', 'N', 1, '4a', 6, 41, 'KEPALA BIDANG SOSIAL DAN PEMERINTAH PADA BADAN PERENCANAAN PEMBANGUNAN, PENELITIAN DAN PENGEMBANGAN KOTA TANJUNGPINANG', 1, 0, NULL, NULL, NULL, NULL, NULL, NULL, 0, NULL, 11, 270, NULL, 'Salatiga', '1972-03-04', '1998-03-01', '2000-03-01', 0, NULL, 0, NULL, 0, NULL, 0, NULL, NULL, NULL, NULL, NULL, NULL),
('197203112009041001', 'SOPIAN TONI', NULL, NULL, 702050000, '2017-08-17 17:17:17', '2017-09-03 22:11:34', '197203112009041001', NULL, 'L', 'N', 1, '2b', 9, 25, 'FUNGSIONAL UMUM PADA KELURAHAN MELAYU KOTA PIRING KECAMATAN TANJUNGPINANG TIMUR PEMERINTAH KOTA TANJUNGPINANG ', 1, 0, NULL, NULL, NULL, NULL, NULL, NULL, 0, NULL, 3, 295, NULL, 'Midai', '1972-03-11', '2009-04-01', '2011-04-01', 0, NULL, 0, NULL, 0, NULL, 0, NULL, NULL, NULL, NULL, NULL, NULL),
('197204032007011033', 'PARMIN', NULL, NULL, 704170000, '2017-08-17 17:17:17', '2017-09-03 22:11:34', '197204032007011033', NULL, 'L', 'N', 1, '2c', 9, 25, 'FUNGSIONAL UMUM PADA KELURAHAN KAMPUNG BARU KECAMATAN TANJUNGPINANG BARAT KOTA TANJUNGPINANG', 1, 0, NULL, NULL, NULL, NULL, NULL, NULL, 0, NULL, 3, 98, NULL, 'Pemangkat', '1972-04-03', '2007-01-01', '2008-11-01', 0, NULL, 0, NULL, 0, NULL, 0, NULL, NULL, NULL, NULL, NULL, NULL),
('197208102007012028', 'IRNAWATI', NULL, 'S.Pd.SD', 503030304, '2017-08-17 17:17:17', '2017-09-03 22:11:34', '197208102007012028', NULL, 'P', 'N', 1, '3a', 9, 45, 'KEPALA SEKOLAH PADA SDN 004 BUKIT BESTARI KOTA TANJUNGPINANG', 1, 0, NULL, NULL, NULL, NULL, NULL, NULL, 0, NULL, 10, 234, NULL, 'Surabaya', '1972-08-10', '2007-01-01', '2008-11-01', 0, NULL, 0, NULL, 0, NULL, 0, NULL, NULL, NULL, NULL, NULL, NULL);
INSERT INTO `m_peg` (`id_peg`, `nama`, `gelar_depan`, `gelar_belakang`, `id_opd`, `waktu_add`, `waktu_modifi`, `nip`, `nik`, `jk`, `kawin`, `status_peg`, `gol_ruang`, `eselon`, `jabatan`, `ket_jabatan`, `agama`, `tampil_alamat`, `alamat`, `alamat_rt`, `alamat_rw`, `alamat_kel`, `alamat_kec`, `alamat_kota`, `alamat_prov`, `gol_darah`, `pend_terakhir`, `pend_umum`, `tgl_lulus`, `tmp_lahir`, `tgl_lahir`, `tmt_cpns`, `tmt_pns`, `tampil_email1`, `email`, `tampil_email2`, `email2`, `tampil_ponsel1`, `ponsel1`, `tampil_ponsel2`, `ponsel2`, `twitter`, `facebook`, `telegram`, `tentang_peg`, `foto_peg`) VALUES
('197208211994042001', 'NANI MASTURA', NULL, 'A.Ma.Pd', 503030302, '2017-08-17 17:17:17', '2017-09-03 22:11:34', '197208211994042001', NULL, 'P', 'N', 1, '3b', 9, 29, 'GURU MADYA PADA SD NEGERI 002 KECAMATAN BUKIT BESTARI', 1, 0, NULL, NULL, NULL, NULL, NULL, NULL, 0, NULL, 5, 234, NULL, 'Daik Lingga', '1972-08-21', '1994-04-01', '1995-06-01', 0, NULL, 0, NULL, 0, NULL, 0, NULL, NULL, NULL, NULL, NULL, NULL),
('197210192008012010', 'SYILVIA RAKHMADIANTY', NULL, 'SH', 503030313, '2017-08-17 17:17:17', '2017-09-03 22:11:34', '197210192008012010', NULL, 'P', 'N', 1, '3b', 9, 26, 'GURU PADA SDN 013 BUKIT BESTARI KOTA TANJUNGPINANG', 1, 0, NULL, NULL, NULL, NULL, NULL, NULL, 0, NULL, 10, 102, NULL, 'Tanjungpinang', '1972-10-19', '2008-01-01', '2009-08-01', 0, NULL, 0, NULL, 0, NULL, 0, NULL, NULL, NULL, NULL, NULL, NULL),
('197301011992032006', 'FARREHA', NULL, 'S.Pd.AUD', 503040108, '2017-08-17 17:17:17', '2017-09-03 22:11:34', '197301011992032006', NULL, 'P', 'N', 1, '4a', 9, 29, 'GURU MADYA PADA TK EKA DYAKSA KOTA TANJUNGPINANG', 1, 0, NULL, NULL, NULL, NULL, NULL, NULL, 0, NULL, 10, 214, NULL, 'Tanjungpinang', '1973-01-01', '1992-03-01', '1994-02-01', 0, NULL, 0, NULL, 0, NULL, 0, NULL, NULL, NULL, NULL, NULL, NULL),
('197304072006042020', 'YUSTIKANUR', NULL, NULL, 704170000, '2017-08-17 17:17:17', '2017-09-03 22:11:34', '197304072006042020', NULL, 'P', 'N', 1, '2c', 9, 25, 'FUNGSIONAL UMUM PADA KELURAHAN KAMPUNG BUGIS KECAMATAN TANJUNGPINANG KOTA - KOTA TANJUNGPINANG', 1, 0, NULL, NULL, NULL, NULL, NULL, NULL, 0, NULL, 3, 155, NULL, 'Kampung Bugis', '1973-04-07', '2006-04-01', '2007-12-01', 0, NULL, 0, NULL, 0, NULL, 0, NULL, NULL, NULL, NULL, NULL, NULL),
('197311232003121004', 'FITRI SETIADI', NULL, 'ST', 401000000, '2017-08-17 17:17:17', '2017-09-03 22:11:34', '197311232003121004', NULL, 'L', 'N', 1, '3d', 6, 41, 'KEPALA BIDANG PENELITIAN DAN PENGEMBANGAN PADA BADAN PERENCANAAN PEMBANGUNAN, PENELITIAN DAN PENGEMBANGAN KOTA TANJUNGPINANG', 1, 0, NULL, NULL, NULL, NULL, NULL, NULL, 0, NULL, 10, 84, NULL, 'Tanjungpinang', '1973-11-23', '2003-12-01', '2005-03-01', 0, NULL, 0, NULL, 0, NULL, 0, NULL, NULL, NULL, NULL, NULL, NULL),
('197312181994102001', 'SRIYANI', NULL, 'S.Pd.B', 503030109, '2017-08-17 17:17:17', '2017-09-03 22:11:34', '197312181994102001', NULL, 'P', 'N', 1, '3c', 9, 30, 'GURU MUDA PADA SDN 010 TANJUNGPINANG KOTA - KOTA TANJUNGPINANG', 1, 0, NULL, NULL, NULL, NULL, NULL, NULL, 0, NULL, 10, 210, NULL, 'Temenggung', '1973-12-18', '1994-10-01', '1996-06-01', 0, NULL, 0, NULL, 0, NULL, 0, NULL, NULL, NULL, NULL, NULL, NULL),
('197403231994031004', 'DODY SAPUTRA', NULL, NULL, 702050000, '2017-08-17 17:17:17', '2017-09-03 22:11:34', '197403231994031004', NULL, 'L', 'N', 1, '3b', 8, 46, 'KEPALA SEKSI PEMERINTAHAN, KETENTRAMAN DAN KETERTIBAN PADA KELURAHAN MELAYU KOTA PIRING KECAMATAN TANJUNGPINANG TIMUR KOTA TANJUNGPINANG', 1, 0, NULL, NULL, NULL, NULL, NULL, NULL, 0, NULL, 3, 305, NULL, 'Bunga Bondar X', '1974-03-23', '1994-03-01', '1995-07-01', 0, NULL, 0, NULL, 0, NULL, 0, NULL, NULL, NULL, NULL, NULL, NULL),
('197404062007012023', 'ENDANG SUPRIHATIN', NULL, 'S.Pd', 503030411, '2017-08-17 17:17:17', '2017-09-03 22:11:34', '197404062007012023', NULL, 'P', 'N', 1, '3a', 9, 25, 'FUNGSIONAL UMUM PADA SDN 011 TANJUNGPINANG BARAT KOTA TANJUNGPINANG', 1, 0, NULL, NULL, NULL, NULL, NULL, NULL, 0, NULL, 10, 234, NULL, 'Gunung Kidul', '1974-04-06', '2007-01-01', '2009-01-01', 0, NULL, 0, NULL, 0, NULL, 0, NULL, NULL, NULL, NULL, NULL, NULL),
('197404302007012013', 'KARYANA ANDRIANI', NULL, 'S.Pd.AUD', 503040102, '2017-08-17 17:17:17', '2017-09-03 22:11:34', '197404302007012013', NULL, 'P', 'N', 1, '3a', 9, 29, 'GURU MADYA TK NEGERI PEMBINA II PADA TK/RA PEMERINTAH KOTA TANJUNGPINANGKOTA TANJUNGPINANG', 1, 0, NULL, NULL, NULL, NULL, NULL, NULL, 0, NULL, 10, 236, NULL, 'Tanjungpinang', '1974-04-30', '2007-01-01', '2008-11-01', 0, NULL, 0, NULL, 0, NULL, 0, NULL, NULL, NULL, NULL, NULL, NULL),
('197407072006041007', 'TEGUH SUSANTO', NULL, 'ST', 516000000, '2017-08-17 17:17:17', '2017-11-19 21:35:27', '197407072006041007', '2172020707740004', 'L', 'Y', 1, '3d', 6, 41, 'KEPALA BIDANG PENGELOLAAN INFORMASI DAN SALURAN KOMUNIKASI PUBLIK PADA DINAS KOMUNIKASI DAN INFORMATIKA KOTA TANJUNGPINANG', 1, 0, 'Griya Indonusa Lestari', 2, 8, 37298, 7, 1, 0, 'O', 10, 352, NULL, 'Pekanbaru', '1974-07-07', '2006-04-01', '2007-07-01', 0, 'teguhcantona@yahoo.co.id', 0, NULL, 0, '+6285355782818', 0, NULL, NULL, NULL, NULL, 'Simple present tense', '197407072006041007'),
('197408262006042019', 'SYARIFAH FARADILLA', NULL, 'S.Pd.SD', 503030413, '2017-08-17 17:17:17', '2017-09-03 22:11:34', '197408262006042019', NULL, 'P', 'N', 1, '3b', 9, 26, 'GURU PADA SDN 013 TANJUNGPINANG BARAT KOTA TANJUNGPINANG', 1, 0, NULL, NULL, NULL, NULL, NULL, NULL, 0, NULL, 10, 234, NULL, 'Penyengat', '1974-08-26', '2006-04-01', '2007-12-01', 0, NULL, 0, NULL, 0, NULL, 0, NULL, NULL, NULL, NULL, NULL, NULL),
('197410062008012011', 'SUZANTI', NULL, 'S.Pd.SD', 503030402, '2017-08-17 17:17:17', '2017-09-03 22:11:34', '197410062008012011', NULL, 'P', 'N', 1, '3a', 9, 32, 'GURU PERTAMA PADA SD NEGERI 002 KECAMATAN TANJUNGPINANG BARAT', 1, 0, NULL, NULL, NULL, NULL, NULL, NULL, 0, NULL, 10, 234, NULL, 'Penyengat', '1974-10-06', '2008-01-01', '2009-08-01', 0, NULL, 0, NULL, 0, NULL, 0, NULL, NULL, NULL, NULL, NULL, NULL),
('197411012006041020', 'MAHNIZAR', NULL, 'S.IP', 701040000, '2017-08-17 17:17:17', '2017-09-03 22:11:34', '197411012006041020', NULL, 'L', 'N', 1, '3b', 8, 84, 'SEKRETARIS PADA KELURAHAN PENYENGAT KECAMATAN TANJUNGPINANG KOTA KOTA TANJUNGPINANG', 1, 0, NULL, NULL, NULL, NULL, NULL, NULL, 0, NULL, 10, 109, NULL, 'Daik', '1974-11-01', '2006-04-01', '2007-12-01', 0, NULL, 0, NULL, 0, NULL, 0, NULL, NULL, NULL, NULL, NULL, NULL),
('197501042007011017', 'HERY PURWANTO', NULL, 'S.Kom', 605000000, '2017-08-17 17:17:17', '2017-09-03 22:11:34', '197501042007011017', NULL, 'L', 'N', 1, '3c', 7, 46, 'KEPALA SEKSI PENCEGAHAN DAN DAYAMAS PADA BADAN NARKOTIKA NASIONAL KOTA TANJUNGPINANG', 1, 0, NULL, NULL, NULL, NULL, NULL, NULL, 0, NULL, 10, 324, NULL, 'Ranai', '1975-01-04', '2007-01-01', '2008-11-01', 0, NULL, 0, NULL, 0, NULL, 0, NULL, NULL, NULL, NULL, NULL, NULL),
('197501182006041010', 'EFFENDI', NULL, 'S.Sos', 702090000, '2017-08-17 17:17:17', '2017-09-03 22:11:34', '197501182006041010', NULL, 'L', 'N', 1, '3b', 8, 46, 'KEPALA SEKSI PEMERINTAHAN, KETENTRAMAN DAN KETERTIBAN PADA KELURAHAN PINANG KENCANA KECAMATAN TANJUNGPINANG TIMUR KOTA TANJUNGPINANG', 1, 0, NULL, NULL, NULL, NULL, NULL, NULL, 0, NULL, 10, 109, NULL, 'Tanjungpinang', '1975-01-18', '2006-04-01', '2007-12-01', 0, NULL, 0, NULL, 0, NULL, 0, NULL, NULL, NULL, NULL, NULL, NULL),
('197502032007011017', 'S. PRIYANTO', NULL, 'SE', 516000000, '2017-08-17 17:17:17', '2017-11-20 00:24:28', '197502032007011017', '2172020302750003', 'L', 'Y', 1, '3c', 7, 48, 'KEPALA SEKSI E-GOVERMENT DAN KEAMANAN SISTEM INFORMASI PADA BIDANG TEKNOLOGI INFORMASI KOMUNIKASI DINAS KOMUNIKASI DAN INFORMATIKA KOTA TANJUNGPINANG', 1, 0, 'Perum. Valliant Permai Block D No. 02 ', 4, 7, 37683, 66, 7, 0, 'O', 10, 28, NULL, 'Tanjungpinang', '1975-02-03', '2007-01-01', '2008-11-01', 0, 'sigitpriyanto75@gmail.com', 0, NULL, 0, '+6281270188739', 0, NULL, NULL, 'yudhi.d.pratama.5', NULL, 'Hidup itu Sederhana ', '197502032007011017'),
('197505292002121008', 'ZULPENEDI', NULL, 'ST', 516000000, '2017-08-17 17:17:17', '2017-09-03 22:11:05', '197505292002121008', NULL, 'L', 'Y', 1, '3d', 9, 25, 'FUNGSIONAL UMUM PADA DINAS TATA KOTA DAN PENGAWASAN BANGUNAN PEMERINTAH KOTA TANJUNGPINANG ', 1, 0, NULL, NULL, NULL, NULL, NULL, NULL, 0, NULL, 10, 366, NULL, 'Kampar', '1975-05-29', '2002-12-01', '2003-12-01', 0, NULL, 0, NULL, 0, NULL, 0, NULL, NULL, NULL, NULL, NULL, NULL),
('197506262005022005', 'ELSY YUNIWATY', NULL, 'S.AP', 702070000, '2017-08-17 17:17:17', '2017-09-03 22:11:34', '197506262005022005', NULL, 'P', 'N', 1, '3b', 8, 84, 'SEKRETARIS PADA KELURAHAN KAMPUNG BULANG KECAMATAN TANJUNGPINANG TIMUR KOTA TANJUNGPINANG', 1, 0, NULL, NULL, NULL, NULL, NULL, NULL, 0, NULL, 10, 11, NULL, 'Bangkinang', '1975-06-26', '2005-02-01', '2006-03-01', 0, NULL, 0, NULL, 0, NULL, 0, NULL, NULL, NULL, NULL, NULL, NULL),
('197507032009031003', 'ABD. RAHMAN', NULL, 'S.Ag', 503030107, '2017-08-17 17:17:17', '2017-09-03 22:11:34', '197507032009031003', NULL, 'L', 'N', 1, '3b', 9, 32, 'GURU PERTAMA SD NEGERI 008 KECAMATAN TANJUNGPINANG KOTA PADA2 SD/MI SD/MI', 1, 0, NULL, NULL, NULL, NULL, NULL, NULL, 0, NULL, 10, 266, NULL, 'Segalangan', '1975-07-03', '2009-03-01', '2010-09-01', 0, NULL, 0, NULL, 0, NULL, 0, NULL, NULL, NULL, NULL, NULL, NULL),
('197507112007012026', 'YULI PRIHARTINI', NULL, NULL, 516000000, '2017-08-17 17:17:17', '2017-09-03 22:11:07', '197507112007012026', NULL, 'P', 'Y', 1, '2c', 9, 25, 'FUNGSIONAL UMUM PADA DINAS KOMUNIKASI DAN INFORMATIKA PEMERINTAH KOTA TANJUNGPINANG ', 1, 0, NULL, NULL, NULL, NULL, NULL, NULL, 0, NULL, 3, 2, NULL, 'Pulau Sambu', '1975-07-11', '2007-01-01', '2008-11-01', 0, NULL, 0, NULL, 0, '+6281378026559', 0, '+6285272736777', NULL, NULL, NULL, NULL, NULL),
('197509072005022003', 'YELFI HERAWATI', NULL, 'A.Ma.Pd.TK', 503040110, '2017-08-17 17:17:17', '2017-09-03 22:11:34', '197509072005022003', NULL, 'P', 'N', 1, '3b', 9, 26, 'GURU PADA TK MAWAR TANJUNGPINANG', 1, 0, NULL, NULL, NULL, NULL, NULL, NULL, 0, NULL, 5, 236, NULL, 'Jakarta', '1975-09-07', '2005-02-01', '2006-03-01', 0, NULL, 0, NULL, 0, NULL, 0, NULL, NULL, NULL, NULL, NULL, NULL),
('197510042006042007', 'FITRI ROHAYAH', NULL, 'S.PD.I', 503030105, '2017-08-17 17:17:17', '2017-09-03 22:11:34', '197510042006042007', NULL, 'P', 'N', 1, '3a', 9, 26, 'GURU PADA SDN 006 TANJUNGPINANG KOTA - KOTA TANJUNGPINANG', 1, 0, NULL, NULL, NULL, NULL, NULL, NULL, 0, NULL, 10, 211, NULL, 'Purbalingga', '1975-10-04', '2006-04-01', '2007-07-01', 0, NULL, 0, NULL, 0, NULL, 0, NULL, NULL, NULL, NULL, NULL, NULL),
('197510122006041013', 'SUDIN', NULL, 'S.AP', 703140000, '2017-08-17 17:17:17', '2017-09-03 22:11:34', '197510122006041013', NULL, 'L', 'N', 1, '3a', 8, 46, 'KEPALA SEKSI PEMERINTAHAN, KETENTRAMAN DAN KETERTIBAN PADA KELURAHAN DOMPAK KECAMATAN BUKIT BESTARI KOTA TANJUNGPINANG', 1, 0, NULL, NULL, NULL, NULL, NULL, NULL, 0, NULL, 10, 96, NULL, 'Tanjungpinang', '1975-10-12', '2006-04-01', '2007-12-01', 0, NULL, 0, NULL, 0, NULL, 0, NULL, NULL, NULL, NULL, NULL, NULL),
('197601302009021001', 'NASIM', NULL, NULL, 503030404, '2017-08-17 17:17:17', '2017-09-03 22:11:34', '197601302009021001', NULL, 'L', 'N', 1, '1d', 9, 25, 'FUNGSIONAL UMUM SD NEGERI 004 KECAMATAN TANJUNGPINANG BARAT PADA2 SD/MI SD/MI', 1, 0, NULL, NULL, NULL, NULL, NULL, NULL, 0, NULL, 3, 201, NULL, 'Kawal', '1976-01-30', '2009-02-01', '2010-05-01', 0, NULL, 0, NULL, 0, NULL, 0, NULL, NULL, NULL, NULL, NULL, NULL),
('197602152005021006', 'RIDWAN H. RASIF', NULL, 'S.Pd.SD', 503021300, '2017-08-17 17:17:17', '2017-09-03 22:11:34', '197602152005021006', NULL, 'L', 'N', 1, '3a', 9, 25, 'FUNGSIONAL UMUM PADA SMP NEGERI 13 SATU ATAP', 1, 0, NULL, NULL, NULL, NULL, NULL, NULL, 0, NULL, 10, 234, NULL, 'Tanjung Kumbik', '1976-02-15', '2005-02-01', '2006-03-01', 0, NULL, 0, NULL, 0, NULL, 0, NULL, NULL, NULL, NULL, NULL, NULL),
('197602292006041011', 'INDRA KURNIAWAN', NULL, NULL, 703140000, '2017-08-17 17:17:17', '2017-09-03 22:11:34', '197602292006041011', NULL, 'L', 'N', 1, '2c', 9, 25, 'FUNGSIONAL UMUM PADA KELURAHAN DOMPAK KECAMATAN BUKIT BESTARI KOTA TANJUNGPINANG', 1, 0, NULL, NULL, NULL, NULL, NULL, NULL, 0, NULL, 3, 2, NULL, 'Tembilahan', '1976-02-29', '2006-04-01', '2007-12-01', 0, NULL, 0, NULL, 0, NULL, 0, NULL, NULL, NULL, NULL, NULL, NULL),
('197605192005022006', 'MEIRNA WIDAYANTI', NULL, 'S.Pd', 503021300, '2017-08-17 17:17:17', '2017-09-03 22:11:34', '197605192005022006', NULL, 'P', 'N', 1, '3c', 9, 30, 'GURU MUDA PADA SMP NEGERI 13 TANJUNGPINANG', 1, 0, NULL, NULL, NULL, NULL, NULL, NULL, 0, NULL, 10, 215, NULL, 'Tanjungpinang', '1976-05-19', '2005-02-01', '2006-03-01', 0, NULL, 0, NULL, 0, NULL, 0, NULL, NULL, NULL, NULL, NULL, NULL),
('197606152008012028', 'RUM RENI', NULL, NULL, 503030413, '2017-08-17 17:17:17', '2017-09-03 22:11:34', '197606152008012028', NULL, 'P', 'N', 1, '2c', 9, 26, 'GURU SD NEGERI 013 KECAMATAN TANJUNGPINANG BARAT PADA2 SD/MI SD/MI', 1, 0, NULL, NULL, NULL, NULL, NULL, NULL, 0, NULL, 5, 234, NULL, 'Tambelan', '1976-06-15', '2008-01-01', '2009-08-01', 0, NULL, 0, NULL, 0, NULL, 0, NULL, NULL, NULL, NULL, NULL, NULL),
('197606152009022001', 'HEMILDA IRAWATI', NULL, NULL, 702070000, '2017-08-17 17:17:17', '2017-09-03 22:11:34', '197606152009022001', NULL, 'P', 'N', 1, '2b', 9, 25, 'FUNGSIONAL UMUM PADA KELURAHAN KAMPUNG BULANG KECAMATAN TANJUNGPINANG TIMUR KOTA TANJUNGPINANG', 1, 0, NULL, NULL, NULL, NULL, NULL, NULL, 0, NULL, 3, 112, NULL, 'Tanjungpinang', '1976-06-15', '2009-02-01', '2010-05-01', 0, NULL, 0, NULL, 0, NULL, 0, NULL, NULL, NULL, NULL, NULL, NULL),
('197608042005022006', 'SRI WAHYU NINGSIH', NULL, NULL, 516000000, '2017-08-17 17:17:17', '2017-11-20 00:24:36', '197608042005022006', NULL, 'P', 'Y', 1, '2c', 9, 25, 'FUNGSIONAL UMUM PADA DINAS KOMUNIKASI DAN INFORMATIKA PEMERINTAH KOTA TANJUNGPINANG ', 1, 0, NULL, NULL, NULL, NULL, NULL, NULL, 0, NULL, 3, 2, NULL, 'Tanjungpinang', '1976-08-04', '2005-02-01', '2006-03-01', 0, NULL, 0, NULL, 0, '+628117043117', 0, NULL, NULL, NULL, NULL, NULL, '197608042005022006'),
('197612022006042007', 'DELLY ERFIANTI', NULL, 'S.IP', 703120000, '2017-08-17 17:17:17', '2017-09-03 22:11:34', '197612022006042007', NULL, 'P', 'N', 1, '3b', 8, 46, 'KEPALA SEKSI PELAYANAN UMUM DAN KESEJAHTERAAN SOSIAL PADA KELURAHAN TANJUNG AYUN SAKTI KECAMATAN BUKIT BESTARI KOTA TANJUNGPINANG', 1, 0, NULL, NULL, NULL, NULL, NULL, NULL, 0, NULL, 10, 109, NULL, 'Tanjungpinang', '1976-12-02', '2006-04-01', '2007-07-01', 0, NULL, 0, NULL, 0, NULL, 0, NULL, NULL, NULL, NULL, NULL, NULL),
('197612282007011012', 'ANDI SURYANTO', NULL, 'S.Sos', 701020000, '2017-08-17 17:17:17', '2017-09-03 22:11:34', '197612282007011012', NULL, 'L', 'N', 1, '3a', 8, 46, 'KEPALA SEKSI PEMBANGUNAN DAN PEMBERDAYAAN MASYARAKAT PADA KELURAHAN SENGGARANG KECAMATAN TANJUNGPINANG KOTA KOTA TANJUNGPINANG', 1, 0, NULL, NULL, NULL, NULL, NULL, NULL, 0, NULL, 10, 109, NULL, 'Tanjungpinang', '1976-12-28', '2007-01-01', '2008-11-01', 0, NULL, 0, NULL, 0, NULL, 0, NULL, NULL, NULL, NULL, NULL, NULL),
('197701202005022005', 'ARIE SUSANTI', NULL, 'S.Pd.Ind', 503020300, '2017-08-17 17:17:17', '2017-09-03 22:11:34', '197701202005022005', NULL, 'P', 'N', 1, '3a', 9, 32, 'GURU PERTAMA SMP NEGERI 3 KOTA TANJUNGPINANG', 1, 0, NULL, NULL, NULL, NULL, NULL, NULL, 0, NULL, 10, 219, NULL, 'Pekanbaru', '1977-01-20', '2005-02-01', '2006-03-01', 0, NULL, 0, NULL, 0, NULL, 0, NULL, NULL, NULL, NULL, NULL, NULL),
('197702122009021002', 'MIFTARI', NULL, NULL, 503030110, '2017-08-17 17:17:17', '2017-09-03 22:11:34', '197702122009021002', NULL, 'L', 'N', 1, '1c', 9, 25, 'FUNGSIONAL UMUM PADA SDN 012 TANJUNGPINANG KOTA - KOTA TANJUNGPINANG', 1, 0, NULL, NULL, NULL, NULL, NULL, NULL, 0, NULL, 2, 326, NULL, 'Tanjungpinang', '1977-02-12', '2009-02-01', '2010-05-01', 0, NULL, 0, NULL, 0, NULL, 0, NULL, NULL, NULL, NULL, NULL, NULL),
('197702172006041018', 'RAJA MUHAMAD RUSLAN', NULL, 'ST  MT', 516000000, '2017-08-17 17:17:17', '2017-11-20 00:24:43', '197702172006041018', '2172011702770001', 'L', 'Y', 1, '3d', 6, 41, 'KEPALA BIDANG TEKNOLOGI INFORMASI KOMUNIKASI (TIK) PADA DINAS KOMUNIKASI DAN INFORMATIKA KOTA TANJUNGPINANG', 1, 0, 'Perum. Mahkota Alam Raya Cluster Edelweis 3 No. 28A', 5, 7, 37680, 66, 7, 0, 'B', 11, 356, NULL, 'Tanjungpinang', '1977-02-17', '2006-04-01', '2007-12-01', 0, 'rajatik2017@gmail.com', 0, NULL, 0, '+628126112313', 0, '+6281991685913', NULL, 'raja.muhamadruslan', '@raja_aan', 'tugas kerajaan berdampingan erat tugas negara', '197702172006041018'),
('197705082006041012', 'ALFIN MAISAL', NULL, NULL, 703120000, '2017-08-17 17:17:17', '2017-09-03 22:11:34', '197705082006041012', NULL, 'L', 'N', 1, '2c', 9, 25, 'FUNGSIONAL UMUM PADA KELURAHAN TANJUNG AYUN SAKTI KECAMATAN BUKIT BESTARI KOTA TANJUNGPINANG', 1, 0, NULL, NULL, NULL, NULL, NULL, NULL, 0, NULL, 3, 112, NULL, 'Tanjungpinang', '1977-05-08', '2006-04-01', '2007-12-01', 0, NULL, 0, 'alfinmaisal80@gmail.com,', 0, '+6285272104268', 0, NULL, NULL, NULL, NULL, NULL, NULL),
('197706072007012019', 'ROSYANTI', NULL, NULL, 701040000, '2017-08-17 17:17:17', '2017-09-03 22:11:34', '197706072007012019', NULL, 'P', 'N', 1, '2c', 9, 25, 'FUNGSIONAL UMUM PADA KELURAHAN PENYENGAT KECAMATAN TANJUNGPINANG KOTA - KOTA TANJUNGPINANG', 1, 0, NULL, NULL, NULL, NULL, NULL, NULL, 0, NULL, 3, 112, NULL, 'Pulau Penyengat', '1977-06-07', '2007-01-01', '2008-11-01', 0, NULL, 0, NULL, 0, NULL, 0, NULL, NULL, NULL, NULL, NULL, NULL),
('197707012008011013', 'SUHENDRI', NULL, NULL, 516000000, '2017-08-17 17:17:17', '2017-09-03 22:11:11', '197707012008011013', NULL, 'L', 'Y', 1, '2c', 9, 25, 'FUNGSIONAL UMUM PADA DINAS KOMUNIKASI DAN INFORMATIKA PEMERINTAH KOTA TANJUNGPINANG ', 1, 0, NULL, NULL, NULL, NULL, NULL, NULL, 0, NULL, 3, 112, NULL, 'P.Galang', '1977-07-01', '2008-01-01', '2009-08-01', 0, NULL, 0, NULL, 0, '+6282326971777', 0, NULL, NULL, NULL, NULL, NULL, NULL),
('197707072007012033', 'YULI ASIH SUSETYAWATI', NULL, NULL, 503040102, '2017-08-17 17:17:17', '2017-09-03 22:11:34', '197707072007012033', NULL, 'P', 'N', 1, '2c', 9, 25, 'FUNGSIONAL UMUM PADA TK NEGERI PEMBINA II', 1, 0, NULL, NULL, NULL, NULL, NULL, NULL, 0, NULL, 3, 166, NULL, 'Tanjung Batu', '1977-07-07', '2007-01-01', '2008-11-01', 0, NULL, 0, NULL, 0, NULL, 0, NULL, NULL, NULL, NULL, NULL, NULL),
('197708122009021002', 'ZUFRIZAL', NULL, NULL, 703140000, '2017-08-17 17:17:17', '2017-09-03 22:11:34', '197708122009021002', NULL, 'L', 'N', 1, '2a', 9, 25, 'FUNGSIONAL UMUM PADA KELURAHAN DOMPAK KECAMATAN BUKIT BESTARI KOTA TANJUNGPINANG', 1, 0, NULL, NULL, NULL, NULL, NULL, NULL, 0, NULL, 3, 201, NULL, 'Tanjungpinang', '1977-08-12', '2009-02-01', '2010-05-01', 0, NULL, 0, NULL, 0, NULL, 0, NULL, NULL, NULL, NULL, NULL, NULL),
('197710212008011010', 'HERRY BAMBANG ROSNANTO AR', NULL, 'A.Md', 503030411, '2017-08-17 17:17:17', '2017-09-03 22:11:34', '197710212008011010', NULL, 'L', 'N', 1, '2d', 9, 25, 'FUNGSIONAL UMUM PADA SDN 011 TANJUNGPINANG BARAT KOTA TANJUNGPINANG', 1, 0, NULL, NULL, NULL, NULL, NULL, NULL, 0, NULL, 6, 219, NULL, 'Tanjungpinang', '1977-10-21', '2008-01-01', '2009-08-01', 0, NULL, 0, NULL, 0, NULL, 0, NULL, NULL, NULL, NULL, NULL, NULL),
('197711092005022006', 'NOVI RAMAYANTI', NULL, 'S.Pd.AUD', 503040108, '2017-08-17 17:17:17', '2017-09-03 22:11:34', '197711092005022006', NULL, 'P', 'N', 1, '3b', 9, 29, 'GURU MADYA PADA TK EKA DYAKSA KOTA TANJUNGPINANG', 1, 0, NULL, NULL, NULL, NULL, NULL, NULL, 0, NULL, 10, 233, NULL, 'Tanjungpinang', '1977-11-09', '2005-02-01', '2006-03-01', 0, NULL, 0, NULL, 0, NULL, 0, NULL, NULL, NULL, NULL, NULL, NULL),
('197712112005022004', 'RAMAITA', NULL, 'S.PD.I', 503021700, '2017-08-17 17:17:17', '2017-09-03 22:11:34', '197712112005022004', NULL, 'P', 'N', 1, '3c', 9, 30, 'GURU MUDA PADA SMP HANG TUAH TANJUNGPINANG', 1, 0, NULL, NULL, NULL, NULL, NULL, NULL, 0, NULL, 10, 211, NULL, 'Dabo Singkep', '1977-12-11', '2005-02-01', '2006-03-01', 0, NULL, 0, NULL, 0, NULL, 0, NULL, NULL, NULL, NULL, NULL, NULL),
('197802022007011023', 'SYAMSUL BAHRI', NULL, 'S.IP', 702090000, '2017-08-17 17:17:17', '2017-09-03 22:11:34', '197802022007011023', NULL, 'L', 'N', 1, '3b', 7, 49, 'LURAH PINANG KENCANA KOTA TANJUNGPINANG', 1, 0, NULL, NULL, NULL, NULL, NULL, NULL, 0, NULL, 10, 109, NULL, 'Bokor', '1978-02-02', '2007-01-01', '2008-11-01', 0, NULL, 0, NULL, 0, NULL, 0, NULL, NULL, NULL, NULL, NULL, NULL),
('197805032006041011', 'ISWADI', NULL, 'SE', 516000000, '2017-08-17 17:17:17', '2017-11-20 00:24:49', '197805032006041011', '2172040305780001', 'L', 'Y', 1, '3d', 7, 48, 'KEPALA SEKSI STATISTIK PADA BIDANG STATISTIK DAN PERSANDIAN DINAS KOMUNIKASI DAN INFORMATIKA KOTA TANJUNGPINANG', 1, 0, 'Jl. Raja Haji Fisabilillah, Gang Nyiur No. 09', 4, 2, 37667, 63, 7, 0, 'B', 10, 164, NULL, 'Kampar', '1978-05-03', '2006-04-01', '2007-07-01', 0, 'iswadi@kominfo.tanjungpinangkota.go.id', 0, 'adi.bwsk@yahoo.com', 0, '+6285264277565', 0, NULL, NULL, 'iswadi.ajalah', '+6285264277565', 'hidup adalah pengabdian kepada Tuhan', '197805032006041011'),
('197805252010012001', 'RITA PUSPASARI', NULL, 'S.H', 702090000, '2017-08-17 17:17:17', '2017-09-03 22:11:34', '197805252010012001', NULL, 'P', 'N', 1, '3b', 8, 46, 'KEPALA SEKSI PEMBANGUNAN DAN PEMBERDAYAAN MASYARAKAT PADA KELURAHAN PINANG KENCANA KECAMATAN TANJUNGPINANG TIMUR KOTA TANJUNGPINANG', 1, 0, NULL, NULL, NULL, NULL, NULL, NULL, 0, NULL, 10, 102, NULL, 'Tanjungpinang', '1978-05-25', '2010-01-01', '2011-05-01', 0, NULL, 0, NULL, 0, NULL, 0, NULL, NULL, NULL, NULL, NULL, NULL),
('197807032006041017', 'IBNU ROJI', NULL, 'A.Md', 701020000, '2017-08-17 17:17:17', '2017-09-03 22:11:34', '197807032006041017', NULL, 'L', 'N', 1, '3a', 9, 25, 'FUNGSIONAL UMUM PADA KELURAHAN SENGGARANG KECAMATAN TANJUNGPINANG KOTA - KOTA TANJUNGPINANG', 1, 0, NULL, NULL, NULL, NULL, NULL, NULL, 0, NULL, 6, 134, NULL, 'Tanjung Uban', '1978-07-03', '2006-04-01', '2007-12-01', 0, NULL, 0, NULL, 0, NULL, 0, NULL, NULL, NULL, NULL, NULL, NULL),
('197808282001032001', 'DARLIANA', NULL, 'S.Pd.SD', 503030306, '2017-08-17 17:17:17', '2017-09-03 22:11:34', '197808282001032001', NULL, 'P', 'N', 1, '3b', 9, 26, 'GURU PADA SDN 006 BUKIT BESTARI KOTA TANJUNGPINANG', 1, 0, NULL, NULL, NULL, NULL, NULL, NULL, 0, NULL, 10, 234, NULL, 'Bangkinang', '1978-08-28', '2001-03-01', '2002-12-01', 0, NULL, 0, NULL, 0, NULL, 0, NULL, NULL, NULL, NULL, NULL, NULL),
('197811032006042010', 'SUHAINA', NULL, 'A.Md', 503020300, '2017-08-17 17:17:17', '2017-09-03 22:11:34', '197811032006042010', NULL, 'P', 'N', 1, '3a', 9, 26, 'GURU PADA SMPN 3 TANJUNGPINANG', 1, 0, NULL, NULL, NULL, NULL, NULL, NULL, 0, NULL, 6, 168, NULL, 'Kawal', '1978-11-03', '2006-04-01', '2007-07-01', 0, NULL, 0, NULL, 0, NULL, 0, NULL, NULL, NULL, NULL, NULL, NULL),
('197811202014102001', 'NOVITRIYANA', NULL, NULL, 503040116, '2017-08-17 17:17:17', '2017-09-03 22:11:34', '197811202014102001', NULL, 'P', 'N', 1, '2a', 9, 25, NULL, 1, 0, NULL, NULL, NULL, NULL, NULL, NULL, 0, NULL, NULL, NULL, NULL, 'Dumai', '1978-11-20', '1900-01-00', '1900-01-00', 0, NULL, 0, NULL, 0, NULL, 0, NULL, NULL, NULL, NULL, NULL, NULL),
('197812182003122013', 'DESI', NULL, 'SE', 603000000, '2017-08-17 17:17:17', '2017-09-03 22:11:34', '197812182003122013', NULL, 'P', 'N', 1, '3d', 8, 47, 'KEPALA SUB BAGIAN UMUM DAN KERJASAMA PADA SEKRETARIAT DEWAN PENGURUS KORPS PEGAWAI RI KOTA TANJUNGPINANG', 1, 0, NULL, NULL, NULL, NULL, NULL, NULL, 0, NULL, 10, 164, NULL, 'Medan', '1978-12-18', '2003-12-01', '2005-03-01', 0, NULL, 0, NULL, 0, NULL, 0, NULL, NULL, NULL, NULL, NULL, NULL),
('197902152003121006', 'IVAN KURNIAWAN', NULL, 'SMB', 516000000, '2017-08-17 17:17:17', '2017-09-03 22:11:16', '197902152003121006', NULL, 'L', 'Y', 1, '3d', 7, 48, 'KEPALA SEKSI PELAYANAN DAN DESIMINASI INFORMASI PUBLIK PADA BIDANG PENGELOLAAN INFORMASI DAN SALURAN KOMUNIKASI PUBLIK DINAS KOMUNIKASI DAN INFORMATIKA KOTA TANJUNGPINANG', 1, 0, NULL, NULL, NULL, NULL, NULL, NULL, 0, NULL, 10, 166, NULL, 'Tanjungpinang', '1979-02-15', '2003-12-01', '2005-03-01', 0, NULL, 0, NULL, 0, '+6282170942299', 0, NULL, NULL, NULL, NULL, NULL, NULL),
('197903102007011017', 'ZULKARNAIN', NULL, 'SE', 516000000, '2017-08-17 17:17:17', '2017-11-20 00:24:54', '197903102007011017', '2101061003790003', 'L', 'Y', 1, '3c', 7, 48, 'KEPALA SEKSI PENGELOLAAN ASPIRASI DAN INFORMASI PADA BIDANG PENGELOLAAN INFORMASI DAN SALURAN KOMUNIKASI PUBLIK DINAS KOMUNIKASI DAN INFORMATIKA KOTA TANJUNGPINANG', 1, 0, 'Jl.  Raja Ali Haji No. 50,  ', 1, 9, 37337, 14, 2, 0, 'B', 10, 28, NULL, 'Kijang', '1979-03-10', '2007-01-01', '2007-01-01', 0, 'devalirna@yahoo.co.id ', 0, NULL, 0, '+6285264069250', 0, NULL, NULL, NULL, NULL, 'Kebahagiaan itu letakny di dalam hati ', '197903102007011017'),
('197903162007012008', 'RANNY. M', NULL, 'A.Md', 516000000, '2017-08-17 17:17:17', '2017-11-20 00:24:59', '197903162007012008', '2172045603790001', 'P', 'Y', 1, '3a', 9, 25, 'FUNGSIONAL UMUM PADA DINAS KOMUNIKASI DAN INFORMATIKA PEMERINTAH KOTA TANJUNGPINANG ', 1, 0, 'Jl. Raja Haji Fisabilillah No .7', 1, 9, 37667, 63, 7, 0, 'O', 6, 28, NULL, 'Pekanbaru', '1979-03-16', '2007-01-01', '2008-11-01', 0, 'rannywaskita63@gmail.com', 0, NULL, 0, '+6281364989099', 0, NULL, NULL, 'ranny.waskita', '+6281364989099', 'Ayo bekerja', '197903162007012008'),
('197904022005022005', 'AFRIANA', NULL, 'A.Ma', 503040115, '2017-08-17 17:17:17', '2017-09-03 22:11:34', '197904022005022005', NULL, 'P', 'N', 1, '3b', 9, 26, 'GURU PADA TK SINAR BAHAGIA TANJUNGPINANG', 1, 0, NULL, NULL, NULL, NULL, NULL, NULL, 0, NULL, 10, 214, NULL, 'Pangkalan Batang', '1979-04-02', '2005-02-01', '2006-03-01', 0, NULL, 0, NULL, 0, NULL, 0, NULL, NULL, NULL, NULL, NULL, NULL),
('197904272011011004', 'SLAMET RIYONO', NULL, 'S.PD.I', 503021400, '2017-08-17 17:17:17', '2017-09-03 22:11:34', '197904272011011004', NULL, 'L', 'N', 1, '3b', 9, 26, 'GURU PADA SMPN 14 TANJUNGPINANG', 1, 0, NULL, NULL, NULL, NULL, NULL, NULL, 0, NULL, 10, 211, NULL, 'Tanjungpinang', '1979-04-27', '2011-01-01', '2012-08-01', 0, NULL, 0, NULL, 0, NULL, 0, NULL, NULL, NULL, NULL, NULL, NULL),
('197905102005022008', 'YULIANA', NULL, 'S.Pd', 503021801, '2017-08-17 17:17:17', '2017-09-03 22:11:34', '197905102005022008', NULL, 'P', 'N', 1, '3d', 9, 30, 'GURU MUDA PADA SMP-MTS NEGERI TANJUNGPINANG', 1, 0, NULL, NULL, NULL, NULL, NULL, NULL, 0, NULL, 10, 219, NULL, 'Palembang', '1979-05-10', '2005-02-01', '2006-03-01', 0, NULL, 0, NULL, 0, NULL, 0, NULL, NULL, NULL, NULL, NULL, NULL),
('197909302006041008', 'ABDUL GAFAR', NULL, 'S.AP', 603000000, '2017-08-17 17:17:17', '2017-09-03 22:11:34', '197909302006041008', NULL, 'L', 'N', 1, '3a', 9, 25, 'FUNGSIONAL UMUM PADA SEKRETARIAT DEWAN PENGURUS KORPS PEGAWAI REPUBLIK INDONESIA', 1, 0, NULL, NULL, NULL, NULL, NULL, NULL, 0, NULL, 10, 96, NULL, 'Tanjungpinang', '1979-09-30', '2006-04-01', '2007-12-01', 0, NULL, 0, NULL, 0, NULL, 0, NULL, NULL, NULL, NULL, NULL, NULL),
('197910282003121005', 'MOHD. ARDHONI', NULL, 'S.Sos', 603000000, '2017-08-17 17:17:17', '2017-09-03 22:11:34', '197910282003121005', NULL, 'L', 'N', 1, '3c', 8, 47, 'KEPALA SUB BAGIAN OLAHRAGA, SENI BUDAYA, MENTAL DAN ROHANI PADA SEKRETARIAT DEWAN PENGURUS KORPS PEGAWAI RI KOTA TANJUNGPINANG', 1, 0, NULL, NULL, NULL, NULL, NULL, NULL, 0, NULL, 10, 11, NULL, 'Tanjungpinang', '1979-10-28', '2003-12-01', '2005-03-01', 0, NULL, 0, NULL, 0, NULL, 0, NULL, NULL, NULL, NULL, NULL, NULL),
('197911282007012009', 'NOFI ASRIANI', NULL, 'A.Md', 516000000, '2017-08-17 17:17:17', '2017-11-20 00:25:03', '197911282007012009', '2172046811790001', 'P', 'Y', 1, '3a', 9, 25, 'FUNGSIONAL UMUM PADA DINAS KOMUNIKASI DAN INFORMATIKA PEMERINTAH KOTA TANJUNGPINANG ', 1, 0, 'Jl. Kemboja gg. Kerkop No. 1', 2, 7, 37673, 64, 7, 0, 'O', 6, 319, NULL, 'Tanjungpinang', '1979-11-28', '2007-01-01', '2008-01-01', 0, 'nofiasriani79@gmail.com ', 0, NULL, 0, '+6281277270123', 0, NULL, NULL, NULL, NULL, 'Hidup harus berguna', '197911282007012009'),
('197912042010011003', 'ARDIANSYAH', NULL, NULL, 503030102, '2017-08-17 17:17:17', '2017-09-03 22:11:34', '197912042010011003', NULL, 'L', 'N', 1, '2b', 9, 25, 'FUNGSIONAL UMUM PADA SDN 003 TANJUNGPINANG KOTA - KOTA TANJUNGPINANG', 1, 0, NULL, NULL, NULL, NULL, NULL, NULL, 0, NULL, 3, 112, NULL, 'Dabo Singkep', '1979-12-04', '2010-01-01', '2011-05-01', 0, NULL, 0, NULL, 0, NULL, 0, NULL, NULL, NULL, NULL, NULL, NULL),
('198001162011011003', 'RUDI JANUARI', NULL, 'S.Pd.', 503030408, '2017-08-17 17:17:17', '2017-09-03 22:11:34', '198001162011011003', NULL, 'L', 'N', 1, '3b', 9, 26, 'GURU PADA SDN 008 TANJUNGPINANG BARAT KOTA TANJUNGPINANG', 1, 0, NULL, NULL, NULL, NULL, NULL, NULL, 0, NULL, 10, 242, NULL, 'Koto Alam', '1980-01-16', '2011-01-01', '2012-08-01', 0, NULL, 0, NULL, 0, NULL, 0, NULL, NULL, NULL, NULL, NULL, NULL),
('198002022007012022', 'VERRA NIKAWATI', NULL, NULL, 503020700, '2017-08-17 17:17:17', '2017-09-03 22:11:34', '198002022007012022', NULL, 'P', 'N', 1, '2c', 9, 25, 'FUNGSIONAL UMUM SMP NEGERI 7 PADA SMP/SLTP/MTs SMP/SLTP/MTs', 1, 0, NULL, NULL, NULL, NULL, NULL, NULL, 0, NULL, 3, 111, NULL, 'Bengkalis', '1980-02-02', '2007-01-01', '2008-11-01', 0, NULL, 0, NULL, 0, NULL, 0, NULL, NULL, NULL, NULL, NULL, NULL),
('198003282005021002', 'INDRA GUNAWAN', NULL, 'S.PD.I', 503021100, '2017-08-17 17:17:17', '2017-09-03 22:11:34', '198003282005021002', NULL, 'L', 'N', 1, '3c', 9, 30, 'GURU MUDA PADA SMPN 11 TANJUNGPINANG', 1, 0, NULL, NULL, NULL, NULL, NULL, NULL, 0, NULL, 10, 44, NULL, 'Dabo Singkep', '1980-03-28', '2005-02-01', '2006-03-01', 0, NULL, 0, NULL, 0, NULL, 0, NULL, NULL, NULL, NULL, NULL, NULL),
('198004022008011012', 'SUSTIADI', NULL, NULL, 503020700, '2017-08-17 17:17:17', '2017-09-03 22:11:34', '198004022008011012', NULL, 'L', 'N', 1, '2c', 9, 25, 'FUNGSIONAL UMUM PADA SMPN 7 TANJUNGPINANG', 1, 0, NULL, NULL, NULL, NULL, NULL, NULL, 0, NULL, 3, 112, NULL, 'Tanjungpinang', '1980-04-02', '2008-01-01', '2009-08-01', 0, NULL, 0, NULL, 0, NULL, 0, NULL, NULL, NULL, NULL, NULL, NULL),
('198007152006041021', 'ZULKIFLI', NULL, 'A.Ma', 503030107, '2017-08-17 17:17:17', '2017-09-03 22:11:34', '198007152006041021', NULL, 'L', 'N', 1, '2d', 9, 26, 'GURU SD NEGERI 008 KECAMATAN TANJUNGPINANG KOTA PADA2 SD/MI SD/MI', 1, 0, NULL, NULL, NULL, NULL, NULL, NULL, 0, NULL, 5, 211, NULL, 'Nipah Panjang', '1980-07-15', '2006-04-01', '2009-01-01', 0, NULL, 0, NULL, 0, NULL, 0, NULL, NULL, NULL, NULL, NULL, NULL),
('198007272008012025', 'YULI YANTI NINGSIH', NULL, NULL, 503030304, '2017-08-17 17:17:17', '2017-09-03 22:11:34', '198007272008012025', NULL, 'P', 'N', 1, '2c', 9, 25, 'FUNGSIONAL UMUM PADA SDN 004 BUKIT BESTARI KOTA TANJUNGPINANG', 1, 0, NULL, NULL, NULL, NULL, NULL, NULL, 0, NULL, 3, 341, NULL, 'Kijang', '1980-07-27', '2008-01-01', '2009-08-01', 0, NULL, 0, NULL, 0, NULL, 0, NULL, NULL, NULL, NULL, NULL, NULL),
('198008012007012015', 'LINDAWATI', NULL, NULL, 503030413, '2017-08-17 17:17:17', '2017-09-03 22:11:34', '198008012007012015', NULL, 'P', 'N', 1, '2c', 9, 25, 'FUNGSIONAL UMUM PADA SDN 013 TANJUNGPINANG BARAT KOTA TANJUNGPINANG', 1, 0, NULL, NULL, NULL, NULL, NULL, NULL, 0, NULL, 3, 166, NULL, 'Tanjungpinang', '1980-08-01', '2007-01-01', '2008-11-01', 0, NULL, 0, NULL, 0, NULL, 0, NULL, NULL, NULL, NULL, NULL, NULL),
('198008102005022010', 'SUWITA ADLINA. H', NULL, 'A.Ma', 503040103, '2017-08-17 17:17:17', '2017-09-03 22:11:34', '198008102005022010', NULL, 'P', 'N', 1, '2c', 9, 30, 'GURU MUDA PADA TK - SD SATU ATAP BUNGA RAYA KAMPUNG MADUNG TANJUNGPINANG', 1, 0, NULL, NULL, NULL, NULL, NULL, NULL, 0, NULL, 5, 237, NULL, 'Dabo Singkep', '1980-08-10', '2005-02-01', '2006-03-01', 0, NULL, 0, NULL, 0, NULL, 0, NULL, NULL, NULL, NULL, NULL, NULL),
('198008122007012013', 'FITRIANINGSIH', NULL, NULL, 503021100, '2017-08-17 17:17:17', '2017-09-03 22:11:34', '198008122007012013', NULL, 'P', 'N', 1, '2c', 9, 25, 'FUNGSIONAL UMUM PADA SMPN 11 TANJUNGPINANG', 1, 0, NULL, NULL, NULL, NULL, NULL, NULL, 0, NULL, 3, 166, NULL, 'Tembilahan', '1980-08-12', '2007-01-01', '2008-11-01', 0, NULL, 0, NULL, 0, NULL, 0, NULL, NULL, NULL, NULL, NULL, NULL),
('198008212005022007', 'FIA YANTI', NULL, 'A.Ma', 503030109, '2017-08-17 17:17:17', '2017-09-03 22:11:34', '198008212005022007', NULL, 'P', 'N', 1, '2d', 9, 26, 'GURU PADA SDN 010 TANJUNGPINANG KOTA - KOTA TANJUNGPINANG', 1, 0, NULL, NULL, NULL, NULL, NULL, NULL, 0, NULL, 5, 235, NULL, 'Pengambil / Sungai Buluh', '1980-08-21', '2005-02-01', '2006-03-01', 0, NULL, 0, NULL, 0, NULL, 0, NULL, NULL, NULL, NULL, NULL, NULL),
('198009082006042011', 'WARSINAH', NULL, 'S.Pd.I', 503030202, '2017-08-17 17:17:17', '2017-09-03 22:11:34', '198009082006042011', NULL, 'P', 'N', 1, '3a', 9, 26, 'GURU PADA SDN 002 TANJUNGPINANG TIMUR KOTA TANJUNGPINANG', 1, 0, NULL, NULL, NULL, NULL, NULL, NULL, 0, NULL, 10, 211, NULL, 'Cilacap', '1980-09-08', '2006-04-01', '2007-07-01', 0, NULL, 0, NULL, 0, NULL, 0, NULL, NULL, NULL, NULL, NULL, NULL),
('198010212011012002', 'SRI WAHYUNI', NULL, 'S.PD.I', 503030206, '2017-08-17 17:17:17', '2017-09-03 22:11:34', '198010212011012002', NULL, 'P', 'N', 1, '3b', 9, 32, 'GURU PERTAMA SD NEGERI 006 KECAMATAN TANJUNGPINANG TIMUR KOTA TANJUNGPINANG', 1, 0, NULL, NULL, NULL, NULL, NULL, NULL, 0, NULL, 10, 211, NULL, 'Tanjung Balai K', '1980-10-21', '2011-01-01', '2012-08-01', 0, NULL, 0, NULL, 0, NULL, 0, NULL, NULL, NULL, NULL, NULL, NULL),
('198011142005022006', 'NOVIA RAHMI', NULL, 'AMK', 502110000, '2017-08-17 17:17:17', '2017-09-03 22:11:34', '198011142005022006', NULL, 'P', 'N', 1, '3a', 9, 75, 'PERAWAT PELAKSANA LANJUTAN PADA PUSKESMAS MEKAR BARU KOTA TANJUNGPINANG', 1, 0, NULL, NULL, NULL, NULL, NULL, NULL, 0, NULL, 6, 125, NULL, 'Tanjungpinang', '1980-11-14', '2005-02-01', '2006-03-01', 0, NULL, 0, NULL, 0, NULL, 0, NULL, NULL, NULL, NULL, NULL, NULL),
('198012232006042023', 'DESMAWATI', NULL, 'S.Pd.SD', 503030306, '2017-08-17 17:17:17', '2017-09-03 22:11:34', '198012232006042023', NULL, 'P', 'N', 1, '3b', 9, 26, 'GURU PADA SDN 006 BUKIT BESTARI KOTA TANJUNGPINANG', 1, 0, NULL, NULL, NULL, NULL, NULL, NULL, 0, NULL, 10, 234, NULL, 'Tanjungpinang', '1980-12-23', '2006-04-01', '2007-12-01', 0, NULL, 0, NULL, 0, NULL, 0, NULL, NULL, NULL, NULL, NULL, NULL),
('198012272005022005', 'ELNA YANTI', NULL, 'S.Pd.AUD', 503040102, '2017-08-17 17:17:17', '2017-09-03 22:11:34', '198012272005022005', NULL, 'P', 'N', 1, '3b', 9, 32, 'GURU PERTAMA TK NEGERI PEMBINA II PEMERINTAH KOTA TANJUNGPINANG', 1, 0, NULL, NULL, NULL, NULL, NULL, NULL, 0, NULL, 10, 214, NULL, 'Duri', '1980-12-27', '2005-02-01', '2006-03-01', 0, NULL, 0, NULL, 0, NULL, 0, NULL, NULL, NULL, NULL, NULL, NULL),
('198103082010011003', 'MARDANI EFFENDY', NULL, NULL, 503030102, '2017-08-17 17:17:17', '2017-09-03 22:11:34', '198103082010011003', NULL, 'L', 'N', 1, '2b', 9, 25, 'FUNGSIONAL UMUM PADA SDN 003 TANJUNGPINANG KOTA - KOTA TANJUNGPINANG', 1, 0, NULL, NULL, NULL, NULL, NULL, NULL, 0, NULL, 3, 111, NULL, 'Dabo Singkep', '1981-03-08', '2010-01-01', '2011-05-01', 0, NULL, 0, NULL, 0, NULL, 0, NULL, NULL, NULL, NULL, NULL, NULL),
('198104012009032002', 'RAHMAWATI', NULL, 'S.Pd', 503021400, '2017-08-17 17:17:17', '2017-09-03 22:11:34', '198104012009032002', NULL, 'P', 'N', 1, '3b', 9, 32, 'GURU PERTAMA PADA SMP NEGERI 14 SATU ATAP TANJUNGPINANG', 1, 0, NULL, NULL, NULL, NULL, NULL, NULL, 0, NULL, 10, 249, NULL, 'Selat Aur', '1981-04-01', '2009-03-01', '1900-01-00', 0, NULL, 0, NULL, 0, NULL, 0, NULL, NULL, NULL, NULL, NULL, NULL),
('198104242005022009', 'NURA ASSYIFA', NULL, 'S.Pd', 503020700, '2017-08-17 17:17:17', '2017-09-03 22:11:34', '198104242005022009', NULL, 'P', 'N', 1, '3c', 9, 30, 'GURU MUDA PADA SMPN 7 TANJUNGPINANG', 1, 0, NULL, NULL, NULL, NULL, NULL, NULL, 0, NULL, 10, 220, NULL, 'Dabo Singkep', '1981-04-24', '2005-02-01', '2006-03-01', 0, NULL, 0, NULL, 0, NULL, 0, NULL, NULL, NULL, NULL, NULL, NULL),
('198105022006042037', 'ZALEHA', NULL, 'S.Pd', 503030308, '2017-08-17 17:17:17', '2017-09-03 22:11:34', '198105022006042037', NULL, 'P', 'N', 1, '3a', 9, 26, 'GURU PADA SDN 008 BUKIT BESTARI KOTA TANJUNGPINANG', 1, 0, NULL, NULL, NULL, NULL, NULL, NULL, 0, NULL, 10, 234, NULL, 'Dompak Seberang', '1981-05-02', '2006-04-01', '2009-01-01', 0, NULL, 0, NULL, 0, NULL, 0, NULL, NULL, NULL, NULL, NULL, NULL),
('198106042006042024', 'YUSIANA', NULL, 'S.Pd.SD', 503030313, '2017-08-17 17:17:17', '2017-09-03 22:11:34', '198106042006042024', NULL, 'P', 'N', 1, '3a', 9, 26, 'GURU PADA SDN 013 BUKIT BESTARI KOTA TANJUNGPINANG', 1, 0, NULL, NULL, NULL, NULL, NULL, NULL, 0, NULL, 10, 234, NULL, 'Kijang', '1981-06-04', '2006-04-01', '2007-12-01', 0, NULL, 0, NULL, 0, NULL, 0, NULL, NULL, NULL, NULL, NULL, NULL),
('198106072007011009', 'HIRNO', NULL, 'S.Pd.SD', 503030202, '2017-08-17 17:17:17', '2017-09-03 22:11:34', '198106072007011009', NULL, 'L', 'N', 1, '3a', 9, 25, 'FUNGSIONAL UMUM PADA SD NEGERI 002 KECAMATAN TANJUNGPINANG TIMUR PADA SD/MI PEMERINTAH KOTA TANJUNGPINANGKOTA TANJUNGPINANG', 1, 0, NULL, NULL, NULL, NULL, NULL, NULL, 0, NULL, 10, 234, NULL, 'Teluk Radang', '1981-06-07', '2007-01-01', '2008-11-01', 0, NULL, 0, NULL, 0, NULL, 0, NULL, NULL, NULL, NULL, NULL, NULL),
('198106292006042006', 'RINA FRIYULI', NULL, 'S.Kep', 502110000, '2017-08-17 17:17:17', '2017-09-03 22:11:34', '198106292006042006', NULL, 'P', 'N', 1, '3b', 9, 78, 'PERAWAT PERTAMA PADA PUSKESMAS MEKAR BARU KOTA TANJUNGPINANG', 1, 0, NULL, NULL, NULL, NULL, NULL, NULL, 0, NULL, 10, 125, NULL, 'Dabo Singkep', '1981-06-29', '2006-04-01', '2007-07-01', 0, NULL, 0, NULL, 0, NULL, 0, NULL, NULL, NULL, NULL, NULL, NULL),
('198108042007011007', 'INDRA', NULL, 'S.Pd.SD', 503030105, '2017-08-17 17:17:17', '2017-09-03 22:11:34', '198108042007011007', NULL, 'L', 'N', 1, '3a', 9, 25, 'FUNGSIONAL UMUM PADA SDN 006 TANJUNGPINANG KOTA - KOTA TANJUNGPINANG', 1, 0, NULL, NULL, NULL, NULL, NULL, NULL, 0, NULL, 10, 234, NULL, 'Kampung Bugis', '1981-08-04', '2007-01-01', '2008-11-01', 0, NULL, 0, NULL, 0, NULL, 0, NULL, NULL, NULL, NULL, NULL, NULL),
('198108072006041008', 'SAID ALKAUTSAR ALATTAS', NULL, 'ST', 601000000, '2017-08-17 17:17:17', '2017-09-03 22:11:34', '198108072006041008', NULL, 'L', 'N', 1, '3c', 7, 46, 'KEPALA SEKSI REHABILITAS DAN REKONSTRUKSI PADA BADAN PENANGGULANGAN BENCANA DAERAH PEMERINTAH KOTA TANJUNGPINANG ', 1, 0, NULL, NULL, NULL, NULL, NULL, NULL, 0, NULL, 10, 353, NULL, 'Bontang', '1981-08-07', '2006-04-01', '2007-07-01', 0, NULL, 0, NULL, 0, NULL, 0, NULL, NULL, NULL, NULL, NULL, NULL),
('198108202005022011', 'MAYA HARTATI', NULL, 'A.Ma', 503040116, '2017-08-17 17:17:17', '2017-09-03 22:11:34', '198108202005022011', NULL, 'P', 'N', 1, '2d', 9, 33, 'GURU TK TUNAS HARAPAN PADA TK/RA TK/RA', 1, 0, NULL, NULL, NULL, NULL, NULL, NULL, 0, NULL, 5, 237, NULL, 'Duara', '1981-08-20', '2005-02-01', '2006-03-01', 0, NULL, 0, NULL, 0, NULL, 0, NULL, NULL, NULL, NULL, NULL, NULL),
('198108242015032001', 'R. DIAN NOVITASARI', NULL, 'A.Md', 703110000, '2017-08-17 17:17:17', '2017-09-03 22:11:34', '198108242015032001', NULL, 'P', 'N', 1, '2c', 9, 25, 'FUNGSIONAL UMUM PADA KELURAHAN TANJUNG UNGGAT KECAMATAN BUKIT BESTARI KOTA TANJUNGPINANG', 1, 0, NULL, NULL, NULL, NULL, NULL, NULL, 0, NULL, 6, 28, NULL, 'Tanjungpinang', '1981-08-24', '2015-03-01', '2016-10-01', 0, NULL, 0, NULL, 0, NULL, 0, NULL, NULL, NULL, NULL, NULL, NULL),
('198109012010012015', 'NENI PRIYANI', NULL, 'S.Pd', 503030215, '2017-08-17 17:17:17', '2017-09-03 22:11:34', '198109012010012015', NULL, 'P', 'N', 1, '3b', 9, 26, 'GURU PADA SDN 015 TANJUNGPINANG TIMUR KOTA TANJUNGPINANG', 1, 0, NULL, NULL, NULL, NULL, NULL, NULL, 0, NULL, 10, 234, NULL, 'Bandung', '1981-09-01', '2010-01-01', '2011-05-01', 0, NULL, 0, NULL, 0, NULL, 0, NULL, NULL, NULL, NULL, NULL, NULL),
('198109082010012019', 'ENY ULITA DAMANIK', NULL, 'S.H', 503021500, '2017-08-17 17:17:17', '2017-09-03 22:11:34', '198109082010012019', NULL, 'P', 'N', 1, '3b', 9, 32, 'GURU PERTAMA SMP NEGERI 15 KOTA TANJUNGPINANG', 1, 0, NULL, NULL, NULL, NULL, NULL, NULL, 0, NULL, 10, 94, NULL, 'Pematang Siantar', '1981-09-08', '2010-01-01', '2011-09-01', 0, NULL, 0, NULL, 0, NULL, 0, NULL, NULL, NULL, NULL, NULL, NULL),
('198109142005022005', 'SYAFIAH', NULL, 'S.Pd.SD', 503030107, '2017-08-17 17:17:17', '2017-09-03 22:11:34', '198109142005022005', NULL, 'P', 'N', 1, '3a', 9, 26, 'GURU PADA SDN 008 TANJUNGPINANG KOTA - KOTA TANJUNGPINANG', 1, 0, NULL, NULL, NULL, NULL, NULL, NULL, 0, NULL, 10, 234, NULL, 'Tanjungpinang', '1981-09-14', '2005-02-01', '2006-03-01', 0, NULL, 0, NULL, 0, NULL, 0, NULL, NULL, NULL, NULL, NULL, NULL),
('198111222015032001', 'HARMILA NOVINTASARI', NULL, 'S.Pd.SD', 503030215, '2017-08-17 17:17:17', '2017-09-03 22:11:34', '198111222015032001', NULL, 'P', 'N', 1, '3a', 9, 26, 'GURU PADA SDN 015 TANJUNGPINANG TIMUR KOTA TANJUNGPINANG', 1, 0, NULL, NULL, NULL, NULL, NULL, NULL, 0, NULL, 10, 234, NULL, 'Tanjungpinang', '1981-11-22', '2015-03-01', '2016-10-01', 0, NULL, 0, NULL, 0, NULL, 0, NULL, NULL, NULL, NULL, NULL, NULL),
('198112202010011017', 'WAHYUDIN', NULL, 'S.Pd', 503030204, '2017-08-17 17:17:17', '2017-09-03 22:11:34', '198112202010011017', NULL, 'L', 'N', 1, '3a', 9, 26, 'GURU PADA SDN 004 TANJUNGPINANG TIMUR KOTA TANJUNGPINANG', 1, 0, NULL, NULL, NULL, NULL, NULL, NULL, 0, NULL, 10, 251, NULL, 'Sungai Raya Meral', '1981-12-20', '2010-01-01', '2011-05-01', 0, NULL, 0, NULL, 0, NULL, 0, NULL, NULL, NULL, NULL, NULL, NULL),
('198112292008022001', 'SRI NINGSIH', NULL, 'A.Md.Farm', 502110000, '2017-08-17 17:17:17', '2017-09-03 22:11:34', '198112292008022001', NULL, 'P', 'N', 1, '3a', 9, 7, 'ASISTEN APOTEKER PELAKSANA LANJUTAN PADA PUSKESMAS MEKAR BARU KOTA TANJUNGPINANG', 1, 0, NULL, NULL, NULL, NULL, NULL, NULL, 0, NULL, 6, 79, NULL, 'Bukittinggi', '1981-12-29', '2008-02-01', '2009-05-01', 0, NULL, 0, NULL, 0, NULL, 0, NULL, NULL, NULL, NULL, NULL, NULL),
('198201012008011029', 'ATEM', NULL, NULL, 503030313, '2017-08-17 17:17:17', '2017-09-03 22:11:34', '198201012008011029', NULL, 'L', 'N', 1, '2b', 9, 25, 'FUNGSIONAL UMUM PADA SDN 013 BUKIT BESTARI KOTA TANJUNGPINANG', 1, 0, NULL, NULL, NULL, NULL, NULL, NULL, 0, NULL, 3, 155, NULL, 'Tanjungpinang', '1982-01-01', '2008-01-01', '2009-08-01', 0, NULL, 0, NULL, 0, NULL, 0, NULL, NULL, NULL, NULL, NULL, NULL),
('198201212014062004', 'YENNI AFRIANI', NULL, NULL, 503030108, '2017-08-17 17:17:17', '2017-09-03 22:11:34', '198201212014062004', NULL, 'P', 'N', 1, '2a', 9, 25, 'FUNGSIONAL UMUM PADA SDN 009 TANJUNGPINANG KOTA - KOTA TANJUNGPINANG', 1, 0, NULL, NULL, NULL, NULL, NULL, NULL, 0, NULL, 10, 234, NULL, 'Penyengat', '1982-01-21', '2014-06-01', '2016-04-01', 0, NULL, 0, NULL, 0, NULL, 0, NULL, NULL, NULL, NULL, NULL, NULL),
('198202132008012015', 'RIKA PEBRIANI WANTI', NULL, 'S.Pd', 503030204, '2017-08-17 17:17:17', '2017-09-03 22:11:34', '198202132008012015', NULL, 'P', 'N', 1, '3a', 9, 25, 'FUNGSIONAL UMUM PADA SDN 004 TANJUNGPINANG TIMUR KOTA TANJUNGPINANG', 1, 0, NULL, NULL, NULL, NULL, NULL, NULL, 0, NULL, 10, 234, NULL, 'Tanjungpinang', '1982-02-13', '2008-01-01', '2009-08-01', 0, NULL, 0, NULL, 0, NULL, 0, NULL, NULL, NULL, NULL, NULL, NULL),
('198203042005022004', 'NURCAHAYA', NULL, 'A.Ma', 503030104, '2017-08-17 17:17:17', '2017-09-03 22:11:34', '198203042005022004', NULL, 'P', 'N', 1, '3a', 9, 26, 'GURU PADA SDN 005 TANJUNGPINANG KOTA - KOTA TANJUNGPINANG', 1, 0, NULL, NULL, NULL, NULL, NULL, NULL, 0, NULL, 5, 235, NULL, 'Sungai Danai', '1982-03-04', '2005-02-01', '2006-03-01', 0, NULL, 0, NULL, 0, NULL, 0, NULL, NULL, NULL, NULL, NULL, NULL),
('198203072006041011', 'RIAN SYAH EFFENDI', NULL, 'SH', 511000000, '2017-08-17 17:17:17', '2017-09-03 22:11:34', '198203072006041011', NULL, 'L', 'N', 1, '3c', 7, 46, 'KEPALA SEKSI PENYELESAIAN PERSELISIHAN TENAGA KERJA PADA BIDANG HUBUNGAN INDUSTRIAL DAN JAMINAN SOSIAL KETENAGAKERJAAN DINAS TENAGA KERJA, KOPERASI DAN USAHA MIKRO KOTA TANJUNGPINANG', 1, 0, NULL, NULL, NULL, NULL, NULL, NULL, 0, NULL, 10, 102, NULL, 'Tanjungpinang', '1982-03-07', '2006-04-01', '2007-07-01', 0, NULL, 0, NULL, 0, NULL, 0, NULL, NULL, NULL, NULL, NULL, NULL),
('198203172009021006', 'YODHI TEGUH FIRMANSYAH', NULL, 'SE', 511000000, '2017-08-17 17:17:17', '2017-09-03 22:11:34', '198203172009021006', NULL, 'L', 'N', 1, '3a', 9, 25, 'FUNGSIONAL UMUM PADA DINAS TENAGA KERJA, KOPERASI DAN USAHA MIKRO PEMERINTAH KOTA TANJUNGPINANG ', 1, 0, NULL, NULL, NULL, NULL, NULL, NULL, 0, NULL, 10, 28, NULL, 'Jakarta', '1982-03-17', '2009-02-01', '2010-05-01', 0, NULL, 0, NULL, 0, NULL, 0, NULL, NULL, NULL, NULL, NULL, NULL),
('198204022010012004', 'RIKA ADISTY', NULL, NULL, 702080000, '2017-08-17 17:17:17', '2017-09-03 22:11:34', '198204022010012004', NULL, 'P', 'N', 1, '2a', 9, 25, 'FUNGSIONAL UMUM PADA KELURAHAN BATU IX KECAMATAN TANJUNGPINANG TIMUR KOTA TANJUNGPINANG', 1, 0, NULL, NULL, NULL, NULL, NULL, NULL, 0, NULL, 3, 201, NULL, 'Tanjungpinang', '1982-04-02', '2010-01-01', '2011-05-01', 0, NULL, 0, NULL, 0, NULL, 0, NULL, NULL, NULL, NULL, NULL, NULL),
('198205142010011004', 'NURSAH RONI', NULL, NULL, 703130000, '2017-08-17 17:17:17', '2017-09-03 22:11:34', '198205142010011004', NULL, 'L', 'N', 1, '2b', 9, 25, 'FUNGSIONAL UMUM PADA3 KELURAHAN SEI JANG KECAMATAN BUKIT BESTARI KOTA TANJUNGPINANG', 1, 0, NULL, NULL, NULL, NULL, NULL, NULL, 0, NULL, 3, 190, NULL, 'Tanjungpinang', '1982-05-14', '2010-01-01', '2011-05-01', 0, NULL, 0, NULL, 0, NULL, 0, NULL, NULL, NULL, NULL, NULL, NULL),
('198206122003122002', 'MIMI HARYANI', NULL, NULL, 503030213, '2017-08-17 17:17:17', '2017-09-03 22:11:34', '198206122003122002', NULL, 'P', 'N', 1, '3b', 9, 26, 'GURU PADA SDN 013 TANJUNGPINANG TIMUR KOTA TANJUNGPINANG', 1, 0, NULL, NULL, NULL, NULL, NULL, NULL, 0, NULL, 5, 234, NULL, 'Parit Jawa', '1982-06-12', '2003-12-01', '2005-02-01', 0, NULL, 0, NULL, 0, NULL, 0, NULL, NULL, NULL, NULL, NULL, NULL),
('198207052005022007', 'FITRAHWATI', NULL, 'S.PD.I', 503030213, '2017-08-17 17:17:17', '2017-09-03 22:11:34', '198207052005022007', NULL, 'P', 'N', 1, '3b', 9, 26, 'GURU PADA SDN 013 TANJUNGPINANG TIMUR KOTA TANJUNGPINANG', 1, 0, NULL, NULL, NULL, NULL, NULL, NULL, 0, NULL, 10, 211, NULL, 'Pekanbaru', '1982-07-05', '2005-02-01', '2006-03-01', 0, NULL, 0, NULL, 0, NULL, 0, NULL, NULL, NULL, NULL, NULL, NULL),
('198208282010012008', 'KONGIDAH', NULL, 'S.Pd', 511000000, '2017-08-17 17:17:17', '2017-09-03 22:11:34', '198208282010012008', NULL, 'P', 'N', 1, '3c', 7, 46, 'KEPALA SEKSI PEMBINAAN DAN PENGEMBANGAN USAHA MIKRO PADA BIDANG KOPERASI DAN USAHA MIKRO DINAS TENAGA KERJA, KOPERASI DAN USAHA MIKRO KOTA TANJUNGPINANG', 1, 0, NULL, NULL, NULL, NULL, NULL, NULL, 0, NULL, 10, 226, NULL, 'Wonosobo', '1982-08-28', '2010-01-01', '2011-05-01', 0, NULL, 0, NULL, 0, NULL, 0, NULL, NULL, NULL, NULL, NULL, NULL),
('198210232006042016', 'NORA SUSANTI BATUBARA', NULL, 'S.Pd', 503020900, '2017-08-17 17:17:17', '2017-09-03 22:11:34', '198210232006042016', NULL, 'P', 'N', 1, '3c', 9, 30, 'GURU MUDA PADA SMPN 9 TANJUNGPINANG', 1, 0, NULL, NULL, NULL, NULL, NULL, NULL, 0, NULL, 10, 253, NULL, 'Tanjungpinang', '1982-10-23', '2006-04-01', '2007-07-01', 0, NULL, 0, NULL, 0, NULL, 0, NULL, NULL, NULL, NULL, NULL, NULL),
('198211032005012005', 'ELVA MULARTIKA', NULL, 'A.Ma.Pd', 503030317, '2017-08-17 17:17:17', '2017-09-03 22:11:34', '198211032005012005', NULL, 'P', 'N', 1, '3b', 9, 26, 'GURU PADA SDN 017 BUKIT BESTARI KOTA TANJUNGPINANG', 1, 0, NULL, NULL, NULL, NULL, NULL, NULL, 0, NULL, 10, 234, NULL, 'Kacang', '1982-11-03', '2005-01-01', '2006-08-01', 0, NULL, 0, NULL, 0, NULL, 0, NULL, NULL, NULL, NULL, NULL, NULL),
('198211142006041009', 'BUDHI KURNIAWAN', NULL, NULL, 703110000, '2017-08-17 17:17:17', '2017-09-03 22:11:34', '198211142006041009', NULL, 'L', 'N', 1, '2b', 9, 25, 'FUNGSIONAL UMUM PADA KELURAHAN TANJUNG UNGGAT KECAMATAN BUKIT BESTARI KOTA TANJUNGPINANG', 1, 0, NULL, NULL, NULL, NULL, NULL, NULL, 0, NULL, 3, 112, NULL, 'Tanjungpinang', '1982-11-14', '2006-04-01', '2007-12-01', 0, NULL, 0, NULL, 0, NULL, 0, NULL, NULL, NULL, NULL, NULL, NULL),
('198211142008012012', 'EVA MARLINA', NULL, NULL, 503030302, '2017-08-17 17:17:17', '2017-09-03 22:11:34', '198211142008012012', NULL, 'P', 'N', 1, '2b', 9, 25, 'FUNGSIONAL UMUM PADA SD NEGERI 002 KECAMATAN BUKIT BESTARI', 1, 0, NULL, NULL, NULL, NULL, NULL, NULL, 0, NULL, 3, 25, NULL, 'Tanjungpinang', '1982-11-14', '2008-01-01', '2009-08-01', 0, NULL, 0, NULL, 0, NULL, 0, NULL, NULL, NULL, NULL, NULL, NULL),
('198211232008031001', 'DANANG ISTANTO', NULL, 'S.Pd', 503020500, '2017-08-17 17:17:17', '2017-09-03 22:11:34', '198211232008031001', NULL, 'L', 'N', 1, '3b', 9, 26, 'GURU PADA SMPN 5 TANJUNGPINANG', 1, 0, NULL, NULL, NULL, NULL, NULL, NULL, 0, NULL, 10, 242, NULL, 'Karanganyar', '1982-11-23', '2008-03-01', '2009-08-01', 0, NULL, 0, NULL, 0, NULL, 0, NULL, NULL, NULL, NULL, NULL, NULL),
('198212062008011008', 'RAJA DEDYAN POETRA', NULL, NULL, 516000000, '2017-08-17 17:17:17', '2017-11-20 00:25:07', '198212062008011008', NULL, 'L', 'Y', 1, '2c', 9, 25, 'FUNGSIONAL UMUM PADA DINAS KOMUNIKASI DAN INFORMATIKA PEMERINTAH KOTA TANJUNGPINANG ', 1, 0, NULL, NULL, NULL, NULL, NULL, NULL, 0, NULL, 3, 112, NULL, 'Tanjungpinang', '1982-12-06', '2008-01-01', '2009-08-01', 0, NULL, 0, NULL, 0, '+6285264775544', 0, NULL, NULL, NULL, NULL, NULL, '198212062008011008'),
('198302142008012013', 'SUSILAWATI', NULL, 'S.Pd', 503030308, '2017-08-17 17:17:17', '2017-09-03 22:11:34', '198302142008012013', NULL, 'P', 'N', 1, '3a', 9, 25, 'FUNGSIONAL UMUM PADA SDN 008 BUKIT BESTARI KOTA TANJUNGPINANG', 1, 0, NULL, NULL, NULL, NULL, NULL, NULL, 0, NULL, 10, 234, NULL, 'Alai', '1983-02-14', '2008-01-01', '2009-08-01', 0, NULL, 0, NULL, 0, NULL, 0, NULL, NULL, NULL, NULL, NULL, NULL),
('198303272007012009', 'IRMA NURAFNI', NULL, 'S.Pd.AUD', 503040105, '2017-08-17 17:17:17', '2017-09-03 22:11:34', '198303272007012009', NULL, 'P', 'N', 1, '3a', 9, 26, 'GURU PADA TK ANGKASA II TANJUNGPINANG', 1, 0, NULL, NULL, NULL, NULL, NULL, NULL, 0, NULL, 10, 214, NULL, 'Benan', '1983-03-27', '2007-01-01', '2008-11-01', 0, NULL, 0, NULL, 0, NULL, 0, NULL, NULL, NULL, NULL, NULL, NULL);
INSERT INTO `m_peg` (`id_peg`, `nama`, `gelar_depan`, `gelar_belakang`, `id_opd`, `waktu_add`, `waktu_modifi`, `nip`, `nik`, `jk`, `kawin`, `status_peg`, `gol_ruang`, `eselon`, `jabatan`, `ket_jabatan`, `agama`, `tampil_alamat`, `alamat`, `alamat_rt`, `alamat_rw`, `alamat_kel`, `alamat_kec`, `alamat_kota`, `alamat_prov`, `gol_darah`, `pend_terakhir`, `pend_umum`, `tgl_lulus`, `tmp_lahir`, `tgl_lahir`, `tmt_cpns`, `tmt_pns`, `tampil_email1`, `email`, `tampil_email2`, `email2`, `tampil_ponsel1`, `ponsel1`, `tampil_ponsel2`, `ponsel2`, `twitter`, `facebook`, `telegram`, `tentang_peg`, `foto_peg`) VALUES
('198305132008012009', 'NURWAHYANI', NULL, NULL, 503030317, '2017-08-17 17:17:17', '2017-09-03 22:11:34', '198305132008012009', NULL, 'P', 'N', 1, '2b', 9, 25, 'FUNGSIONAL UMUM PADA SDN 017 BUKIT BESTARI KOTA TANJUNGPINANG', 1, 0, NULL, NULL, NULL, NULL, NULL, NULL, 0, NULL, 3, 25, NULL, 'Klaten', '1983-05-13', '2008-01-01', '2009-08-01', 0, NULL, 0, NULL, 0, NULL, 0, NULL, NULL, NULL, NULL, NULL, NULL),
('198305232006041004', 'IIP FERDIANSYAH', NULL, NULL, 601000000, '2017-08-17 17:17:17', '2017-09-03 22:11:34', '198305232006041004', NULL, 'L', 'N', 1, '2a', 9, 25, 'FUNGSIONAL UMUM PADA BADAN PENANGGULANGAN BENCANA DAERAH PEMERINTAH KOTA TANJUNGPINANG ', 1, 0, NULL, NULL, NULL, NULL, NULL, NULL, 0, NULL, 3, 112, NULL, 'Jakarta', '1983-05-23', '2006-04-01', '2007-12-01', 0, NULL, 0, NULL, 0, NULL, 0, NULL, NULL, NULL, NULL, NULL, NULL),
('198305262007012001', 'FIDLIN FADRIYANA', NULL, NULL, 503020500, '2017-08-17 17:17:17', '2017-09-03 22:11:34', '198305262007012001', NULL, 'P', 'N', 1, '2c', 9, 25, 'FUNGSIONAL UMUM SMP NEGERI 5 PADA SMP/SLTP/MTs SMP/SLTP/MTs', 1, 0, NULL, NULL, NULL, NULL, NULL, NULL, 0, NULL, 3, 28, NULL, 'Tanjungpinang', '1983-05-26', '2007-01-01', '2008-11-01', 0, NULL, 0, NULL, 0, NULL, 0, NULL, NULL, NULL, NULL, NULL, NULL),
('198306112010011005', 'KARTONO', NULL, 'S.Sos', 601000000, '2017-08-17 17:17:17', '2017-09-03 22:11:34', '198306112010011005', NULL, 'L', 'N', 1, '3a', 9, 25, 'FUNGSIONAL UMUM PADA BADAN PENANGGULANGAN BENCANA DAERAH PEMERINTAH KOTA TANJUNGPINANG ', 1, 0, NULL, NULL, NULL, NULL, NULL, NULL, 0, NULL, 10, 333, NULL, 'Tegal', '1983-06-11', '2010-01-01', '2011-05-01', 0, NULL, 0, NULL, 0, NULL, 0, NULL, NULL, NULL, NULL, NULL, NULL),
('198306272009021006', 'WAN AHMAD NUZUL KURNIA', NULL, 'ST', 516000000, '2017-08-17 17:17:17', '2017-11-20 00:25:11', '198306272009021006', '2172042706830001', 'L', 'Y', 1, '3c', 7, 48, 'KEPALA SEKSI PERSANDIAN PADA BIDANG STATISTIK DAN PERSANDIAN DINAS KOMUNIKASI DAN INFORMATIKA KOTA TANJUNGPINANG', 1, 0, 'Jl. Kota Piring, Perum. Kota Piring Indah A.13', 1, 7, 37682, 66, 7, 0, 'B', 10, 348, NULL, 'Tanjungpinang', '1983-06-27', '2009-02-01', '2010-05-01', 0, 'wan.nuzulkurnia@yahoo.co.id', 0, 'wannuzul@kominfo.tanjungpinangkota.go.id', 0, '+6281276403030', 0, '+6281322832243', '@ahmadnuzul', 'ahmadnuzul', '+6281276403030', 'Fa bi ayyi aalaa’i Rabbikuma tukażżibaan', '198306272009021006'),
('198307082008032001', 'RENI PUTRI RAHMADANI', NULL, 'S.Pd', 503020500, '2017-08-17 17:17:17', '2017-09-03 22:11:34', '198307082008032001', NULL, 'P', 'N', 1, '3b', 9, 26, 'GURU PADA SMPN 5 TANJUNGPINANG', 1, 0, NULL, NULL, NULL, NULL, NULL, NULL, 0, NULL, 10, 245, NULL, 'Bukittinggi', '1983-07-08', '2008-03-01', '2009-08-01', 0, NULL, 0, NULL, 0, NULL, 0, NULL, NULL, NULL, NULL, NULL, NULL),
('198307302010011003', 'GUNTUR HARIYOSETO', NULL, NULL, 702000000, '2017-08-17 17:17:17', '2017-09-03 22:11:34', '198307302010011003', NULL, 'L', 'N', 1, '2b', 9, 25, 'FUNGSIONAL UMUM PADA KECAMATAN TANJUNGPINANG TIMUR KOTA TANJUNGPINANG', 1, 0, NULL, NULL, NULL, NULL, NULL, NULL, 0, NULL, 3, 112, NULL, 'Tanjungpinang', '1983-07-30', '2010-01-01', '2011-05-01', 0, NULL, 0, NULL, 0, NULL, 0, NULL, NULL, NULL, NULL, NULL, NULL),
('198308292008011008', 'MUHAMMAD RIVAI', NULL, 'S.Sos', 701030000, '2017-08-17 17:17:17', '2017-09-03 22:11:34', '198308292008011008', NULL, 'L', 'N', 1, '3b', 8, 46, 'KEPALA SEKSI PEMBANGUNAN DAN PEMBERDAYAAN MASYARAKAT PADA KELURAHAN TANJUNGPINANG KOTA KECAMATAN TANJUNGPINANG KOTA KOTA TANJUNGPINANG', 1, 0, NULL, NULL, NULL, NULL, NULL, NULL, 0, NULL, 10, 96, NULL, 'Tanjungpinang', '1983-08-29', '2008-01-01', '2009-08-01', 0, NULL, 0, NULL, 0, NULL, 0, NULL, NULL, NULL, NULL, NULL, NULL),
('198309012008032002', 'NOOR FAIZAH', NULL, 'S.Pd', 503021100, '2017-08-17 17:17:17', '2017-09-03 22:11:34', '198309012008032002', NULL, 'P', 'N', 1, '3b', 9, 26, 'GURU PADA SMPN 11 TANJUNGPINANG', 1, 0, NULL, NULL, NULL, NULL, NULL, NULL, 0, NULL, 10, 221, NULL, 'Kudus', '1983-09-01', '2008-03-01', '2009-08-01', 0, NULL, 0, NULL, 0, NULL, 0, NULL, NULL, NULL, NULL, NULL, NULL),
('198309162006042010', 'SRI SURATMI', NULL, NULL, 503020300, '2017-08-17 17:17:17', '2017-09-03 22:11:34', '198309162006042010', NULL, 'P', 'N', 1, '2c', 9, 25, 'FUNGSIONAL UMUM PADA SMPN 3 TANJUNGPINANG', 1, 0, NULL, NULL, NULL, NULL, NULL, NULL, 0, NULL, 3, 112, NULL, 'Boyolali', '1983-09-16', '2006-04-01', '2007-07-01', 0, NULL, 0, NULL, 0, NULL, 0, NULL, NULL, NULL, NULL, NULL, NULL),
('198310112005021002', 'WAHYUDI', NULL, 'SE', 703000000, '2017-08-17 17:17:17', '2017-09-03 22:11:34', '198310112005021002', NULL, 'L', 'N', 1, '3a', 8, 47, 'KEPALA SUB BAGIAN UMUM DAN KEPEGAWAIAN PADA KECAMATAN BUKIT BESTARI KOTA TANJUNGPINANG', 1, 0, NULL, NULL, NULL, NULL, NULL, NULL, 0, NULL, 10, 164, NULL, 'Tanjungpinang', '1983-10-11', '2005-02-01', '2006-03-01', 0, NULL, 0, NULL, 0, NULL, 0, NULL, NULL, NULL, NULL, NULL, NULL),
('198311202015032001', 'DWI WIYANTI', NULL, 'S.Pd.SD', 503030211, '2017-08-17 17:17:17', '2017-09-03 22:11:34', '198311202015032001', NULL, 'P', 'N', 1, '3a', 9, 26, 'GURU PADA SDN 011 TANJUNGPINANG TIMUR KOTA TANJUNGPINANG', 1, 0, NULL, NULL, NULL, NULL, NULL, NULL, 0, NULL, 10, 234, NULL, 'Sragen', '1983-11-20', '2015-03-01', '2016-10-01', 0, NULL, 0, NULL, 0, NULL, 0, NULL, NULL, NULL, NULL, NULL, NULL),
('198312222007012001', 'SITI FATIMAH', NULL, 'S.Pd.I', 503030213, '2017-08-17 17:17:17', '2017-09-03 22:11:34', '198312222007012001', NULL, 'P', 'N', 1, '3a', 9, 25, 'FUNGSIONAL UMUM PADA SDN 013 TANJUNGPINANG TIMUR KOTA TANJUNGPINANG', 1, 0, NULL, NULL, NULL, NULL, NULL, NULL, 0, NULL, 10, 211, NULL, 'Serasan', '1983-12-22', '2007-01-01', '2008-11-01', 0, NULL, 0, NULL, 0, NULL, 0, NULL, NULL, NULL, NULL, NULL, NULL),
('198312222014062002', 'DWI ASTILYANI', NULL, 'A.Ma', 503030413, '2017-08-17 17:17:17', '2017-09-03 22:11:34', '198312222014062002', NULL, 'P', 'N', 1, '2b', 9, 26, 'GURU PADA SDN 013 TANJUNGPINANG BARAT KOTA TANJUNGPINANG', 1, 0, NULL, NULL, NULL, NULL, NULL, NULL, 0, NULL, 5, 234, NULL, 'Tanjungbalai Karimun', '1983-12-22', '2014-06-01', '2016-04-01', 0, NULL, 0, NULL, 0, NULL, 0, NULL, NULL, NULL, NULL, NULL, NULL),
('198402172011012004', 'NURMA YURITA', NULL, 'S.PD.I', 503030109, '2017-08-17 17:17:17', '2017-09-03 22:11:34', '198402172011012004', NULL, 'P', 'N', 1, '3b', 9, 32, 'GURU PERTAMA SD NEGERI 010 KECAMATAN TANJUNGPINANG KOTA ', 1, 0, NULL, NULL, NULL, NULL, NULL, NULL, 0, NULL, 10, 211, NULL, 'Midai', '1984-02-17', '2011-01-01', '2012-08-01', 0, NULL, 0, NULL, 0, NULL, 0, NULL, NULL, NULL, NULL, NULL, NULL),
('198403202008011003', 'MARDANI', NULL, 'A.Ma', 503030204, '2017-08-17 17:17:17', '2017-09-03 22:11:34', '198403202008011003', NULL, 'L', 'N', 1, '2b', 9, 25, 'FUNGSIONAL UMUM SD NEGERI 004 KECAMATAN TANJUNGPINANG TIMUR PADA SD/MI PEMERINTAH KOTA TANJUNGPINANGKOTA TANJUNGPINANG', 1, 0, NULL, NULL, NULL, NULL, NULL, NULL, 0, NULL, 5, 234, NULL, 'Dabo Singkep', '1984-03-20', '2008-01-01', '2009-08-01', 0, NULL, 0, NULL, 0, NULL, 0, NULL, NULL, NULL, NULL, NULL, NULL),
('198404212008012005', 'RINA KARTINA', NULL, 'S.Pd.I', 503021500, '2017-08-17 17:17:17', '2017-09-03 22:11:34', '198404212008012005', NULL, 'P', 'N', 1, '3a', 9, 25, 'FUNGSIONAL UMUM PADA SMP 15 KOTA TANJUNGPINANG', 1, 0, NULL, NULL, NULL, NULL, NULL, NULL, 0, NULL, 10, 219, NULL, 'Kijang', '1984-04-21', '2008-01-01', '2009-08-01', 0, NULL, 0, NULL, 0, NULL, 0, NULL, NULL, NULL, NULL, NULL, NULL),
('198405032007012006', 'MAYANI', NULL, 'S.Pd.SD', 503030107, '2017-08-17 17:17:17', '2017-09-03 22:11:34', '198405032007012006', NULL, 'P', 'N', 1, '3a', 9, 32, 'GURU PERTAMA PADA SD NEGERI 008 KECAMATAN TANJUNGPINANG KOTA', 1, 0, NULL, NULL, NULL, NULL, NULL, NULL, 0, NULL, 10, 234, NULL, 'Tanjungpinang', '1984-05-03', '2007-01-01', '2008-11-01', 0, NULL, 0, NULL, 0, NULL, 0, NULL, NULL, NULL, NULL, NULL, NULL),
('198405032008012007', 'EKA RIYANTI', NULL, 'S.E', 509000000, '2017-08-17 17:17:17', '2017-09-03 22:11:34', '198405032008012007', NULL, 'P', 'N', 1, '3a', 9, 25, 'FUNGSIONAL UMUM PADA DINAS KEPEMUDAAN DAN OLAHRAGA PEMERINTAH KOTA TANJUNGPINANG', 1, 0, NULL, NULL, NULL, NULL, NULL, NULL, 0, NULL, 10, 28, NULL, 'Tanjungpinang', '1984-05-03', '2008-01-01', '2009-08-01', 0, NULL, 0, NULL, 0, NULL, 0, NULL, NULL, NULL, NULL, NULL, NULL),
('198405042007012004', 'DWI PRAPTIKA SARI', NULL, 'A.Ma', 503030206, '2017-08-17 17:17:17', '2017-09-03 22:11:34', '198405042007012004', NULL, 'P', 'N', 1, '2c', 9, 26, 'GURU PADA SD NEGERI 006 KECAMATAN TANJUNGPINANG TIMUR KOTA TANJUNGPINANG', 1, 0, NULL, NULL, NULL, NULL, NULL, NULL, 0, NULL, 5, 234, NULL, 'Tanjungpinang', '1984-05-04', '2007-01-01', '2008-11-01', 0, NULL, 0, NULL, 0, NULL, 0, NULL, NULL, NULL, NULL, NULL, NULL),
('198406132015032002', 'SYARIFAH RUSMI', NULL, 'S.Pd', 503030317, '2017-08-17 17:17:17', '2017-09-03 22:11:34', '198406132015032002', NULL, 'P', 'N', 1, '3a', 9, 26, 'GURU SD NEGERI 017 KECAMATAN BUKIT BESTARI PADA2 SD/MI SD/MI', 1, 0, NULL, NULL, NULL, NULL, NULL, NULL, 0, NULL, 10, 234, NULL, 'Tanjung Sebauk', '1984-06-13', '2015-03-01', '2016-10-01', 0, NULL, 0, NULL, 0, NULL, 0, NULL, NULL, NULL, NULL, NULL, NULL),
('198406162010011007', 'SUWANTO', NULL, NULL, 516000000, '2017-08-17 17:17:17', '2017-11-20 00:25:18', '198406162010011007', NULL, 'L', 'Y', 1, '2b', 9, 25, 'FUNGSIONAL UMUM PADA DINAS KOMUNIKASI DAN INFORMATIKA PEMERINTAH KOTA TANJUNGPINANG ', 1, 0, NULL, NULL, NULL, NULL, NULL, NULL, 0, NULL, 3, 111, NULL, 'Tanjungpinang', '1984-06-16', '2010-01-01', '2011-05-01', 0, NULL, 0, NULL, 0, '+6281277558056', 0, NULL, NULL, NULL, NULL, NULL, '198406162010011007'),
('198406202008031001', 'RAJA HARDIANSYAH', NULL, 'SE', 511000000, '2017-08-17 17:17:17', '2017-09-03 22:11:34', '198406202008031001', NULL, 'L', 'N', 1, '3c', 7, 47, 'KEPALA SUB BAGIAN PENYUSUNAN PROGRAM, EVALUASI DAN PELAPORAN PADA SEKRETARIAT DINAS TENAGA KERJA, KOPERASI DAN USAHA MIKRO KOTA TANJUNGPINANG', 1, 0, NULL, NULL, NULL, NULL, NULL, NULL, 0, NULL, 11, 159, NULL, 'Tarempa', '1984-06-20', '2008-03-01', '2009-08-01', 0, NULL, 0, NULL, 0, NULL, 0, NULL, NULL, NULL, NULL, NULL, NULL),
('198406262010012004', 'HELEN RIANITA', NULL, NULL, 702000000, '2017-08-17 17:17:17', '2017-09-03 22:11:34', '198406262010012004', NULL, 'P', 'N', 1, '2b', 9, 25, 'FUNGSIONAL UMUM PADA KECAMATAN TANJUNGPINANG TIMUR KOTA TANJUNGPINANG', 1, 0, NULL, NULL, NULL, NULL, NULL, NULL, 0, NULL, 3, 261, NULL, 'Siantan', '1984-06-26', '2010-01-01', '2011-05-01', 0, NULL, 0, NULL, 0, NULL, 0, NULL, NULL, NULL, NULL, NULL, NULL),
('198408202008012009', 'RENI ANDRIANI', NULL, 'S.Pd.SD', 503030106, '2017-08-17 17:17:17', '2017-09-03 22:11:34', '198408202008012009', NULL, 'P', 'N', 1, '3a', 9, 25, 'FUNGSIONAL UMUM PADA SDN 007 KECAMATAN TANJUNGPINANG KOTA - KOTA TANJUNGPINANG', 1, 0, NULL, NULL, NULL, NULL, NULL, NULL, 0, NULL, 10, 234, NULL, 'Tanjungpinang', '1984-08-20', '2008-01-01', '2009-08-01', 0, NULL, 0, NULL, 0, NULL, 0, NULL, NULL, NULL, NULL, NULL, NULL),
('198408292009022004', 'MEILANI HUSIANA. A', NULL, 'ST', 513000000, '2017-08-17 17:17:17', '2017-09-03 22:11:34', '198408292009022004', NULL, 'P', 'N', 1, '3b', 9, 25, 'FUNGSIONAL UMUM PADA DINAS LINGKUNGAN HIDUP KOTA TANJUNGPINANG', 1, 0, NULL, NULL, NULL, NULL, NULL, NULL, 0, NULL, 10, 354, NULL, 'Pekanbaru', '1984-08-29', '2009-02-01', '2010-05-01', 0, NULL, 0, NULL, 0, NULL, 0, NULL, NULL, NULL, NULL, NULL, NULL),
('198409222006042009', 'AZMARIA SEPTIRINA', NULL, NULL, 507000000, '2017-08-17 17:17:17', '2017-09-03 22:11:34', '198409222006042009', NULL, 'P', 'N', 1, '2c', 9, 25, 'FUNGSIONAL UMUM PADA DINAS PEMBERDAYAAN PEREMPUAN, PERLINDUNGAN ANAK DAN PEMBERDAYAAN MASYARAKAT PEMERINTAH KOTA TANJUNGPINANG', 1, 0, NULL, NULL, NULL, NULL, NULL, NULL, 0, NULL, 3, 28, NULL, 'Tanjungpinang', '1984-09-22', '2006-04-01', '2007-12-01', 0, NULL, 0, NULL, 0, NULL, 0, NULL, NULL, NULL, NULL, NULL, NULL),
('198409242006041008', 'DONI SURYADI', NULL, NULL, 503020900, '2017-08-17 17:17:17', '2017-09-03 22:11:34', '198409242006041008', NULL, 'L', 'N', 1, '2c', 9, 25, 'FUNGSIONAL UMUM PADA SMPN 9 TANJUNGPINANG', 1, 0, NULL, NULL, NULL, NULL, NULL, NULL, 0, NULL, 3, 348, NULL, 'Tanjungpinang', '1984-09-24', '2006-04-01', '2007-07-01', 0, NULL, 0, NULL, 0, NULL, 0, NULL, NULL, NULL, NULL, NULL, NULL),
('198409302011011001', 'RONY HIDAYAT', NULL, 'S.E.', 300000000, '2017-08-17 17:17:17', '2017-09-03 22:11:34', '198409302011011001', NULL, 'L', 'N', 1, '3b', 9, 10, 'AUDITOR AHLI PERTAMA PADA INSPEKTORAT DAERAH PEMERINTAH KOTA TANJUNGPINANG', 1, 0, NULL, NULL, NULL, NULL, NULL, NULL, 0, NULL, 10, 28, NULL, 'Tanjungpinang', '1984-09-30', '2011-01-01', '2012-08-01', 0, NULL, 0, NULL, 0, NULL, 0, NULL, NULL, NULL, NULL, NULL, NULL),
('198410032007012002', 'FATONAH', NULL, 'S.Pd.SD', 503030211, '2017-08-17 17:17:17', '2017-09-03 22:11:34', '198410032007012002', NULL, 'P', 'N', 1, '3a', 9, 26, 'GURU PADA SDN 011 TANJUNGPINANG TIMUR KOTA TANJUNGPINANG', 1, 0, NULL, NULL, NULL, NULL, NULL, NULL, 0, NULL, 10, 234, NULL, 'Tanjungpinang', '1984-10-03', '2007-01-01', '2008-11-01', 0, NULL, 0, NULL, 0, NULL, 0, NULL, NULL, NULL, NULL, NULL, NULL),
('198410072014062007', 'SUHARTIK', NULL, NULL, 503030304, '2017-08-17 17:17:17', '2017-09-03 22:11:34', '198410072014062007', NULL, 'P', 'N', 1, '2a', 9, 25, 'FUNGSIONAL UMUM SD NEGERI 004 KECAMATAN BUKIT BESTARI PADA SD/MI PEMERINTAH KOTA TANJUNGPINANGKOTA TANJUNGPINANG', 1, 0, NULL, NULL, NULL, NULL, NULL, NULL, 0, NULL, 3, 327, NULL, 'Air Kelubi', '1984-10-07', '2014-06-01', '2016-04-01', 0, NULL, 0, NULL, 0, NULL, 0, NULL, NULL, NULL, NULL, NULL, NULL),
('198410172009032007', 'PUTU EKA SUTJI ROSTANTY', NULL, 'A.Md', 507000000, '2017-08-17 17:17:17', '2017-09-03 22:11:34', '198410172009032007', NULL, 'P', 'N', 1, '2d', 9, 25, 'FUNGSIONAL UMUM PADA DINAS PEMBERDAYAAN PEREMPUAN, PERLINDUNGAN ANAK DAN PEMBERDAYAAN MASYARAKAT PEMERINTAH KOTA TANJUNGPINANG', 1, 0, NULL, NULL, NULL, NULL, NULL, NULL, 0, NULL, 6, 168, NULL, 'Tanjungpinang', '1984-10-17', '2009-03-01', '2010-09-01', 0, NULL, 0, NULL, 0, NULL, 0, NULL, NULL, NULL, NULL, NULL, NULL),
('198411032009032006', 'RAJA VERAWATI', NULL, 'A.Ma', 503030215, '2017-08-17 17:17:17', '2017-09-03 22:11:34', '198411032009032006', NULL, 'P', 'N', 1, '2b', 9, 26, 'GURU SD NEGERI 015 KECAMATAN TANJUNGPINANG TIMUR KOTA TANJUNGPINANG', 1, 0, NULL, NULL, NULL, NULL, NULL, NULL, 0, NULL, 5, 234, NULL, 'Penyengat', '1984-11-03', '2009-03-01', '2010-09-01', 0, NULL, 0, NULL, 0, NULL, 0, NULL, NULL, NULL, NULL, NULL, NULL),
('198411232010011004', 'SEDRI PRANA ARISTYA', NULL, 'S.IP', 300000000, '2017-08-17 17:17:17', '2017-09-03 22:11:34', '198411232010011004', NULL, 'L', 'N', 1, '3a', 9, 25, 'FUNGSIONAL UMUM PADA INSPEKTORAT DAERAH PEMERINTAH KOTA TANJUNGPINANG', 1, 0, NULL, NULL, NULL, NULL, NULL, NULL, 0, NULL, 10, 109, NULL, 'Bunguran Barat', '1984-11-23', '2010-01-01', '2011-05-01', 0, NULL, 0, NULL, 0, NULL, 0, NULL, NULL, NULL, NULL, NULL, NULL),
('198411302009032003', 'NOVA ELI HERANI', NULL, 'S.Pd.SD', 503030408, '2017-08-17 17:17:17', '2017-09-03 22:11:34', '198411302009032003', NULL, 'P', 'N', 1, '3b', 9, 26, 'GURU PADA SDN 008 TANJUNGPINANG BARAT KOTA TANJUNGPINANG', 1, 0, NULL, NULL, NULL, NULL, NULL, NULL, 0, NULL, 10, 234, NULL, 'Tanjungpinang', '1984-11-30', '2009-03-01', '2010-11-01', 0, NULL, 0, NULL, 0, NULL, 0, NULL, NULL, NULL, NULL, NULL, NULL),
('198412172008011003', 'AKBAR HIDAYAT', NULL, NULL, 503020100, '2017-08-17 17:17:17', '2017-09-03 22:11:34', '198412172008011003', NULL, 'L', 'N', 1, '2b', 9, 25, 'FUNGSIONAL UMUM PADA SMPN 1 TANJUNGPINANG', 1, 0, NULL, NULL, NULL, NULL, NULL, NULL, 0, NULL, 3, 112, NULL, 'Dabo Singkep', '1984-12-17', '2008-01-01', '2009-08-01', 0, NULL, 0, NULL, 0, NULL, 0, NULL, NULL, NULL, NULL, NULL, NULL),
('198501172009032004', 'SRI WAHYUNI', NULL, 'S.Pd', 503030211, '2017-08-17 17:17:17', '2017-09-03 22:11:34', '198501172009032004', NULL, 'P', 'N', 1, '3b', 9, 26, 'GURU PADA SDN 011 TANJUNGPINANG TIMUR KOTA TANJUNGPINANG', 1, 0, NULL, NULL, NULL, NULL, NULL, NULL, 0, NULL, 10, 242, NULL, 'Tanjung Balit', '1985-01-17', '2009-03-01', '2011-01-01', 0, NULL, 0, NULL, 0, NULL, 0, NULL, NULL, NULL, NULL, NULL, NULL),
('198502062010012007', 'FEBRIANTI ANUGRAH', NULL, 'S.I.Kom', 516000000, '2017-08-17 17:17:17', '2017-09-03 22:11:27', '198502062010012007', '2172014602850001', 'P', 'Y', 1, '3c', 7, 48, 'KEPALA SEKSI KEMITRAAN KOMUNIKASI DAN PENGELOLAAN MEDIA PADA BIDANG PENGELOLAAN INFORMASI DAN SALURAN KOMUNIKASI PUBLIK DINAS KOMUNIKASI DAN INFORMATIKA KOTA TANJUNGPINANG', 1, 0, 'Kp. Bangun Sari', 3, 10, 37680, 66, 7, 0, 'A', 10, 108, 2008, 'Tanjungpinang', '1985-02-06', '2010-01-01', '2011-05-01', 0, NULL, 0, 'febby.bebek@gmail.com', 0, '+628117772906', 0, NULL, '@febbybebek', 'febby.bebek', NULL, 'Bahagia itu kita yang ciptakan', NULL),
('198502172005022002', 'RIA ANGGRAINI', NULL, NULL, 702080000, '2017-08-17 17:17:17', '2017-09-03 22:11:34', '198502172005022002', NULL, 'P', 'N', 1, '2c', 9, 25, 'FUNGSIONAL UMUM PADA KELURAHAN BATU IX KECAMATAN TANJUNGPINANG TIMUR KOTA TANJUNGPINANG', 1, 0, NULL, NULL, NULL, NULL, NULL, NULL, 0, NULL, 3, 111, NULL, 'Padang', '1985-02-17', '2005-02-01', '2006-03-01', 0, NULL, 0, NULL, 0, NULL, 0, NULL, NULL, NULL, NULL, NULL, NULL),
('198502232011011003', 'SUPRIYANTO', NULL, 'S.Si.', 503020100, '2017-08-17 17:17:17', '2017-09-03 22:11:34', '198502232011011003', NULL, 'L', 'N', 1, '3b', 9, 26, 'GURU PADA SMPN 1 TANJUNGPINANG', 1, 0, NULL, NULL, NULL, NULL, NULL, NULL, 0, NULL, 10, 80, NULL, 'Sukoharjo', '1985-02-23', '2011-01-01', '2012-08-01', 0, NULL, 0, NULL, 0, NULL, 0, NULL, NULL, NULL, NULL, NULL, NULL),
('198502262003122001', 'RAJA HAFIZAH', NULL, 'SSTP', 701000000, '2017-08-17 17:17:17', '2017-09-03 22:11:34', '198502262003122001', NULL, 'P', 'N', 1, '3d', 6, 84, 'SEKRETARIS PADA KECAMATAN TANJUNGPINANG KOTA KOTA TANJUNGPINANG', 1, 0, NULL, NULL, NULL, NULL, NULL, NULL, 0, NULL, 7, 205, NULL, 'Penyengat', '1985-02-26', '2003-12-01', '2005-11-01', 0, NULL, 0, NULL, 0, NULL, 0, NULL, NULL, NULL, NULL, NULL, NULL),
('198503112006042011', 'MARDANIYA YUSTI', NULL, 'S.Sos', 702060000, '2017-08-17 17:17:17', '2017-09-03 22:11:34', '198503112006042011', NULL, 'P', 'N', 1, '3b', 8, 46, 'KEPALA SEKSI PEMBANGUNAN DAN PEMBERDAYAAN MASYARAKAT PADA KELURAHAN AIR RAJA KECAMATAN TANJUNGPINANG TIMUR KOTA TANJUNGPINANG', 1, 0, NULL, NULL, NULL, NULL, NULL, NULL, 0, NULL, 10, 96, NULL, 'Tanjungpinang', '1985-03-11', '2006-04-01', '2007-07-01', 0, NULL, 0, NULL, 0, NULL, 0, NULL, NULL, NULL, NULL, NULL, NULL),
('198505012011012002', 'SYARIFAH UMMI KALTSUM', NULL, 'SE', 516000000, '2017-08-17 17:17:17', '2017-09-03 22:11:29', '198505012011012002', NULL, 'P', 'Y', 1, '3b', 7, 47, 'KEPALA SUB BAGIAN PENYUSUNAN PROGRAM, EVALUASI DAN PELAPORAN PADA SEKRETARIAT DINAS KOMUNIKASI DAN INFORMATIKA KOTA TANJUNGPINANG', 1, 0, NULL, NULL, NULL, NULL, NULL, NULL, 0, NULL, 10, 180, NULL, 'Jakarta', '1985-05-01', '2011-01-01', '2012-08-01', 0, NULL, 0, NULL, 0, '+6281364526003', 0, '+6281991288146', NULL, NULL, NULL, NULL, NULL),
('198505032005022003', 'IRMA RAHAYU', NULL, 'SE', 509000000, '2017-08-17 17:17:17', '2017-09-03 22:11:34', '198505032005022003', NULL, 'P', 'N', 1, '3b', 9, 25, 'FUNGSIONAL UMUM PADA DINAS KEPEMUDAAN DAN OLAHRAGA PEMERINTAH KOTA TANJUNGPINANG', 1, 0, NULL, NULL, NULL, NULL, NULL, NULL, 0, NULL, 10, 28, NULL, 'Tanjungpinang', '1985-05-03', '2005-02-01', '2006-03-01', 0, NULL, 0, NULL, 0, NULL, 0, NULL, NULL, NULL, NULL, NULL, NULL),
('198505212015032001', 'RISKA RAMADHANI', NULL, 'S.Pd.SD', 503030102, '2017-08-17 17:17:17', '2017-09-03 22:11:34', '198505212015032001', NULL, 'P', 'N', 1, '3a', 9, 26, 'GURU SD NEGERI 003 KECAMATAN TANJUNGPINANG KOTA KOTA TANJUNGPINANG', 1, 0, NULL, NULL, NULL, NULL, NULL, NULL, 0, NULL, 10, 234, NULL, 'Tanjungpinang', '1985-05-21', '2015-03-01', '2016-10-01', 0, NULL, 0, NULL, 0, NULL, 0, NULL, NULL, NULL, NULL, NULL, NULL),
('198505252006041004', 'YUDI RAMDANI', NULL, 'S.Sos  MM', 404000000, '2017-08-17 17:17:17', '2017-09-03 22:11:34', '198505252006041004', NULL, 'L', 'N', 1, '3c', 7, 48, 'KEPALA SUB BIDANG PENGHAPUSAN DAN PEMANFAATAN ASET DAERAH PADA BIDANG ASET BADAN PENGELOLAAN KEUANGAN DAN ASET DAERAH KOTA TANJUNGPINANG', 1, 0, NULL, NULL, NULL, NULL, NULL, NULL, 0, NULL, 11, 164, NULL, 'Tanjungpinang', '1985-05-25', '2006-04-01', '2007-07-01', 0, NULL, 0, NULL, 0, NULL, 0, NULL, NULL, NULL, NULL, NULL, NULL),
('198505262009032004', 'ASMIATI', NULL, 'A.Ma', 503030109, '2017-08-17 17:17:17', '2017-09-03 22:11:34', '198505262009032004', NULL, 'P', 'N', 1, '2b', 9, 26, 'GURU PADA SDN 010 TANJUNGPINANG KOTA - KOTA TANJUNGPINANG', 1, 0, NULL, NULL, NULL, NULL, NULL, NULL, 0, NULL, 5, 211, NULL, 'Resun', '1985-05-26', '2009-03-01', '2010-09-01', 0, NULL, 0, NULL, 0, NULL, 0, NULL, NULL, NULL, NULL, NULL, NULL),
('198507112006041007', 'IMAN MAZANI', NULL, 'S.IP', 701000000, '2017-08-17 17:17:17', '2017-09-03 22:11:34', '198507112006041007', NULL, 'L', 'N', 1, '3a', 9, 25, 'FUNGSIONAL UMUM PADA KECAMATAN TANJUNGPINANG KOTA - KOTA TANJUNGPINANG', 1, 0, NULL, NULL, NULL, NULL, NULL, NULL, 0, NULL, 10, 109, NULL, 'Tanjungpinang', '1985-07-11', '2006-04-01', '2007-12-01', 0, NULL, 0, NULL, 0, NULL, 0, NULL, NULL, NULL, NULL, NULL, NULL),
('198507252006021001', 'BOBBY SATYA KIFANA', NULL, 'SSTP', 703000000, '2017-08-17 17:17:17', '2017-09-03 22:11:34', '198507252006021001', NULL, 'L', 'N', 1, '3c', 6, 84, 'SEKRETARIS PADA KECAMATAN BUKIT BESTARI KOTA TANJUNGPINANG', 1, 0, NULL, NULL, NULL, NULL, NULL, NULL, 0, NULL, 7, 283, NULL, 'Kundur', '1985-07-25', '2006-02-01', '2007-04-01', 0, NULL, 0, NULL, 0, NULL, 0, NULL, NULL, NULL, NULL, NULL, NULL),
('198509192011012005', 'SURANDENI', NULL, 'S.Pd', 503021300, '2017-08-17 17:17:17', '2017-09-03 22:11:34', '198509192011012005', NULL, 'P', 'N', 1, '3a', 9, 32, 'GURU PERTAMA PADA SMP NEGERI 13 SATU ATAP PADA SMP/SLTP/MTS PEMERINTAH KOTA TANJUNGPINANGKOTA TANJUNGPINANG', 1, 0, NULL, NULL, NULL, NULL, NULL, NULL, 0, NULL, 10, 225, NULL, 'Midai', '1985-09-19', '2011-01-01', '2012-07-01', 0, NULL, 0, NULL, 0, NULL, 0, NULL, NULL, NULL, NULL, NULL, NULL),
('198509272010011004', 'MURDANI HADINATA', NULL, 'S.H', 509000000, '2017-08-17 17:17:17', '2017-09-03 22:11:34', '198509272010011004', NULL, 'L', 'N', 1, '3c', 7, 46, 'KEPALA SEKSI KEPEMIMPINAN PEMUDA PADA BIDANG PEMUDA DINAS KEPEMUDAAN DAN OLAHRAGA KOTA TANJUNGPINANG', 1, 0, NULL, NULL, NULL, NULL, NULL, NULL, 0, NULL, 10, 102, NULL, 'Tanjungpinang', '1985-09-27', '2010-01-01', '2011-05-01', 0, NULL, 0, NULL, 0, NULL, 0, NULL, NULL, NULL, NULL, NULL, NULL),
('198510072003121002', 'RUDI SUTEJA', NULL, NULL, 701000000, '2017-08-17 17:17:17', '2017-09-03 22:11:34', '198510072003121002', NULL, 'L', 'N', 1, '2c', 9, 25, 'FUNGSIONAL UMUM PADA KECAMATAN TANJUNGPINANG KOTA - KOTA TANJUNGPINANG', 1, 0, NULL, NULL, NULL, NULL, NULL, NULL, 0, NULL, 3, 187, NULL, 'Tanjungpati Kec Harau Kabupaten 50 Kota', '1985-10-07', '2003-12-01', '2005-03-01', 0, NULL, 0, NULL, 0, NULL, 0, NULL, NULL, NULL, NULL, NULL, NULL),
('198512192015031003', 'ARSIL HALIM MUNZIL', NULL, 'S.Pd', 503030104, '2017-08-17 17:17:17', '2017-09-03 22:11:34', '198512192015031003', NULL, 'L', 'N', 1, '3a', 9, 26, 'GURU SD NEGERI 005 KECAMATAN TANJUNGPINANG KOTA PADA2 SD/MI SD/MI', 1, 0, NULL, NULL, NULL, NULL, NULL, NULL, 0, NULL, 10, 251, NULL, 'Sai Laban', '1985-12-19', '2015-03-01', '2016-10-01', 0, NULL, 0, NULL, 0, NULL, 0, NULL, NULL, NULL, NULL, NULL, NULL),
('198601282009022003', 'SUKMALA HAYATI', NULL, 'A.Md', 513000000, '2017-08-17 17:17:17', '2017-09-03 22:11:34', '198601282009022003', NULL, 'P', 'N', 1, '2d', 9, 25, 'FUNGSIONAL UMUM PADA DINAS LINGKUNGAN HIDUP KOTA TANJUNGPINANG', 1, 0, NULL, NULL, NULL, NULL, NULL, NULL, 0, NULL, 6, 141, NULL, 'Padang', '1986-01-28', '2009-02-01', '2010-05-01', 0, NULL, 0, NULL, 0, NULL, 0, NULL, NULL, NULL, NULL, NULL, NULL),
('198602192006042002', 'FRIMAWARNI ASMARA', NULL, NULL, 704180000, '2017-08-17 17:17:17', '2017-09-03 22:11:34', '198602192006042002', NULL, 'P', 'N', 1, '2c', 9, 25, 'FUNGSIONAL UMUM PADA KELURAHAN KEMBOJA KECAMATAN TANJUNGPINANG BARAT PEMERINTAH KOTA TANJUNGPINANG ', 1, 0, NULL, NULL, NULL, NULL, NULL, NULL, 0, NULL, 3, 193, NULL, 'Tanjungpinang', '1986-02-19', '2006-04-01', '2007-07-01', 0, NULL, 0, NULL, 0, NULL, 0, NULL, NULL, NULL, NULL, NULL, NULL),
('198602262009021001', 'MUHAMMAD AKHYAR', NULL, 'S.Pd', 503020900, '2017-08-17 17:17:17', '2017-09-03 22:11:34', '198602262009021001', NULL, 'L', 'N', 1, '3b', 9, 25, 'FUNGSIONAL UMUM PADA SMP NEGERI 9 PEMERINTAH KOTA TANJUNGPINANG ', 1, 0, NULL, NULL, NULL, NULL, NULL, NULL, 0, NULL, 10, 221, NULL, 'Bangkinang', '1986-02-26', '2009-02-01', '2010-05-01', 0, NULL, 0, NULL, 0, NULL, 0, NULL, NULL, NULL, NULL, NULL, NULL),
('198604172015032001', 'NUR AFRIYANI', NULL, 'S.Pd.SD', 503030104, '2017-08-17 17:17:17', '2017-09-03 22:11:34', '198604172015032001', NULL, 'P', 'N', 1, '3a', 9, 26, 'GURU SD NEGERI 005 KECAMATAN TANJUNGPINANG KOTA KOTA TANJUNGPINANG', 1, 0, NULL, NULL, NULL, NULL, NULL, NULL, 0, NULL, 10, 234, NULL, 'Tanjung Batu Barat', '1986-04-17', '2015-03-01', '2016-10-01', 0, NULL, 0, NULL, 0, NULL, 0, NULL, NULL, NULL, NULL, NULL, NULL),
('198605062009032003', 'LUIS NAINI', NULL, 'A.Ma', 503030311, '2017-08-17 17:17:17', '2017-09-03 22:11:34', '198605062009032003', NULL, 'P', 'N', 1, '2c', 9, 30, 'GURU MUDA PADA SDN 011 BUKIT BESTARI KOTA TANJUNGPINANG', 1, 0, NULL, NULL, NULL, NULL, NULL, NULL, 0, NULL, 5, 234, NULL, 'Tanjung Pinang', '1986-05-06', '2009-03-01', '2010-11-01', 0, NULL, 0, NULL, 0, NULL, 0, NULL, NULL, NULL, NULL, NULL, NULL),
('198605272006021001', 'FERY ANDANA', NULL, 'SSTP', 702080000, '2017-08-17 17:17:17', '2017-09-03 22:11:34', '198605272006021001', NULL, 'L', 'N', 1, '3c', 7, 49, 'LURAH BATU IX KOTA TANJUNGPINANG', 1, 0, NULL, NULL, NULL, NULL, NULL, NULL, 0, NULL, 7, 283, NULL, 'Tanjungpinang', '1986-05-27', '2006-02-01', '2007-04-01', 0, NULL, 0, NULL, 0, NULL, 0, NULL, NULL, NULL, NULL, NULL, NULL),
('198606122008011002', 'HUSNI AKBAR', NULL, 'S.Pd.SD', 503030311, '2017-08-17 17:17:17', '2017-09-03 22:11:34', '198606122008011002', NULL, 'L', 'N', 1, '3a', 9, 32, 'GURU PERTAMA PADA SD NEGERI 011 KECAMATAN BUKIT BESTARI', 1, 0, NULL, NULL, NULL, NULL, NULL, NULL, 0, NULL, 10, 234, NULL, 'Dabo Singkep', '1986-06-12', '2008-01-01', '2009-08-01', 0, NULL, 0, NULL, 0, NULL, 0, NULL, NULL, NULL, NULL, NULL, NULL),
('198606292010011006', 'IMANUDDIN', NULL, 'S.Pd', 503030202, '2017-08-17 17:17:17', '2017-09-03 22:11:34', '198606292010011006', NULL, 'L', 'N', 1, '3a', 9, 26, 'GURU PADA SDN 002 TANJUNGPINANG TIMUR KOTA TANJUNGPINANG', 1, 0, NULL, NULL, NULL, NULL, NULL, NULL, 0, NULL, 10, 242, NULL, 'Jurong Baro', '1986-06-29', '2010-01-01', '2011-05-01', 0, NULL, 0, NULL, 0, NULL, 0, NULL, NULL, NULL, NULL, NULL, NULL),
('198607232010012025', 'ZULERIWATI A.S', NULL, 'S.Si', 513000000, '2017-08-17 17:17:17', '2017-09-03 22:11:34', '198607232010012025', NULL, 'P', 'N', 1, '3b', 9, 25, 'FUNGSIONAL UMUM PADA DINAS LINGKUNGAN HIDUP KOTA TANJUNGPINANG', 1, 0, NULL, NULL, NULL, NULL, NULL, NULL, 0, NULL, 10, 140, NULL, 'Meral Karimun', '1986-07-23', '2010-01-01', '2011-05-01', 0, NULL, 0, NULL, 0, NULL, 0, NULL, NULL, NULL, NULL, NULL, NULL),
('198608292007012002', 'FARIDAH', NULL, 'A.Ma', 503030308, '2017-08-17 17:17:17', '2017-09-03 22:11:34', '198608292007012002', NULL, 'P', 'N', 1, '2c', 9, 26, 'GURU SD NEGERI 008 KECAMATAN BUKIT BESTARI KOTA TANJUNGPINANG', 1, 0, NULL, NULL, NULL, NULL, NULL, NULL, 0, NULL, 5, 211, NULL, 'Dompak Seberang', '1986-08-29', '2007-01-01', '2008-11-01', 0, NULL, 0, NULL, 0, NULL, 0, NULL, NULL, NULL, NULL, NULL, NULL),
('198609162010012017', 'SINTIA DEWI', NULL, 'ST', 516000000, '2017-08-17 17:17:17', '2017-11-20 00:25:32', '198609162010012017', NULL, 'P', 'Y', 1, '3b', 9, 25, 'FUNGSIONAL UMUM PADA DINAS KOMUNIKASI DAN INFORMATIKA PEMERINTAH KOTA TANJUNGPINANG ', 1, 0, NULL, NULL, NULL, NULL, NULL, NULL, 0, NULL, 10, 272, NULL, 'Tanjungpinang', '1986-09-16', '2010-01-01', '2011-05-01', 0, NULL, 0, NULL, 0, '+6281321419086', 0, NULL, NULL, NULL, NULL, NULL, '198609162010012017'),
('198609272011012007', 'CERIA MOURLINH', NULL, 'A.Md', 701030000, '2017-08-17 17:17:17', '2017-09-03 22:11:34', '198609272011012007', NULL, 'P', 'N', 1, '2d', 9, 25, 'FUNGSIONAL UMUM PADA KELURAHAN TANJUNGPINANG KOTA KECAMATAN TANJUNGPINANG KOTA PEMERINTAH KOTA TANJUNGPINANG ', 1, 0, NULL, NULL, NULL, NULL, NULL, NULL, 0, NULL, 6, 28, NULL, 'Terempa', '1986-09-27', '2011-01-01', '2012-11-01', 0, NULL, 0, NULL, 0, NULL, 0, NULL, NULL, NULL, NULL, NULL, NULL),
('198612172007011002', 'HUSAIN ALHAMID', NULL, 'S.IP', 702060000, '2017-08-17 17:17:17', '2017-09-03 22:11:34', '198612172007011002', NULL, 'L', 'N', 1, '3c', 7, 49, 'LURAH AIR RAJA KOTA TANJUNGPINANG', 1, 0, NULL, NULL, NULL, NULL, NULL, NULL, 0, NULL, 10, 171, NULL, 'Fakfak', '1986-12-17', '2007-01-01', '2008-05-01', 0, NULL, 0, NULL, 0, NULL, 0, NULL, NULL, NULL, NULL, NULL, NULL),
('198705052011011006', 'SYAFDI WERMAN', NULL, 'S.Pd.', 503021500, '2017-08-17 17:17:17', '2017-09-03 22:11:34', '198705052011011006', NULL, 'L', 'N', 1, '3a', 9, 32, 'GURU PERTAMA SMP NEGERI 15 KOTA TANJUNGPINANG', 1, 0, NULL, NULL, NULL, NULL, NULL, NULL, 0, NULL, 10, 242, NULL, 'Sungai Nanam Barat', '1987-05-05', '2011-01-01', '2012-08-01', 0, NULL, 0, NULL, 0, NULL, 0, NULL, NULL, NULL, NULL, NULL, NULL),
('198708312007012001', 'SUCI PRIHATINI', NULL, 'S.IP', 703130000, '2017-08-17 17:17:17', '2017-09-03 22:11:34', '198708312007012001', NULL, 'P', 'N', 1, '3c', 7, 49, 'LURAH SEI JANG KOTA TANJUNGPINANG', 1, 0, NULL, NULL, NULL, NULL, NULL, NULL, 0, NULL, 10, 122, NULL, 'Pekan Baru', '1987-08-31', '2007-01-01', '2008-05-01', 0, NULL, 0, NULL, 0, NULL, 0, NULL, NULL, NULL, NULL, NULL, NULL),
('198709252015031002', 'ZAILANI', NULL, 'S.Pd', 503030314, '2017-08-17 17:17:17', '2017-09-03 22:11:34', '198709252015031002', NULL, 'L', 'N', 1, '3a', 9, 32, 'GURU PERTAMA SD NEGERI 014 KECAMATAN BUKIT BESTARI PADA2 SD/MI SD/MI', 1, 0, NULL, NULL, NULL, NULL, NULL, NULL, 0, NULL, 10, 234, NULL, 'Tanjungpinang', '1987-09-25', '2015-03-01', '2016-10-01', 0, NULL, 0, NULL, 0, NULL, 0, NULL, NULL, NULL, NULL, NULL, NULL),
('198710152007012001', 'T. KHAIRANI UMMU KALSUM', NULL, 'S.IP', 704000000, '2017-08-17 17:17:17', '2017-09-03 22:11:34', '198710152007012001', NULL, 'P', 'N', 1, '3c', 7, 46, 'KEPALA SEKSI PEMERINTAHAN PADA KECAMATAN TANJUNGPINANG BARAT KOTA TANJUNGPINANG', 1, 0, NULL, NULL, NULL, NULL, NULL, NULL, 0, NULL, 10, 122, NULL, 'Pekan Baru', '1987-10-15', '2007-01-01', '2008-05-01', 0, NULL, 0, NULL, 0, NULL, 0, NULL, NULL, NULL, NULL, NULL, NULL),
('198712132015032001', 'DIYANGGERAH ESTI', NULL, 'A.Md', 704180000, '2017-08-17 17:17:17', '2017-09-03 22:11:34', '198712132015032001', NULL, 'P', 'N', 1, '2c', 9, 25, 'FUNGSIONAL UMUM PADA KELURAHAN KEMBOJA KECAMATAN TANJUNGPINANG BARAT PEMERINTAH KOTA TANJUNGPINANG ', 1, 0, NULL, NULL, NULL, NULL, NULL, NULL, 0, NULL, 6, 28, NULL, 'Tanjungpinang', '1987-12-13', '2015-03-01', '2016-10-01', 0, NULL, 0, NULL, 0, NULL, 0, NULL, NULL, NULL, NULL, NULL, NULL),
('198803022015031002', 'MOHAMMAD FARLY RIZKI', NULL, 'A.Md', 402000000, '2017-08-17 17:17:17', '2017-09-03 22:11:34', '198803022015031002', NULL, 'L', 'N', 1, '2c', 9, 25, 'FUNGSIONAL UMUM PADA BADAN KEPEGAWAIAN DAN PENGEMBANGAN SUMBER DAYA MANUSIA KOTA TANJUNGPINANG', 1, 0, NULL, NULL, NULL, NULL, NULL, NULL, 0, NULL, 6, 168, NULL, 'Tanjungpinang', '1988-03-02', '2015-03-01', '2016-10-01', 0, NULL, 0, NULL, 0, NULL, 0, NULL, NULL, NULL, NULL, NULL, NULL),
('198803092009042001', 'SRI RAHMAWATI', NULL, 'A.Ma', 503030302, '2017-08-17 17:17:17', '2017-09-03 22:11:34', '198803092009042001', NULL, 'P', 'N', 1, '2b', 9, 26, 'GURU PADA SDN 002 BUKIT BESTARI KOTA TANJUNGPINANG', 1, 0, NULL, NULL, NULL, NULL, NULL, NULL, 0, NULL, 5, 210, NULL, 'Tanjungpinang', '1988-03-09', '2009-04-01', '2011-01-01', 0, NULL, 0, NULL, 0, NULL, 0, NULL, NULL, NULL, NULL, NULL, NULL),
('198803112015032001', 'DHINI MARYUSTA', NULL, 'SE', 300000000, '2017-08-17 17:17:17', '2017-09-03 22:11:34', '198803112015032001', NULL, 'P', 'N', 1, '3a', 9, 25, 'FUNGSIONAL UMUM PADA INSPEKTORAT DAERAH PEMERINTAH KOTA TANJUNGPINANG', 1, 0, NULL, NULL, NULL, NULL, NULL, NULL, 0, NULL, 10, 28, NULL, 'Pekanbaru', '1988-03-11', '2015-03-01', '2016-10-01', 0, NULL, 0, NULL, 0, NULL, 0, NULL, NULL, NULL, NULL, NULL, NULL),
('198803302015032003', 'SUTRISNAWATI', NULL, 'A.Md', 704000000, '2017-08-17 17:17:17', '2017-09-03 22:11:34', '198803302015032003', NULL, 'P', 'N', 1, '2c', 9, 25, 'FUNGSIONAL UMUM PADA KECAMATAN TANJUNGPINANG BARAT', 1, 0, NULL, NULL, NULL, NULL, NULL, NULL, 0, NULL, 6, 28, NULL, 'Dabo Singkep', '1988-03-30', '2015-03-01', '2016-10-01', 0, NULL, 0, NULL, 0, NULL, 0, NULL, NULL, NULL, NULL, NULL, NULL),
('198804102015031001', 'APRINALDI', NULL, 'S.Kom', 516000000, '2017-08-17 17:17:17', '2017-11-19 21:34:59', '198804102015031001', '2172041004880001', 'L', 'Y', 1, '3a', 9, 25, 'FUNGSIONAL UMUM PADA DINAS KOMUNIKASI DAN INFORMATIKA PEMERINTAH KOTA TANJUNGPINANG ', 1, 0, 'Jl. Subi No. 12, Perumnas. Sei. Jang', 2, 7, 37667, 63, 7, 0, 'AB', 10, 353, 2011, 'Bengkalis', '1988-04-10', '2015-03-01', '2016-10-01', 0, 'aprinalditik@kominfo.tanjungpinangkota.go.id', 0, 'qlink186@hotmail.com', 0, '+6285228199298', 0, NULL, 'qlinkk', 'qlink.banget', '@Qlink186', 'Generasi Menolak Tua', '198804102015031001'),
('198804242015032001', 'HAPPY YANA ARIFIN', NULL, 'SH', 402000000, '2017-08-17 17:17:17', '2017-09-03 22:11:34', '198804242015032001', NULL, 'P', 'N', 1, '3a', 9, 25, 'FUNGSIONAL UMUM PADA BADAN KEPEGAWAIAN DAN PENGEMBANGAN SUMBER DAYA MANUSIA PEMERINTAH KOTA TANJUNGPINANG ', 1, 0, NULL, NULL, NULL, NULL, NULL, NULL, 0, NULL, 10, 102, NULL, 'Pekanbaru', '1988-04-24', '2015-03-01', '2016-10-01', 0, NULL, 0, NULL, 0, NULL, 0, NULL, NULL, NULL, NULL, NULL, NULL),
('198806242010012002', 'PARANITA YUNIATY', NULL, 'A.Md.Keb', 502070000, '2017-08-17 17:17:17', '2017-09-03 22:11:34', '198806242010012002', NULL, 'P', 'N', 1, '3a', 9, 16, 'BIDAN PELAKSANA LANJUTAN PADA PUSKESMAS SEI JANG PEMERINTAH KOTA TANJUNGPINANG ', 1, 0, NULL, NULL, NULL, NULL, NULL, NULL, 0, NULL, 6, 121, NULL, 'Tanjungpinang', '1988-06-24', '2010-01-01', '2011-05-01', 0, NULL, 0, NULL, 0, NULL, 0, NULL, NULL, NULL, NULL, NULL, NULL),
('198808212015032002', 'OLRENI ROTUA MANURUNG', NULL, 'S.Pd', 503030105, '2017-08-17 17:17:17', '2017-09-03 22:11:34', '198808212015032002', NULL, 'P', 'N', 1, '3a', 9, 26, 'GURU PADA SDN 006 TANJUNGPINANG KOTA - KOTA TANJUNGPINANG', 1, 0, NULL, NULL, NULL, NULL, NULL, NULL, 0, NULL, 10, 234, NULL, 'Saranggiting Kahan', '1988-08-21', '2015-03-01', '2016-10-01', 0, NULL, 0, NULL, 0, NULL, 0, NULL, NULL, NULL, NULL, NULL, NULL),
('198809302015031001', 'TEDDY ANDAR PRADAYOGA', NULL, 'A.Md', 703130000, '2017-08-17 17:17:17', '2017-09-03 22:11:34', '198809302015031001', NULL, 'L', 'N', 1, '2c', 9, 25, 'FUNGSIONAL UMUM PADA KELURAHAN SEI JANG KECAMATAN BUKIT BESTARI KOTA TANJUNGPINANG', 1, 0, NULL, NULL, NULL, NULL, NULL, NULL, 0, NULL, 6, 28, NULL, 'Tanjungpinang', '1988-09-30', '2015-03-01', '2016-10-01', 0, NULL, 0, NULL, 0, NULL, 0, NULL, NULL, NULL, NULL, NULL, NULL),
('198810012010012003', 'MATHILDA JOICE PURBA', NULL, 'A.Md.Keb', 502090000, '2017-08-17 17:17:17', '2017-09-03 22:11:34', '198810012010012003', NULL, 'P', 'N', 1, '3a', 9, 15, 'BIDAN PELAKSANA PADA PUSKESMAS KAMPUNG BUGIS KOTA TANJUNGPINANG', 1, 0, NULL, NULL, NULL, NULL, NULL, NULL, 0, NULL, 6, 121, NULL, 'Tanjungbatu', '1988-10-01', '2010-01-01', '2011-05-01', 0, NULL, 0, NULL, 0, NULL, 0, NULL, NULL, NULL, NULL, NULL, NULL),
('198810252007011001', 'HAFIZARLI', NULL, 'S.IP M.Si', 507000000, '2017-08-17 17:17:17', '2017-09-03 22:11:34', '198810252007011001', NULL, 'L', 'N', 1, '3c', 7, 46, 'KEPALA SEKSI PEMBINAAN KELEMBAGAAN DAN POTENSI LURAH PADA BIDANG PEMBERDAYAAN MASYARAKAT DINAS PEMBERDAYAAN PEREMPUAN, PERLINDUNGAN ANAK DAN PEMBERDAYAAN MASYARAKAT KOTA TANJUNGPINANG', 1, 0, NULL, NULL, NULL, NULL, NULL, NULL, 0, NULL, 7, 176, NULL, 'Selat Panjang', '1988-10-25', '2007-01-01', '2008-05-01', 0, NULL, 0, NULL, 0, NULL, 0, NULL, NULL, NULL, NULL, NULL, NULL),
('198811012015032002', 'PETTY NOVITA SARI', NULL, 'SH', 404000000, '2017-08-17 17:17:17', '2017-09-03 22:11:34', '198811012015032002', NULL, 'P', 'N', 1, '3a', 9, 25, 'FUNGSIONAL UMUM BADAN PENGELOLAAN KEUANGAN DAN ASET DAERAH PEMERINTAH KOTA TANJUNGPINANG', 1, 0, NULL, NULL, NULL, NULL, NULL, NULL, 0, NULL, 10, 102, NULL, 'Tanjungpinang', '1988-11-01', '2015-03-01', '2016-10-01', 0, NULL, 0, NULL, 0, NULL, 0, NULL, NULL, NULL, NULL, NULL, NULL),
('198811212011012003', 'REZA HANDAYANI', NULL, 'A.Md.Keb', 502070000, '2017-08-17 17:17:17', '2017-09-03 22:11:34', '198811212011012003', NULL, 'P', 'N', 1, '2d', 9, 15, 'BIDAN PELAKSANA PADA PUSKESMAS SEI JANG KOTA TANJUNGPINANG', 1, 0, NULL, NULL, NULL, NULL, NULL, NULL, 0, NULL, 6, 121, NULL, 'Tanjungpinang', '1988-11-21', '2011-01-01', '2012-08-01', 0, NULL, 0, NULL, 0, NULL, 0, NULL, NULL, NULL, NULL, NULL, NULL),
('198904052015032002', 'LINA AFRIYANI', NULL, 'A.Md', 704160000, '2017-08-17 17:17:17', '2017-09-03 22:11:34', '198904052015032002', NULL, 'P', 'N', 1, '2c', 9, 25, 'FUNGSIONAL UMUM PADA KELURAHAN BUKIT CERMIN KECAMATAN TANJUNGPINANG BARAT KOTA TANJUNGPINANG', 1, 0, NULL, NULL, NULL, NULL, NULL, NULL, 0, NULL, 6, 28, NULL, 'Tanjungpinang', '1989-04-05', '2015-03-01', '2016-10-01', 0, NULL, 0, NULL, 0, NULL, 0, NULL, NULL, NULL, NULL, NULL, NULL),
('198904282015032003', 'SUCI AR RAHMADANI', NULL, 'S.Pd', 503030411, '2017-08-17 17:17:17', '2017-09-03 22:11:34', '198904282015032003', NULL, 'P', 'N', 1, '3a', 9, 26, 'GURU PADA SDN 011 TANJUNGPINANG BARAT KOTA TANJUNGPINANG', 1, 0, NULL, NULL, NULL, NULL, NULL, NULL, 0, NULL, 10, 234, NULL, 'Tanjungpinang', '1989-04-28', '2015-03-01', '2016-10-01', 0, NULL, 0, NULL, 0, NULL, 0, NULL, NULL, NULL, NULL, NULL, NULL),
('198906052015032002', 'ERLIZA SYAHRANI', NULL, 'ST', 515000000, '2017-08-17 17:17:17', '2017-09-03 22:11:34', '198906052015032002', NULL, 'P', 'N', 1, '3a', 9, 25, 'FUNGSIONAL UMUM PADA DINAS PEKERJAAN UMUM DAN PENATAAN RUANG PEMERINTAH KOTA TANJUNGPINANG', 1, 0, NULL, NULL, NULL, NULL, NULL, NULL, 0, NULL, 10, 362, NULL, 'Pekanbaru', '1989-06-05', '2015-03-01', '2016-10-01', 0, NULL, 0, NULL, 0, NULL, 0, NULL, NULL, NULL, NULL, NULL, NULL),
('198911022015031003', 'T. DEDI SUKHMA MAZDAVILAYA', NULL, 'ST', 515000000, '2017-08-17 17:17:17', '2017-09-03 22:11:34', '198911022015031003', NULL, 'L', 'N', 1, '3a', 9, 25, 'FUNGSIONAL UMUM PADA DINAS PEKERJAAN UMUM DAN PENATAAN RUANG PEMERINTAH KOTA TANJUNGPINANG', 1, 0, NULL, NULL, NULL, NULL, NULL, NULL, 0, NULL, 10, 366, NULL, 'Selat Panjang', '1989-11-02', '2015-03-01', '2016-10-01', 0, NULL, 0, NULL, 0, NULL, 0, NULL, NULL, NULL, NULL, NULL, NULL),
('199001232015032001', 'RIKA JAYANTI PUTRI', NULL, 'S.Farm.Apt', 502090000, '2017-08-17 17:17:17', '2017-09-03 22:11:34', '199001232015032001', NULL, 'P', 'N', 1, '3b', 9, 2, 'APOTEKER PADA PUSKESMAS KAMPUNG BUGIS KOTA TANJUNGPINANG', 1, 0, NULL, NULL, NULL, NULL, NULL, NULL, 0, NULL, 13, 34, NULL, 'Pekanbaru', '1990-01-23', '2015-03-01', '2016-10-01', 0, NULL, 0, NULL, 0, NULL, 0, NULL, NULL, NULL, NULL, NULL, NULL),
('199005212015032002', 'NILAM ELVI SUSANTI', NULL, 'AMK', 502090000, '2017-08-17 17:17:17', '2017-09-03 22:11:34', '199005212015032002', NULL, 'P', 'N', 1, '2c', 9, 69, 'PERAWAT PADA PUSKESMAS KAMPUNG BUGIS KOTA TANJUNGPINANG', 1, 0, NULL, NULL, NULL, NULL, NULL, NULL, 0, NULL, 6, 126, NULL, 'Tanjungpinang', '1990-05-21', '2015-03-01', '2016-10-01', 0, NULL, 0, NULL, 0, NULL, 0, NULL, NULL, NULL, NULL, NULL, NULL),
('199006012015032002', 'ZIAEMNUR', NULL, 'S.Pd', 503030206, '2017-08-17 17:17:17', '2017-09-03 22:11:34', '199006012015032002', NULL, 'P', 'N', 1, '3a', 9, 26, 'GURU PADA SDN 006 TANJUNGPINANG TIMUR KOTA TANJUNGPINANG', 1, 0, NULL, NULL, NULL, NULL, NULL, NULL, 0, NULL, 10, 234, NULL, 'Rewak', '1990-06-01', '2015-03-01', '2016-10-01', 0, NULL, 0, NULL, 0, NULL, 0, NULL, NULL, NULL, NULL, NULL, NULL),
('199007052015032002', 'TIARANITA DEKRIATI', NULL, 'S.Pd', 503020100, '2017-08-17 17:17:17', '2017-09-03 22:11:34', '199007052015032002', NULL, 'P', 'N', 1, '3a', 9, 32, 'GURU PERTAMA PADA SMP NEGERI 1 KOTA TANJUNGPINANG', 1, 0, NULL, NULL, NULL, NULL, NULL, NULL, 0, NULL, 10, 247, NULL, 'Tanjungbatu', '1990-07-05', '2015-03-01', '2016-10-01', 0, NULL, 0, NULL, 0, NULL, 0, NULL, NULL, NULL, NULL, NULL, NULL),
('199007202010101001', 'SAID MUHAMMAD ILMIN', NULL, 'S.STP', 701030000, '2017-08-17 17:17:17', '2017-09-03 22:11:34', '199007202010101001', NULL, 'L', 'N', 1, '3b', 7, 49, 'LURAH TANJUNGPINANG KOTA KOTA TANJUNGPINANG', 1, 0, NULL, NULL, NULL, NULL, NULL, NULL, 0, NULL, 7, 205, NULL, 'Tanjungpinang', '1990-07-20', '2010-10-01', '2011-10-01', 0, NULL, 0, NULL, 0, NULL, 0, NULL, NULL, NULL, NULL, NULL, NULL),
('199009032015031002', 'SURYA PRADITA', NULL, 'ST', 515000000, '2017-08-17 17:17:17', '2017-09-03 22:11:34', '199009032015031002', NULL, 'L', 'N', 1, '3a', 9, 25, 'FUNGSIONAL UMUM PADA DINAS PEKERJAAN UMUM DAN PENATAAN RUANG PEMERINTAH KOTA TANJUNGPINANG', 1, 0, NULL, NULL, NULL, NULL, NULL, NULL, 0, NULL, 10, 366, NULL, 'Perawang', '1990-09-03', '2015-03-01', '2016-10-01', 0, NULL, 0, NULL, 0, NULL, 0, NULL, NULL, NULL, NULL, NULL, NULL),
('199009182010102002', 'SHEPTYA YUSNITA PUTRI', NULL, 'S.IP', 702000000, '2017-08-17 17:17:17', '2017-09-03 22:11:34', '199009182010102002', NULL, 'P', 'N', 1, '3b', 7, 46, 'KEPALA SEKSI PEMERINTAHAN PADA KECAMATAN TANJUNGPINANG TIMUR KOTA TANJUNGPINANG', 1, 0, NULL, NULL, NULL, NULL, NULL, NULL, 0, NULL, 10, 283, NULL, 'Tanjungpinang', '1990-09-18', '2010-10-01', '2011-05-01', 0, NULL, 0, NULL, 0, NULL, 0, NULL, NULL, NULL, NULL, NULL, NULL),
('199009242015032001', 'ELFIZAHRA', NULL, 'S.Pd.SD', 503030109, '2017-08-17 17:17:17', '2017-09-03 22:11:34', '199009242015032001', NULL, 'P', 'N', 1, '3a', 9, 26, 'GURU SD NEGERI 010 KECAMATAN TANJUNGPINANG KOTA KOTA TANJUNGPINANG', 1, 0, NULL, NULL, NULL, NULL, NULL, NULL, 0, NULL, 10, 234, NULL, 'Dabo Singkep', '1990-09-24', '2015-03-01', '2016-10-01', 0, NULL, 0, NULL, 0, NULL, 0, NULL, NULL, NULL, NULL, NULL, NULL),
('199011022015031001', 'RIO ADE SYAPUTRA', NULL, 'SE', 404000000, '2017-08-17 17:17:17', '2017-09-03 22:11:34', '199011022015031001', NULL, 'L', 'N', 1, '3a', 9, 25, 'FUNGSIONAL UMUM BADAN PENGELOLAAN KEUANGAN DAN ASET DAERAH PEMERINTAH KOTA TANJUNGPINANG', 1, 0, NULL, NULL, NULL, NULL, NULL, NULL, 0, NULL, 10, 28, NULL, 'Tanjungpinang', '1990-11-02', '2015-03-01', '2016-10-01', 0, NULL, 0, NULL, 0, NULL, 0, NULL, NULL, NULL, NULL, NULL, NULL),
('199012072015032001', 'SOEWISTIYANA LUKITO AMBARSARI', NULL, 'S.AB', 516000000, '2017-08-17 17:17:17', '2017-09-03 22:11:34', '199012072015032001', NULL, 'P', 'Y', 1, '3a', 9, 25, 'FUNGSIONAL UMUM PADA DINAS KOMUNIKASI DAN INFORMATIKA PEMERINTAH KOTA TANJUNGPINANG ', 1, 0, NULL, NULL, NULL, NULL, NULL, NULL, 0, NULL, 10, 95, NULL, 'Tanjungpinang', '1990-12-07', '2015-03-01', '2016-10-01', 0, NULL, 0, NULL, 0, '+628117771290', 0, NULL, NULL, NULL, NULL, NULL, NULL),
('199102012015032001', 'FARIDA SRI RAHAYU', NULL, 'AMK', 502090000, '2017-08-17 17:17:17', '2017-09-03 22:11:34', '199102012015032001', NULL, 'P', 'N', 1, '2c', 9, 69, 'PERAWAT PADA PUSKESMAS KAMPUNG BUGIS KOTA TANJUNGPINANG', 1, 0, NULL, NULL, NULL, NULL, NULL, NULL, 0, NULL, 6, 125, NULL, 'Tanjungpinang', '1991-02-01', '2015-03-01', '2016-10-01', 0, NULL, 0, NULL, 0, NULL, 0, NULL, NULL, NULL, NULL, NULL, NULL),
('199103062015032003', 'SYARAH HADIJANI. M', NULL, 'ST', 515000000, '2017-08-17 17:17:17', '2017-09-03 22:11:34', '199103062015032003', NULL, 'P', 'N', 1, '3a', 9, 25, 'FUNGSIONAL UMUM PADA DINAS PEKERJAAN UMUM DAN PENATAAN RUANG PEMERINTAH KOTA TANJUNGPINANG', 1, 0, NULL, NULL, NULL, NULL, NULL, NULL, 0, NULL, 10, 272, NULL, 'Tanjungpinang', '1991-03-06', '2015-03-01', '2016-10-01', 0, NULL, 0, NULL, 0, NULL, 0, NULL, NULL, NULL, NULL, NULL, NULL),
('199104282015032003', 'HARMA YESTI', NULL, 'A.Md', 702060000, '2017-08-17 17:17:17', '2017-09-03 22:11:34', '199104282015032003', NULL, 'P', 'N', 1, '2c', 9, 25, 'FUNGSIONAL UMUM PADA KELURAHAN AIR RAJA KECAMATAN TANJUNGPINANG TIMUR PEMERINTAH KOTA TANJUNGPINANG ', 1, 0, NULL, NULL, NULL, NULL, NULL, NULL, 0, NULL, 6, 28, NULL, 'Tanjungpinang', '1991-04-28', '2015-03-01', '2016-10-01', 0, NULL, 0, NULL, 0, NULL, 0, NULL, NULL, NULL, NULL, NULL, NULL),
('199106162015031005', 'HIDAYAT PURBAWISESA', NULL, 'SE', 505000000, '2017-08-17 17:17:17', '2017-09-03 22:11:34', '199106162015031005', NULL, 'L', 'N', 1, '3a', 9, 25, 'FUNGSIONAL UMUM PADA DINAS PERHUBUNGAN KOTA TANJUNGPINANG', 1, 0, NULL, NULL, NULL, NULL, NULL, NULL, 0, NULL, 10, 181, NULL, 'Jakarta', '1991-06-16', '2015-03-01', '2016-10-01', 0, NULL, 0, 'ubasesa16@gmail.com', 0, '+6281318315119', 0, '+6281294024034', NULL, NULL, NULL, NULL, NULL),
('199108042015031003', 'REDI AGUS MUHARAMSYAH', NULL, 'S.ST', 505000000, '2017-08-17 17:17:17', '2017-09-03 22:11:34', '199108042015031003', NULL, 'L', 'N', 1, '3a', 9, 25, 'FUNGSIONAL UMUM PADA DINAS PERHUBUNGAN KOTA TANJUNGPINANG', 1, 0, NULL, NULL, NULL, NULL, NULL, NULL, 0, NULL, 7, 371, NULL, 'Ciamis', '1991-08-04', '2015-03-01', '2016-10-01', 0, NULL, 0, NULL, 0, NULL, 0, NULL, NULL, NULL, NULL, NULL, NULL),
('199108152015032001', 'ERNI LINCE BR. SIBUEA', NULL, 'AMK', 406000000, '2017-08-17 17:17:17', '2017-09-03 22:11:34', '199108152015032001', NULL, 'P', 'N', 1, '2c', 9, 69, 'PERAWAT PADA RSUD KOTA TANJUNGPINANG', 1, 0, NULL, NULL, NULL, NULL, NULL, NULL, 0, NULL, 6, 125, NULL, 'Tanjungpinang', '1991-08-15', '2015-03-01', '2016-10-01', 0, NULL, 0, NULL, 0, NULL, 0, NULL, NULL, NULL, NULL, NULL, NULL),
('199109012015072001', 'SRI RAUDATUL JANNAH', NULL, 'S.IP', 704000000, '2017-08-17 17:17:17', '2017-09-03 22:11:34', '199109012015072001', NULL, 'P', 'N', 1, '3a', 9, 25, 'FUNGSIONAL UMUM PADA KECAMATAN TANJUNGPINANG BARAT PEMERINTAH KOTA TANJUNGPINANG ', 1, 0, NULL, NULL, NULL, NULL, NULL, NULL, 0, NULL, 10, 122, NULL, 'Pekanbaru', '1991-09-01', '2015-07-01', '2016-07-01', 0, NULL, 0, NULL, 0, NULL, 0, NULL, NULL, NULL, NULL, NULL, NULL),
('199112152015031002', 'SUPRYONO', NULL, 'AMK', 406000000, '2017-08-17 17:17:17', '2017-09-03 22:11:34', '199112152015031002', NULL, 'L', 'N', 1, '2c', 9, 69, 'PERAWAT PADA RSUD KOTA TANJUNGPINANG', 1, 0, NULL, NULL, NULL, NULL, NULL, NULL, 0, NULL, 6, 125, NULL, 'Tanjungpinang', '1991-12-15', '2015-03-01', '2016-10-01', 0, NULL, 0, NULL, 0, NULL, 0, NULL, NULL, NULL, NULL, NULL, NULL),
('199206092015032003', 'NURI EVIANA', NULL, 'AMK', 502120000, '2017-08-17 17:17:17', '2017-09-03 22:11:34', '199206092015032003', NULL, 'P', 'N', 1, '2c', 9, 69, 'PERAWAT PADA PUSKESMAS TANJUNG UNGGAT KOTA TANJUNGPINANG', 1, 0, NULL, NULL, NULL, NULL, NULL, NULL, 0, NULL, 6, 125, NULL, 'Tanjungpinang', '1992-06-09', '2015-03-01', '2016-10-01', 0, NULL, 0, NULL, 0, NULL, 0, NULL, NULL, NULL, NULL, NULL, NULL),
('199207022015032002', 'RACHMANIA HAYUNINGTYAS', NULL, 'S.ST', 505000000, '2017-08-17 17:17:17', '2017-09-03 22:11:34', '199207022015032002', NULL, 'P', 'N', 1, '3a', 9, 25, 'FUNGSIONAL UMUM PADA DINAS PERHUBUNGAN KOTA TANJUNGPINANG', 1, 0, NULL, NULL, NULL, NULL, NULL, NULL, 0, NULL, 7, 371, NULL, 'Kendari', '1992-07-02', '2015-03-01', '2016-10-01', 0, NULL, 0, NULL, 0, NULL, 0, NULL, NULL, NULL, NULL, NULL, NULL),
('199207172015032002', 'BERTY PRIMA LYDIA', NULL, 'A.Md.Keb', 502120000, '2017-08-17 17:17:17', '2017-09-03 22:11:34', '199207172015032002', NULL, 'P', 'N', 1, '2c', 9, 12, 'BIDAN PADA PUSKESMAS TANJUNG UNGGAT KOTA TANJUNGPINANG', 1, 0, NULL, NULL, NULL, NULL, NULL, NULL, 0, NULL, 6, 121, NULL, 'Singkarak', '1992-07-17', '2015-03-01', '2016-10-01', 0, NULL, 0, NULL, 0, NULL, 0, NULL, NULL, NULL, NULL, NULL, NULL),
('199208232015071002', 'NUGROHO DEWA CIPTO', NULL, 'S.STP', 703000000, '2017-08-17 17:17:17', '2017-09-03 22:11:34', '199208232015071002', NULL, 'L', 'N', 1, '3a', 8, 47, 'KEPALA SUB BAGIAN PERENCANAAN, PROGRAM DAN KEUANGAN PADA KECAMATAN BUKIT BESTARI KOTA TANJUNGPINANG', 1, 0, NULL, NULL, NULL, NULL, NULL, NULL, 0, NULL, 7, 283, NULL, 'Tanjungpinang', '1992-08-23', '2015-07-01', '2016-07-01', 0, NULL, 0, NULL, 0, NULL, 0, NULL, NULL, NULL, NULL, NULL, NULL),
('199212202015032001', 'DELVI YULIA', NULL, 'A.Md', 502070000, '2017-08-17 17:17:17', '2017-09-03 22:11:34', '199212202015032001', NULL, 'P', 'N', 1, '2c', 9, 83, 'SANITARIAN PADA PUSKESMAS SEI JANG KOTA TANJUNGPINANG', 1, 0, NULL, NULL, NULL, NULL, NULL, NULL, 0, NULL, 6, 129, NULL, 'Bukittinggi', '1992-12-20', '2015-03-01', '2016-10-01', 0, NULL, 0, NULL, 0, NULL, 0, NULL, NULL, NULL, NULL, NULL, NULL),
('199301072015031001', 'KEVIN', NULL, 'A.Md', 406000000, '2017-08-17 17:17:17', '2017-09-03 22:11:34', '199301072015031001', NULL, 'L', 'N', 1, '2c', 9, 82, 'RADIOGRAFER PADA RSUD KOTA TANJUNGPINANG', 1, 0, NULL, NULL, NULL, NULL, NULL, NULL, 0, NULL, 6, 365, NULL, 'Tanjungpinang', '1993-01-07', '2015-03-01', '2016-10-01', 0, NULL, 0, NULL, 0, NULL, 0, NULL, NULL, NULL, NULL, NULL, NULL);
INSERT INTO `m_peg` (`id_peg`, `nama`, `gelar_depan`, `gelar_belakang`, `id_opd`, `waktu_add`, `waktu_modifi`, `nip`, `nik`, `jk`, `kawin`, `status_peg`, `gol_ruang`, `eselon`, `jabatan`, `ket_jabatan`, `agama`, `tampil_alamat`, `alamat`, `alamat_rt`, `alamat_rw`, `alamat_kel`, `alamat_kec`, `alamat_kota`, `alamat_prov`, `gol_darah`, `pend_terakhir`, `pend_umum`, `tgl_lulus`, `tmp_lahir`, `tgl_lahir`, `tmt_cpns`, `tmt_pns`, `tampil_email1`, `email`, `tampil_email2`, `email2`, `tampil_ponsel1`, `ponsel1`, `tampil_ponsel2`, `ponsel2`, `twitter`, `facebook`, `telegram`, `tentang_peg`, `foto_peg`) VALUES
('199303072015071002', 'EKO DHARMANSYAH SUSANTO', NULL, 'S.STP', 100000000, '2017-08-17 17:17:17', '2017-09-03 22:11:34', '199303072015071002', NULL, 'L', 'N', 1, '3a', 9, 25, 'FUNGSIONAL UMUM PADA BAGIAN HUMAS DAN PROTOKOL SEKRETARIAT DAERAH PEMERINTAH KOTA TANJUNGPINANG ', 1, 0, NULL, NULL, NULL, NULL, NULL, NULL, 0, NULL, 7, 283, NULL, 'Natuna', '1993-03-07', '2015-07-01', '2016-07-01', 0, NULL, 0, NULL, 0, NULL, 0, NULL, NULL, NULL, NULL, NULL, NULL),
('199303162015071004', 'SYAFRIZAL. S', NULL, 'S.STP', 703110000, '2017-08-17 17:17:17', '2017-09-03 22:11:34', '199303162015071004', NULL, 'L', 'N', 1, '3a', 8, 46, 'KEPALA SEKSI PELAYANAN UMUM DAN KESEJAHTERAAN SOSIAL PADA KELURAHAN TANJUNG UNGGAT KECAMATAN BUKIT BESTARI KOTA TANJUNGPINANG', 1, 0, NULL, NULL, NULL, NULL, NULL, NULL, 0, NULL, 7, 283, NULL, 'Tannjungpinang', '1993-03-16', '2015-07-01', '2016-07-01', 0, NULL, 0, NULL, 0, NULL, 0, NULL, NULL, NULL, NULL, NULL, NULL),
('199305252014061001', 'DIAZ AGUNG SAPUTRA', NULL, 'S.STP', 704160000, '2017-08-17 17:17:17', '2017-09-03 22:11:34', '199305252014061001', NULL, 'L', 'N', 1, '3a', 8, 84, 'SEKRETARIS PADA KELURAHAN BUKIT CERMIN KECAMATAN TANJUNGPINANG BARAT KOTA TANJUNGPINANG', 1, 0, NULL, NULL, NULL, NULL, NULL, NULL, 0, NULL, 7, 176, NULL, 'Tanjungpinang', '1993-05-25', '2014-06-01', '2015-06-01', 0, NULL, 0, NULL, 0, NULL, 0, NULL, NULL, NULL, NULL, NULL, NULL),
('199306172015071001', 'SINGGIH PRAWIRO HERMAWAN', NULL, 'S.STP', 100000000, '2017-08-17 17:17:17', '2017-09-03 22:11:34', '199306172015071001', NULL, 'L', 'N', 1, '3a', 9, 25, 'FUNGSIONAL UMUM PADA BAGIAN HUMAS DAN PROTOKOL SEKRETARIAT DAERAH PEMERINTAH KOTA TANJUNGPINANG ', 1, 0, NULL, NULL, NULL, NULL, NULL, NULL, 0, NULL, 7, 176, NULL, 'Terempa', '1993-06-17', '2015-07-01', '2016-07-01', 0, NULL, 0, NULL, 0, NULL, 0, NULL, NULL, NULL, NULL, NULL, NULL),
('199307052015032003', 'JULY HERYANTI', NULL, 'AMK', 502000000, '2017-08-17 17:17:17', '2017-09-03 22:11:34', '199307052015032003', NULL, 'P', 'N', 1, '2c', 9, 25, 'FUNGSIONAL UMUM PADA DINAS KESEHATAN, PENGENDALIAN PENDUDUK DAN KELUARGA BERENCANA KOTA TANJUNGPINANG', 1, 0, NULL, NULL, NULL, NULL, NULL, NULL, 0, NULL, 6, 125, NULL, 'Tanjungpinang', '1993-07-05', '2015-03-01', '2016-10-01', 0, NULL, 0, NULL, 0, NULL, 0, NULL, NULL, NULL, NULL, NULL, NULL),
('199309042015031001', 'HARI SAPRIYANTO', NULL, 'A.Md', 502120000, '2017-08-17 17:17:17', '2017-09-03 22:11:34', '199309042015031001', NULL, 'L', 'N', 1, '2c', 9, 83, 'SANITARIAN PADA PUSKESMAS TANJUNG UNGGAT KOTA TANJUNGPINANG', 1, 0, NULL, NULL, NULL, NULL, NULL, NULL, 0, NULL, 6, 129, NULL, 'Tanjungpinang', '1993-09-04', '2015-03-01', '2016-10-01', 0, NULL, 0, NULL, 0, NULL, 0, NULL, NULL, NULL, NULL, NULL, NULL),
('199402222015032001', 'NURASIAH', NULL, 'AMK', 502000000, '2017-08-17 17:17:17', '2017-09-03 22:11:34', '199402222015032001', NULL, 'P', 'N', 1, '2c', 9, 25, 'FUNGSIONAL UMUM PADA DINAS KESEHATAN, PENGENDALIAN PENDUDUK DAN KELUARGA BERENCANA KOTA TANJUNGPINANG', 1, 0, NULL, NULL, NULL, NULL, NULL, NULL, 0, NULL, 6, 125, NULL, 'Tanjungpinang', '1994-02-22', '2015-03-01', '2016-10-01', 0, NULL, 0, NULL, 0, NULL, 0, NULL, NULL, NULL, NULL, NULL, NULL),
('199412152015032001', 'RANI CIKA SARI', NULL, NULL, 402000000, '2017-08-17 17:17:17', '2017-09-03 22:11:34', '199412152015032001', NULL, 'P', 'N', 1, '2a', 9, 25, 'FUNGSIONAL UMUM PADA BADAN KEPEGAWAIAN DAN PENGEMBANGAN SUMBER DAYA MANUSIA KOTA TANJUNGPINANG', 1, 0, NULL, NULL, NULL, NULL, NULL, NULL, 0, NULL, 3, 6, NULL, 'Tanjungpinang', '1994-12-15', '2015-03-01', '2016-10-01', 0, NULL, 0, NULL, 0, NULL, 0, NULL, NULL, NULL, NULL, NULL, NULL),
('199605292015032001', 'VISTA MEITINA', NULL, NULL, 502000000, '2017-08-17 17:17:17', '2017-09-03 22:11:34', '199605292015032001', NULL, 'P', 'N', 1, '2a', 9, 25, 'FUNGSIONAL UMUM PADA DINAS KESEHATAN, PENGENDALIAN PENDUDUK DAN KELUARGA BERENCANA KOTA TANJUNGPINANG', 1, 0, NULL, NULL, NULL, NULL, NULL, NULL, 0, NULL, 3, 111, NULL, 'Kabun', '1996-05-29', '2015-03-01', '2016-10-01', 0, NULL, 0, NULL, 0, NULL, 0, NULL, NULL, NULL, NULL, NULL, NULL),
('199606262015032001', 'DEFI AUDRIANANDA', NULL, NULL, 502000000, '2017-08-17 17:17:17', '2017-09-03 22:11:34', '199606262015032001', NULL, 'P', 'N', 1, '2a', 9, 25, 'FUNGSIONAL UMUM PADA DINAS KESEHATAN, PENGENDALIAN PENDUDUK DAN KELUARGA BERENCANA KOTA TANJUNGPINANG', 1, 0, NULL, NULL, NULL, NULL, NULL, NULL, 0, NULL, 3, 111, NULL, 'Pontianak', '1996-06-26', '2015-03-01', '2016-10-01', 0, NULL, 0, NULL, 0, NULL, 0, NULL, NULL, NULL, NULL, NULL, NULL),
('31212338', 'MARDIANA', NULL, NULL, 516000000, '2017-08-17 17:17:17', '2017-11-20 00:25:59', '31212338', NULL, 'L', 'N', 3, '-', 9, 90, 'PTT PADA DINAS KOMUNIKASI DAN INFORMATIKA PEMERINTAH KOTA TANJUNGPINANG ', 1, 0, NULL, NULL, NULL, NULL, NULL, NULL, 0, NULL, 3, NULL, NULL, '', '1945-08-17', NULL, NULL, 0, NULL, 0, NULL, 0, '+6285364995947', 0, '+6283191227070', NULL, NULL, NULL, NULL, '31212338'),
('31212477', 'TRI CHAIRANI', NULL, NULL, 130300000, '2017-08-17 17:17:17', '2017-11-02 22:11:34', '31212477', NULL, 'P', 'Y', 3, '-', 9, 25, 'FUNGSIONAL UMUM PADA BAGIAN HUMAS DAN PROTOKOL SEKRETARIAT DAERAH PEMERINTAH KOTA TANJUNGPINANG ', 1, 0, NULL, NULL, NULL, NULL, NULL, NULL, 0, NULL, NULL, NULL, NULL, '', NULL, NULL, NULL, 0, NULL, 0, NULL, 0, NULL, 0, NULL, NULL, NULL, NULL, NULL, NULL),
('51600000030001', 'FEBRIANI DWI KEISTYOWATI', NULL, NULL, 516000000, '2017-08-17 17:17:17', '2017-11-20 00:26:04', '51600000030001', '2172046402930002', 'P', 'N', 4, '-', 9, 91, 'OUTSOURCHING PADA DINAS KOMUNIKASI DAN INFORMATIKA PEMERINTAH KOTA TANJUNGPINANG ', 1, 0, 'Jl. Raya Uban Km. 15 Perum. Puri Kencana Blok E-19', 5, 2, 37683, 66, 7, 0, 'O', 3, 16, NULL, 'Tuban', '1933-02-24', NULL, NULL, 0, 'febrianidk86@gmail.com', 0, 'Febriani_dk86@yahoo.co.id', 0, '+6282284274456', 0, NULL, NULL, 'febriani.keistyowati', '@febrianidk24', 'Tetap menjadi diri sendiri  tak perlu berubah menjadi orang lain', '51600000030001'),
('51600000030002', 'YUDI PRATAMA', NULL, NULL, 516000000, '2017-08-17 17:17:17', '2017-11-20 00:26:09', '51600000030002', '2172041703940001', 'L', 'N', 4, '-', 9, 91, 'OUTSOURCHING PADA DINAS KOMUNIKASI DAN INFORMATIKA PEMERINTAH KOTA TANJUNGPINANG ', 1, 0, 'Jl. Senggarang No. 4', 4, 5, 37667, 63, 7, 0, 'O', 3, 112, NULL, 'Tg. Lipat, Senayang', '1994-03-17', NULL, NULL, 0, 'yyyuuudddi@gmail.com', 0, 'Yudipratama94@yahoo.com', 0, '+6285345792331', 0, '+6281266201485', NULL, 'Yudi pratama', NULL, 'Sukses membahagiakan orang tua dan pasangan ', '51600000030002'),
('51600000030003', 'UTARI NABILLA PUTRI', NULL, NULL, 516000000, '2017-08-17 17:17:17', '2017-11-20 00:26:16', '51600000030003', '2172016208930001', 'P', 'N', 4, '-', 9, 91, 'OUTSOURCHING PADA DINAS KOMUNIKASI DAN INFORMATIKA PEMERINTAH KOTA TANJUNGPINANG ', 1, 0, 'Jl. Usman Harun ', 5, 11, 37674, 64, 7, 0, 'O', 3, 40, NULL, 'Tanjungpinang', '1993-08-22', NULL, NULL, 0, 'utarinabilla@gmail.com', 0, NULL, 0, '+6281365408004', 0, NULL, NULL, 'utari.nabilla.putri', '+6281365408004', 'لَا تَحْزَنْ إِنَّ اللَّهَ مَعَنَا', '51600000030003'),
('51600000030004', 'YULI HARIANTO', NULL, NULL, 516000000, '2017-08-17 17:17:17', '2017-09-03 22:11:34', '51600000030004', NULL, 'L', 'Y', 4, '-', 9, 91, 'OUTSOURCHING PADA DINAS KOMUNIKASI DAN INFORMATIKA PEMERINTAH KOTA TANJUNGPINANG ', 1, 0, NULL, NULL, NULL, NULL, NULL, NULL, 0, NULL, 3, NULL, NULL, '', '1945-08-17', NULL, NULL, 0, NULL, 0, NULL, 0, NULL, 0, NULL, NULL, NULL, NULL, NULL, NULL),
('51600000030005', 'ADRIANSYAH', NULL, NULL, 516000000, '2017-08-17 17:17:17', '2017-09-03 22:11:34', '51600000030005', NULL, 'L', 'Y', 4, '-', 9, 91, 'OUTSOURCHING PADA DINAS KOMUNIKASI DAN INFORMATIKA PEMERINTAH KOTA TANJUNGPINANG ', 1, 0, NULL, NULL, NULL, NULL, NULL, NULL, 0, NULL, 3, NULL, NULL, '', '1945-08-17', NULL, NULL, 0, NULL, 0, NULL, 0, NULL, 0, NULL, NULL, NULL, NULL, NULL, NULL),
('51600000030006', 'LUKMAN AZIZ', NULL, 'S.Sos', 516000000, '2017-08-17 17:17:17', '2017-09-03 22:11:34', '51600000030006', NULL, 'L', 'N', 4, '-', 9, 91, 'OUTSOURCHING PADA DINAS KOMUNIKASI DAN INFORMATIKA PEMERINTAH KOTA TANJUNGPINANG ', 1, 0, NULL, NULL, NULL, NULL, NULL, NULL, 0, NULL, 10, NULL, NULL, '', '1945-08-17', NULL, NULL, 0, NULL, 0, NULL, 0, NULL, 0, NULL, NULL, NULL, NULL, NULL, NULL),
('51600000030007', 'BELLA FRINY ANANDITA', NULL, NULL, 516000000, '2017-08-17 17:17:17', '2017-11-20 00:26:19', '51600000030007', '2172047011960002', 'P', 'N', 4, '-', 9, 91, 'OUTSOURCHING PADA DINAS KOMUNIKASI DAN INFORMATIKA PEMERINTAH KOTA TANJUNGPINANG ', 1, 0, 'Jl. Cendana Gg. Cendana II No. 27', 1, 12, 37668, 63, 7, 0, 'O', 3, 355, NULL, 'Tanjungpinang', '1996-11-30', NULL, NULL, 0, 'bellafriny@yahoo.com', 0, NULL, 0, '+6281276662424', 0, NULL, NULL, NULL, NULL, 'No pain No gain', '51600000030007'),
('70910028', 'RABAN TIRONI', NULL, NULL, 100000000, '2017-08-17 17:17:17', '2017-09-03 22:11:34', '70910028', NULL, 'L', 'Y', 3, '-', 9, 25, NULL, 1, 0, NULL, NULL, NULL, NULL, NULL, NULL, 0, NULL, 10, 355, NULL, 'Tanjungpinang', '1980-08-08', NULL, NULL, 0, NULL, 0, 'kesrapemkotpi@gmail.com', 0, '+6285272283433', 0, NULL, NULL, NULL, NULL, NULL, NULL),
('71010038', 'AGUN SETIAWAN', NULL, NULL, 516000000, '2017-08-17 17:17:17', '2017-09-03 22:11:34', '71010038', NULL, 'L', 'Y', 3, '-', 9, 90, 'PTT PADA DINAS KOMUNIKASI DAN INFORMATIKA PEMERINTAH KOTA TANJUNGPINANG ', 1, 0, NULL, NULL, NULL, NULL, NULL, NULL, 0, NULL, 3, NULL, NULL, '', '1945-08-17', NULL, NULL, 0, NULL, 0, NULL, 0, '+6282385084222', 0, NULL, NULL, NULL, NULL, NULL, NULL),
('71212086', 'IVAN IRIAWAN', NULL, 'SE', 516000000, '2017-08-17 17:17:17', '2017-09-03 22:11:34', '71212086', NULL, 'L', 'Y', 3, '-', 9, 90, 'PTT PADA DINAS KOMUNIKASI DAN INFORMATIKA PEMERINTAH KOTA TANJUNGPINANG ', 1, 0, NULL, NULL, NULL, NULL, NULL, NULL, 0, NULL, 10, 28, NULL, '', '1945-08-17', NULL, NULL, 0, NULL, 0, NULL, 0, '+6281363800699', 0, '+6282386387626', NULL, NULL, NULL, NULL, NULL),
('71601208', 'RAJA FIRMANSYAH', NULL, 'S.I.Kom', 130300000, '2017-08-17 17:17:17', '2017-11-02 22:11:34', '71601208', NULL, 'L', 'Y', 3, '-', 9, 25, 'FUNGSIONAL UMUM PADA BAGIAN HUMAS DAN PROTOKOL SEKRETARIAT DAERAH PEMERINTAH KOTA TANJUNGPINANG ', 1, 0, NULL, NULL, NULL, NULL, NULL, NULL, 0, NULL, 10, 108, NULL, '', NULL, NULL, NULL, 0, NULL, 0, NULL, 0, NULL, 0, NULL, NULL, NULL, NULL, NULL, NULL);

-- --------------------------------------------------------

--
-- Struktur dari tabel `m_pend`
--

CREATE TABLE `m_pend` (
  `id_pend` tinyint(1) NOT NULL,
  `tk_pend` varchar(12) DEFAULT NULL,
  `ket_pend` varchar(35) DEFAULT NULL
) ENGINE=InnoDB DEFAULT CHARSET=utf8;

--
-- Dumping data untuk tabel `m_pend`
--

INSERT INTO `m_pend` (`id_pend`, `tk_pend`, `ket_pend`) VALUES
(1, 'SD', 'Sekolah Dasar'),
(2, 'SMP', 'Sekolah Menengah Pertama'),
(3, 'SMA/SMK', 'Sekolah Menengah Atas / Kejuruan'),
(4, 'D1', 'Diploma I'),
(5, 'D2', 'Diploma II'),
(6, 'D3', 'Diploma III'),
(7, 'D4', 'Diploma IV'),
(8, 'AKADEMI', 'Akademi'),
(9, 'A4 PEND.', 'Akta IV Pendidikan'),
(10, 'S1', 'Sarjana'),
(11, 'S2', 'Magister'),
(12, 'S3', 'Doktor'),
(13, 'PROFESI', 'Profesi'),
(14, 'SPESIALIS I', 'Spesialis I');

-- --------------------------------------------------------

--
-- Struktur dari tabel `m_pend_umum`
--

CREATE TABLE `m_pend_umum` (
  `id_pend_umum` smallint(2) NOT NULL,
  `pendidikan_umum` varchar(65) DEFAULT NULL
) ENGINE=InnoDB DEFAULT CHARSET=utf8;

--
-- Dumping data untuk tabel `m_pend_umum`
--

INSERT INTO `m_pend_umum` (`id_pend_umum`, `pendidikan_umum`) VALUES
(1, 'A.1/FISIKA'),
(2, 'A.2/BIOLOGI'),
(3, 'A.3/IPS'),
(4, 'A.4/BAHASA'),
(5, 'AAUN'),
(6, 'ADMINISTRASI'),
(7, 'ADMINISTRASI BISNIS'),
(8, 'ADMINISTRASI EKONOMI'),
(9, 'ADMINISTRASI KEPEGAWAIAN'),
(10, 'ADMINISTRASI KEPENDUDUKAN DAN CATATAN SIPIL'),
(11, 'ADMINISTRASI NEGARA'),
(12, 'ADMINISTRASI NIAGA'),
(13, 'ADMINISTRASI PEMBANGUNAN'),
(14, 'ADMINISTRASI PEMERINTAHAN DAERAH'),
(15, 'ADMINISTRASI PENDIDIKAN'),
(16, 'ADMINISTRASI PERKANTORAN'),
(17, 'ADMINISTRASI PUBLIK'),
(18, 'ADMINISTRASI RUMAH SAKIT'),
(19, 'AGAMA'),
(20, 'AGROBISNIS'),
(21, 'AGRONOMI'),
(22, 'AKADEMI ANALISIS KESEHATAN'),
(23, 'AKADEMI PEMERINTAHAN DALAM NEGERI'),
(24, 'AKADEMI PERAWAT'),
(25, 'AKOMODASI PERHOTELAN'),
(26, 'AKTA IV PENDIDIKAN'),
(27, 'AKUAKULTUR'),
(28, 'AKUNTANSI'),
(29, 'AKUNTANSI KOMPUTER'),
(30, 'ANALIS FARMASI'),
(31, 'ANALIS KESEHATAN'),
(32, 'ANALISIS KIMIA'),
(33, 'ANTHROPOLOGI'),
(34, 'APOTEKER'),
(35, 'ARGONOMI'),
(36, 'ARKEOLOGI'),
(37, 'ARSITEKTUR'),
(38, 'BAHASA ARAB'),
(39, 'BAHASA CINA'),
(40, 'BAHASA DAN SASTRA INDONESIA'),
(41, 'BAHASA DAN SASTRA INGGRIS'),
(42, 'BAHASA DAN SENI'),
(43, 'BAHASA INDONESIA'),
(44, 'BAHASA INGGRIS'),
(45, 'BAHASA JEPANG'),
(46, 'BANGUNAN'),
(47, 'BANGUNAN GEDUNG'),
(48, 'BANGUNAN KAPAL'),
(49, 'BEDAH'),
(50, 'BIDAN PENDIDIK'),
(51, 'BIDANG ILMU SOSIAL'),
(52, 'BIDANG PENDIDIKAN'),
(53, 'BIMBINGAN DAN KONSELING'),
(54, 'BIMBINGAN DAN PENYULUHAN'),
(55, 'BINA WISATA'),
(56, 'BIOLOGI'),
(57, 'BISNIS INTERNASIONAL'),
(58, 'BUDIDAYA PERAIRAN'),
(59, 'DAKWAH'),
(60, 'DHARMA ACARIYA'),
(61, 'DIPLOMA I : PENDIDIKAN'),
(62, 'DIPLOMA II : BAHASA DAN SENI'),
(63, 'DIPLOMA II : MIPA'),
(64, 'DIPLOMA II : PENDIDIKAN'),
(65, 'DIPLOMA III'),
(66, 'DIPLOMA III MIPA'),
(67, 'DOKTER GIGI'),
(68, 'DOKTER HEWAN'),
(69, 'DOKTER UMUM'),
(70, 'EKONOMI'),
(71, 'EKONOMI DAN PEMBANGUNAN'),
(72, 'EKONOMI ISLAM'),
(73, 'EKONOMI KOPERASI'),
(74, 'EKONOMI MANAJEMEN'),
(75, 'EKONOMI PEMBANGUNAN'),
(76, 'EKONOMI PERUSAHAAN'),
(77, 'ELEKTRO'),
(78, 'ELEKTRONIKA'),
(79, 'FARMASI'),
(80, 'FISIKA'),
(81, 'FISIKA TEKNIK'),
(82, 'FISIOTERAPY'),
(83, 'GEOGRAFI'),
(84, 'GEOLOGI'),
(85, 'GIZI'),
(86, 'GIZI MASYARAKAT DAN SUMBERDAYA KELUARGA'),
(87, 'HAMA DAN PENYAKIT TANAMAN'),
(88, 'HIPERKES DAN KESELAMATAN KERJA'),
(89, 'HUBUNGAN INTERNASIONAL'),
(90, 'HUBUNGAN MASYARAKAT'),
(91, 'HUKUM'),
(92, 'HUKUM ISLAM'),
(93, 'HUKUM KEPERDATAAN'),
(94, 'HUKUM PIDANA'),
(95, 'ILMU ADMINISTRASI'),
(96, 'ILMU ADMINISTRASI NEGARA'),
(97, 'ILMU ADMINISTRASI PUBLIK'),
(98, 'ILMU AGAMA'),
(99, 'ILMU EKONOMI'),
(100, 'ILMU EKONOMI DAN STUDI PEMBANGUNAN'),
(101, 'ILMU HAMA DAN PENYAKIT TUMBUHAN'),
(102, 'ILMU HUKUM'),
(103, 'ILMU KELAUTAN'),
(104, 'ILMU KESEHATAN ANAK'),
(105, 'ILMU KESEHATAN LINGKUNGAN'),
(106, 'ILMU KESEHATAN MASYARAKAT (MANAJEMEN RUMAH SAKIT)'),
(107, 'ILMU KESEJAHTERAAN SOSIAL'),
(108, 'ILMU KOMUNIKASI'),
(109, 'ILMU PEMERINTAHAN'),
(110, 'ILMU PENDIDIKAN'),
(111, 'ILMU PENGETAHUAN ALAM'),
(112, 'ILMU PENGETAHUAN SOSIAL'),
(113, 'ILMU PERENCANAAN KOTA & DAERAH'),
(114, 'ILMU SOSIAL POLITIK'),
(115, 'ILMU TANAH'),
(116, 'INFORMASI'),
(117, 'IPDN'),
(118, 'IPS'),
(119, 'KAJIAN ADMINISTRASI RUMAH SAKIT'),
(120, 'KANDUNGAN'),
(121, 'KEBIDANAN'),
(122, 'KEBIJAKAN PEMERINTAH'),
(123, 'KEDOKTERAN'),
(124, 'KEDOKTERAN DASAR UMUM'),
(125, 'KEPERAWATAN'),
(126, 'KESEHATAN'),
(127, 'KESEHATAN GIGI'),
(128, 'KESEHATAN GIZI'),
(129, 'KESEHATAN LINGKUNGAN'),
(130, 'KESEHATAN MASYARAKAT'),
(131, 'KESEKRETARIATAN'),
(132, 'KESELAMATAN DAN KESEHATAN KERJA'),
(133, 'KETATALAKSANAAN ANGKUTAN LAUT DAN KEPELABUHAN'),
(134, 'KETATALAKSANAAN PELAYARAN NIAGA'),
(135, 'KETERAMPILAN JASA'),
(136, 'KETERAMPILAN TEKNIK'),
(137, 'KETRAMPILAN JASA'),
(138, 'KEUANGAN'),
(139, 'KEUANGAN DAN PERBANKAN'),
(140, 'KIMIA'),
(141, 'KIMIA ANALIS'),
(142, 'KOMPUTERISASI AKUNTANSI'),
(143, 'KOMUNIKASI MASSA'),
(144, 'KONSERVASI SUMBER DAYA HUTAN'),
(145, 'KONSTRUKSI GEDUNG'),
(146, 'KOPERASI'),
(147, 'KPG PAKET C'),
(148, 'KULIT DAN KELAMIN'),
(149, 'KURSUS PENDIDIKAN GURU'),
(150, 'LALU LINTAS DAN ANGKUTAN JALAN'),
(151, 'LALU LINTAS DAN ANGKUTAN SUNGAI, DANAU DAN PENYEBRANGAN'),
(152, 'LISTRIK'),
(153, 'LISTRIK DAN INSTRUMEN PESAWAT TERBANG'),
(154, 'LOGAM'),
(155, 'MADRASAH ALIYAH'),
(156, 'MADRASAH IBTIDAIYAH'),
(157, 'MADRASAH TSANAWIYAH'),
(158, 'MAGISTER ADMINISTRASI PENDIDIKAN '),
(159, 'MAGISTER EKONOMI TERAPAN'),
(160, 'MAGISTER ILMU SASTRA'),
(161, 'MANAGEMENT'),
(162, 'MANAGEMENT PERKANTORAN'),
(163, 'MANAGEMENT PERUSAHAAN'),
(164, 'MANAJEMEN'),
(165, 'MANAJEMEN ADMINISTRASI'),
(166, 'MANAJEMEN BISNIS'),
(167, 'MANAJEMEN INFORMASI DAN DOKUMEN'),
(168, 'MANAJEMEN INFORMATIKA'),
(169, 'MANAJEMEN INFORMATIKA DAN KOMPUTER'),
(170, 'MANAJEMEN KEUANGAN'),
(171, 'MANAJEMEN KEUANGAN DAERAH'),
(172, 'MANAJEMEN KEUANGAN DAN PERBANKAN'),
(173, 'MANAJEMEN PELAYANAN RUMAH SAKIT'),
(174, 'MANAJEMEN PENDIDIKAN ISLAM'),
(175, 'MANAJEMEN PERUSAHAAN'),
(176, 'MANAJEMEN SUMBER DAYA APARATUR'),
(177, 'MANAJEMEN SUMBER DAYA MANUSIA'),
(178, 'MANAJEMEN SUMBER DAYA PERAIRAN'),
(179, 'MANAJEMEN TRANSPOR'),
(180, 'MANAJEMEN TRANSPORTASI'),
(181, 'MANAJEMEN TRANSPORTASI LAUT'),
(182, 'MANAJEMEN TRANSPORTASI UDARA'),
(183, 'MARKETING MANAGEMENT'),
(184, 'MASTER OF BUSINNES ADMINISTRATION'),
(185, 'MATA'),
(186, 'MATEMATIKA'),
(187, 'MEKANIK OTOMOTIF'),
(188, 'MESIN'),
(189, 'MESIN KAPAL'),
(190, 'MESIN PRODUKSI'),
(191, 'MUAMALAT'),
(192, 'NAUTIKA'),
(193, 'NAUTIKA KAPAL NIAGA'),
(194, 'NURSE(Ns.)'),
(195, 'NUTRISI MAKANAN TERNAK'),
(196, 'OLAHRAGA'),
(197, 'OLAHRAGA DAN KESEHATAN'),
(198, 'OTOMOTIF'),
(199, 'PAKET A'),
(200, 'PAKET B'),
(201, 'PAKET C'),
(202, 'PARIWISATA'),
(203, 'PEMASARAN'),
(204, 'PEMBANGUNAN DAN PEMBERDAYAAN'),
(205, 'PEMBANGUNAN DAN PEMBERDAYAAN MASYARAKAT'),
(206, 'PEMBANGUNAN WILAYAH DAN PEDESAAN'),
(207, 'PEMERINTAHAN'),
(208, 'PENDIDIKAN'),
(209, 'PENDIDIKAN AGAMA'),
(210, 'PENDIDIKAN AGAMA BUDHA'),
(211, 'PENDIDIKAN AGAMA ISLAM'),
(212, 'PENDIDIKAN AGAMA KRISTEN'),
(213, 'PENDIDIKAN AKUNTANSI'),
(214, 'PENDIDIKAN ANAK USIA DINI'),
(215, 'PENDIDIKAN BAHASA DAN SASTRA INDONESIA'),
(216, 'PENDIDIKAN BAHASA DAN SASTRA INGGRIS'),
(217, 'PENDIDIKAN BAHASA DAN SENI'),
(218, 'PENDIDIKAN BAHASA INDONESIA'),
(219, 'PENDIDIKAN BAHASA INGGRIS'),
(220, 'PENDIDIKAN BIMBINGAN DAN KONSELING'),
(221, 'PENDIDIKAN BIOLOGI'),
(222, 'PENDIDIKAN DASAR'),
(223, 'PENDIDIKAN DASAR UMUM'),
(224, 'PENDIDIKAN DOKTER'),
(225, 'PENDIDIKAN EKONOMI'),
(226, 'PENDIDIKAN EKONOMI KOPERASI'),
(227, 'PENDIDIKAN EKONOMI/AKUNTANSI'),
(228, 'PENDIDIKAN FISIKA'),
(229, 'PENDIDIKAN GEOGRAFI'),
(230, 'PENDIDIKAN GURU AGAMA'),
(231, 'PENDIDIKAN GURU AGAMA ISLAM'),
(232, 'PENDIDIKAN GURU MADRASAH IBTIDAIYAH'),
(233, 'PENDIDIKAN GURU PENDIDIKAN ANAK USIA DINI'),
(234, 'PENDIDIKAN GURU SD'),
(235, 'PENDIDIKAN GURU SD/MI'),
(236, 'PENDIDIKAN GURU TK'),
(237, 'PENDIDIKAN GURU TK ISLAM'),
(238, 'PENDIDIKAN ILMU PENGETAHUAN ALAM'),
(239, 'PENDIDIKAN IPS'),
(240, 'PENDIDIKAN ISLAM'),
(241, 'PENDIDIKAN JASMANI DAN KESEHATAN'),
(242, 'PENDIDIKAN JASMANI KESEHATAN DAN REKREASI'),
(243, 'PENDIDIKAN KESEJAHTERAAN KELUARGA'),
(244, 'PENDIDIKAN KETERAMPILAN JASA'),
(245, 'PENDIDIKAN KIMIA'),
(246, 'PENDIDIKAN LUAR SEKOLAH'),
(247, 'PENDIDIKAN MATEMATIKA'),
(248, 'PENDIDIKAN MIPA'),
(249, 'PENDIDIKAN MORAL PANCASILA'),
(250, 'PENDIDIKAN OLAHRAGA'),
(251, 'PENDIDIKAN OLAHRAGA DAN KESEHATAN'),
(252, 'PENDIDIKAN PANCASILA DAN KEWARGANEGARAAN'),
(253, 'PENDIDIKAN SEJARAH'),
(254, 'PENDIDIKAN SENI'),
(255, 'PENDIDIKAN TEKNIK'),
(256, 'PENDIDIKAN TEKNIK BANGUNAN'),
(257, 'PENDIDIKAN TEKNIK ELEKTRO'),
(258, 'PENDIDIKAN TK'),
(259, 'PENGEMBANGAN KURIKULUM'),
(260, 'PENGOLAHAN BUDIDAYA GULA'),
(261, 'PENJUALAN'),
(262, 'PENYAKIT DALAM'),
(263, 'PENYIARAN'),
(264, 'PENYULUH PERIKANAN'),
(265, 'PERADILAN AGAMA'),
(266, 'PERADILAN ISLAM'),
(267, 'PERDAGANGAN'),
(268, 'PERENCANAAN DAN KEBIJAKAN PUBLIK'),
(269, 'PERENCANAAN DAN MONITORING PEMBANGUNAN'),
(270, 'PERENCANAAN PEMBANGUNAN'),
(271, 'PERENCANAAN WILAYAH & KOTA'),
(272, 'PERENCANAAN WILAYAH DAN KOTA'),
(273, 'PERHOTELAN'),
(274, 'PERIKANAN'),
(275, 'PERKANTORAN'),
(276, 'PERKAPALAN'),
(277, 'PERPAJAKAN'),
(278, 'PERPUSTAKAAN'),
(279, 'PERSAMAAN SMA'),
(280, 'PERTANIAN'),
(281, 'PETERNAKAN'),
(282, 'PGSLP/PGSMTP'),
(283, 'POLITIK PEMERINTAHAN'),
(284, 'PRODUKSI PERTANIAN'),
(285, 'PROGRAM PENDIDIKAN BIDAN (SPK)'),
(286, 'PROSTODONSIA'),
(287, 'PSIKOLOGI'),
(288, 'PSIKOLOGI PENDIDIKAN DAN BIMBING'),
(289, 'PULMONOLOGI DAN ILMU KEDOKTERAN RESPIRASI'),
(290, 'RADIOGRAFI'),
(291, 'REKAM MEDIS'),
(292, 'RONTGEN'),
(293, 'SAINS'),
(294, 'SARJANA'),
(295, 'SASTERA-SOSIAL-BUDAYA'),
(296, 'SASTRA INDONESIA'),
(297, 'SASTRA INGGRIS'),
(298, 'SASTRA JEPANG'),
(299, 'SEJARAH'),
(300, 'SEJARAH INDONESIA'),
(301, 'SEKOLAH DASAR'),
(302, 'SEKOLAH KEBIDANAN'),
(303, 'SEKOLAH KESEJAHTERAAN KELUARGA ATAS'),
(304, 'SEKOLAH MENENGAH ANALISIS KESEHATAN'),
(305, 'SEKOLAH MENENGAH ATAS'),
(306, 'SEKOLAH MENENGAH EKONOMI ATAS'),
(307, 'SEKOLAH MENENGAH FARMASI'),
(308, 'SEKOLAH MENENGAH PERTAMA'),
(309, 'SEKOLAH PEMBANTU AHLI GIZI'),
(310, 'SEKOLAH PENDIDIKAN GURU'),
(311, 'SEKOLAH PENGATUR RAWAT'),
(312, 'SEKOLAH PENGATUR RAWAT GIGI'),
(313, 'SEKOLAH PERAWAT GIGI'),
(314, 'SEKOLAH PERAWAT KESEHATAN'),
(315, 'SEKOLAH TEKNIK'),
(316, 'SEKOLAH TEKNIK MENENGAH'),
(317, 'SEKOLAH TEKNOLOGI MENENGAH'),
(318, 'SEKRETARI'),
(319, 'SEKRETARIS'),
(320, 'SENI KRIYA'),
(321, 'SENI MUSIK'),
(322, 'SENI TARI'),
(323, 'SGO'),
(324, 'SISTEM INFORMASI'),
(325, 'SISTEM KOMPUTER'),
(326, 'SLTP UMUM'),
(327, 'SMA'),
(328, 'SMA PAKET C'),
(329, 'SMK'),
(330, 'SOSIAL'),
(331, 'SOSIAL EKONOMI PERIKANAN'),
(332, 'SOSIAL EKONOMI PERTANIAN'),
(333, 'SOSIOLOGI'),
(334, 'STATISTIK'),
(335, 'STATISTIKA'),
(336, 'STUDI PEMBANGUNAN'),
(337, 'SYARIYAH'),
(338, 'TATA BOGA'),
(339, 'TATA BUKU'),
(340, 'TATA BUSANA'),
(341, 'TATA KECANTIKAN'),
(342, 'TATA NIAGA'),
(343, 'TATA USAHA'),
(344, 'TEKHNOLOGI BENIH'),
(345, 'TEKNIK ARSITEKTUR'),
(346, 'TEKNIK BANGUNAN'),
(347, 'TEKNIK DAN MANAGEMENT INDUSTRI'),
(348, 'TEKNIK ELEKTRO'),
(349, 'TEKNIK ELEKTROMEDIK'),
(350, 'TEKNIK ELEKTRONIKA'),
(351, 'TEKNIK GEODESI'),
(352, 'TEKNIK INDUSTRI'),
(353, 'TEKNIK INFORMATIKA'),
(354, 'TEKNIK KIMIA'),
(355, 'TEKNIK KOMPUTER'),
(356, 'TEKNIK LINGKUNGAN'),
(357, 'TEKNIK LISTRIK'),
(358, 'TEKNIK LISTRIK INDUSTRI'),
(359, 'TEKNIK MESIN'),
(360, 'TEKNIK OTOMOTIF'),
(361, 'TEKNIK PEMBANGUNAN WILAYAH DAN KOTA'),
(362, 'TEKNIK PLANOLOGI/PERENCANAAN WILAYAH & KOTA'),
(363, 'TEKNIK RADIODIAGNOSTIK DAN RADIOTERAPI'),
(364, 'TEKNIK RADIOLOGI'),
(365, 'TEKNIK RONTGEN'),
(366, 'TEKNIK SIPIL'),
(367, 'TEKNIK SIPIL DAN BANGUNAN'),
(368, 'TEKNIKA KAPAL NIAGA'),
(369, 'TEKNOLOGI HASIL PERIKANAN'),
(370, 'TEKNOLOGI PENDIDIKAN'),
(371, 'TRANSPORTASI DARAT'),
(372, 'USAHA JASA PARIWISATA'),
(373, 'USAHA PERJALANAN WISATA'),
(374, 'USAHA WISATA'),
(375, 'WATER RESOURCES DEVELOPMENT');

-- --------------------------------------------------------

--
-- Struktur dari tabel `m_status_peg`
--

CREATE TABLE `m_status_peg` (
  `id_status_peg` tinyint(1) NOT NULL,
  `status_peg` varchar(5) NOT NULL,
  `ket_peg` varchar(50) NOT NULL
) ENGINE=InnoDB DEFAULT CHARSET=utf8;

--
-- Dumping data untuk tabel `m_status_peg`
--

INSERT INTO `m_status_peg` (`id_status_peg`, `status_peg`, `ket_peg`) VALUES
(0, 'TA', 'Tenaga Ahli'),
(1, 'PNS', 'Pegawai Negeri Sipil'),
(2, 'CPNS', 'Calon Pegawai Negeri Sipil'),
(3, 'PTT', 'Pegawai Tidak Tetap'),
(4, 'OS', 'Out Sourching'),
(5, 'PKL', 'Siswa PKL');

-- --------------------------------------------------------

--
-- Stand-in structure for view `v_opd`
-- (Lihat di bawah untuk tampilan aktual)
--
CREATE TABLE `v_opd` (
`id_opd` int(9)
,`nama_opd` varchar(85)
,`akronim_opd` varchar(30)
,`kepala_opd` char(18)
,`nama_gelar` varchar(98)
,`gelar_depan` varchar(10)
,`nama` varchar(75)
,`gelar_belakang` varchar(10)
,`nip` varchar(26)
,`gol` varchar(5)
,`ruang` varchar(25)
,`telp` varchar(25)
,`fax` varchar(24)
,`alamat` text
,`alamat_kel` int(5)
,`kel` varchar(60)
,`kec` varchar(60)
,`kotakab` varchar(55)
,`kode_pos` int(11)
,`email` int(5)
,`link` int(5)
,`logo` varchar(255)
);

-- --------------------------------------------------------

--
-- Stand-in structure for view `v_peg`
-- (Lihat di bawah untuk tampilan aktual)
--
CREATE TABLE `v_peg` (
`id_peg` char(18)
,`nama_gelar` varchar(98)
,`nama` varchar(75)
,`id_opd` int(9)
,`nama_opd` varchar(85)
,`akronim_opd` varchar(30)
,`nip` varchar(26)
,`nik` varchar(19)
,`jk` enum('L','P')
,`kawin` enum('Y','N')
,`stat_peg` tinyint(1)
,`status_peg` varchar(5)
,`gol_ruang` char(2)
,`gol` varchar(5)
,`ruang` varchar(25)
,`id_eselon` tinyint(1)
,`eselon` varchar(5)
,`id_jabatan` tinyint(2)
,`jabatan` varchar(255)
,`ket_jabatan` varchar(255)
,`id_agama` tinyint(1)
,`agama` varchar(20)
,`tampil_alamat` tinyint(4)
,`alamat` text
,`alamat_rt` varchar(3)
,`alamat_rw` varchar(3)
,`alamat_kel` int(5)
,`kel` varchar(50)
,`kec` char(50)
,`kotakab` char(50)
,`kode_pos` int(11)
,`gol_darah` varchar(2)
,`pend_terakhir` tinyint(2)
,`tk_pend` varchar(12)
,`ket_pend` varchar(35)
,`pend_umum` smallint(2)
,`pendidikan_umum` varchar(65)
,`tmp_lahir` varchar(50)
,`tgl_lahir` varchar(40)
,`tmt_cpns` varchar(40)
,`tmt_pns` varchar(40)
,`tampil_email1` tinyint(4)
,`email` varchar(100)
,`tampil_email2` tinyint(4)
,`email2` varchar(100)
,`tampil_ponsel1` tinyint(4)
,`ponsel1` varchar(17)
,`tampil_ponsel2` tinyint(4)
,`ponsel2` varchar(17)
,`twitter` varchar(120)
,`facebook` varchar(121)
,`telegram` varchar(113)
,`tentang_peg` text
,`foto_peg` varchar(100)
,`waktu_add` datetime
,`waktu_modifi` timestamp
);

-- --------------------------------------------------------

--
-- Stand-in structure for view `v_users_active`
-- (Lihat di bawah untuk tampilan aktual)
--
CREATE TABLE `v_users_active` (
`id_user` int(5)
,`username` varchar(100)
,`paswd` varchar(100)
,`nama_gelar` varchar(98)
,`email` varchar(100)
,`email2` varchar(100)
,`ponsel1` varchar(14)
,`ponsel2` varchar(14)
,`foto_peg` varchar(100)
,`tentang_peg` text
,`id_opd` int(9)
,`nama_opd` varchar(85)
,`id_hakakses` tinyint(2)
,`hakakses` varchar(50)
,`tgl_daftar` timestamp
,`status_user` enum('0','1')
);

-- --------------------------------------------------------

--
-- Struktur untuk view `v_opd`
--
DROP TABLE IF EXISTS `v_opd`;

CREATE ALGORITHM=UNDEFINED DEFINER=`root`@`localhost` SQL SECURITY DEFINER VIEW `v_opd`  AS  select `m_opd`.`id_opd` AS `id_opd`,`m_opd`.`nama_opd` AS `nama_opd`,`m_opd`.`akronim_opd` AS `akronim_opd`,`m_opd`.`kepala_opd` AS `kepala_opd`,concat(if(isnull(`m_peg`.`gelar_depan`),'',concat(`m_peg`.`gelar_depan`,' ')),`m_peg`.`nama`,if(isnull(`m_peg`.`gelar_belakang`),'',concat(', ',`m_peg`.`gelar_belakang`))) AS `nama_gelar`,`m_peg`.`gelar_depan` AS `gelar_depan`,`m_peg`.`nama` AS `nama`,`m_peg`.`gelar_belakang` AS `gelar_belakang`,if(isnull(`m_peg`.`nip`),NULL,concat('NIP. ',concat_ws(' ',substr(`m_peg`.`nip`,1,8),substr(`m_peg`.`nip`,9,6),substr(`m_peg`.`nip`,9,1),substr(`m_peg`.`nip`,-(3))))) AS `nip`,`m_gol`.`gol` AS `gol`,`m_gol`.`ruang` AS `ruang`,if(isnull(`m_opd`.`telp`),NULL,concat('Telp.',`m_opd`.`telp`)) AS `telp`,if(isnull(`m_opd`.`fax`),NULL,concat('Fax.',`m_opd`.`fax`)) AS `fax`,`m_opd`.`alamat` AS `alamat`,`m_opd`.`alamat_kel` AS `alamat_kel`,if(isnull(`m_kel`.`kel`),NULL,concat('Kelurahan ',`m_kel`.`kel`)) AS `kel`,if(isnull(`m_kec`.`kec`),NULL,concat('Kecamatan ',`m_kec`.`kec`)) AS `kec`,if(isnull(`m_kotakab`.`kotakab`),NULL,concat('Kota ',`m_kotakab`.`kotakab`)) AS `kotakab`,`m_kel`.`kode_pos` AS `kode_pos`,`m_opd`.`email` AS `email`,`m_opd`.`link` AS `link`,ifnull(`m_opd`.`logo`,'logo_pemko') AS `logo` from (((((`m_opd` left join `m_peg` on((`m_opd`.`kepala_opd` = `m_peg`.`id_peg`))) left join `m_kel` on((`m_opd`.`alamat_kel` = `m_kel`.`id_kel`))) left join `m_kec` on((`m_kel`.`id_kec` = `m_kec`.`id_kec`))) left join `m_kotakab` on((`m_kec`.`id_kotakab` = `m_kotakab`.`id_kotakab`))) left join `m_gol` on((`m_peg`.`gol_ruang` = `m_gol`.`id_gol`))) ;

-- --------------------------------------------------------

--
-- Struktur untuk view `v_peg`
--
DROP TABLE IF EXISTS `v_peg`;

CREATE ALGORITHM=UNDEFINED DEFINER=`root`@`localhost` SQL SECURITY DEFINER VIEW `v_peg`  AS  select `m_peg`.`id_peg` AS `id_peg`,concat(if(isnull(`m_peg`.`gelar_depan`),'',concat(`m_peg`.`gelar_depan`,' ')),`m_peg`.`nama`,if(isnull(`m_peg`.`gelar_belakang`),'',concat(', ',`m_peg`.`gelar_belakang`))) AS `nama_gelar`,`m_peg`.`nama` AS `nama`,`m_peg`.`id_opd` AS `id_opd`,`m_opd`.`nama_opd` AS `nama_opd`,`m_opd`.`akronim_opd` AS `akronim_opd`,if((`m_peg`.`status_peg` = 1),concat('NIP. ',concat_ws(' ',substr(`m_peg`.`nip`,1,8),substr(`m_peg`.`nip`,9,6),substr(`m_peg`.`nip`,9,1),substr(`m_peg`.`nip`,-(3)))),if((`m_peg`.`status_peg` = 2),concat('NIP. ',concat_ws(' ',substr(`m_peg`.`nip`,1,8),substr(`m_peg`.`nip`,9,6),substr(`m_peg`.`nip`,9,1),substr(`m_peg`.`nip`,-(3)))),if((`m_peg`.`status_peg` = 3),concat('NRPTT. ',concat_ws(' ',substr(`m_peg`.`nip`,1,4),substr(`m_peg`.`nip`,5,4),substr(`m_peg`.`nip`,-(3)))),if((`m_peg`.`status_peg` = 4),concat('NO OS. ',concat_ws(' ',substr(`m_peg`.`nip`,1,9),substr(`m_peg`.`nip`,-(5)))),'PKL')))) AS `nip`,if(isnull(`m_peg`.`nik`),NULL,concat_ws(' ',substr(`m_peg`.`nik`,1,6),substr(`m_peg`.`nik`,7,6),substr(`m_peg`.`nik`,-(5)))) AS `nik`,`m_peg`.`jk` AS `jk`,`m_peg`.`kawin` AS `kawin`,`m_peg`.`status_peg` AS `stat_peg`,`m_status_peg`.`status_peg` AS `status_peg`,`m_peg`.`gol_ruang` AS `gol_ruang`,`m_gol`.`gol` AS `gol`,`m_gol`.`ruang` AS `ruang`,`m_peg`.`eselon` AS `id_eselon`,`m_eselon`.`eselon` AS `eselon`,`m_peg`.`jabatan` AS `id_jabatan`,`m_jabatan`.`jabatan` AS `jabatan`,`m_peg`.`ket_jabatan` AS `ket_jabatan`,`m_peg`.`agama` AS `id_agama`,`m_agama`.`agama` AS `agama`,`m_peg`.`tampil_alamat` AS `tampil_alamat`,`m_peg`.`alamat` AS `alamat`,lpad(`m_peg`.`alamat_rt`,3,'0') AS `alamat_rt`,lpad(`m_peg`.`alamat_rw`,3,'0') AS `alamat_rw`,`m_peg`.`alamat_kel` AS `alamat_kel`,`m_kel`.`kel` AS `kel`,`m_kec`.`kec` AS `kec`,`m_kotakab`.`kotakab` AS `kotakab`,`m_kel`.`kode_pos` AS `kode_pos`,`m_peg`.`gol_darah` AS `gol_darah`,`m_peg`.`pend_terakhir` AS `pend_terakhir`,`m_pend`.`tk_pend` AS `tk_pend`,`m_pend`.`ket_pend` AS `ket_pend`,`m_peg`.`pend_umum` AS `pend_umum`,`m_pend_umum`.`pendidikan_umum` AS `pendidikan_umum`,`m_peg`.`tmp_lahir` AS `tmp_lahir`,date_format(`m_peg`.`tgl_lahir`,'%d %b %Y') AS `tgl_lahir`,date_format(`m_peg`.`tmt_cpns`,'%d %b %Y') AS `tmt_cpns`,date_format(`m_peg`.`tmt_pns`,'%d %b %Y') AS `tmt_pns`,`m_peg`.`tampil_email1` AS `tampil_email1`,`m_peg`.`email` AS `email`,`m_peg`.`tampil_email2` AS `tampil_email2`,`m_peg`.`email2` AS `email2`,`m_peg`.`tampil_ponsel1` AS `tampil_ponsel1`,if(isnull(`m_peg`.`ponsel1`),NULL,if((substr(`m_peg`.`ponsel1`,1,1) = '0'),replace(substr(`m_peg`.`ponsel1`,1,1),'0',concat('+62-',concat_ws('-',substr(`m_peg`.`ponsel1`,2,3),substr(`m_peg`.`ponsel1`,5,4),substr(`m_peg`.`ponsel1`,9,4)))),concat_ws('-',substr(`m_peg`.`ponsel1`,1,3),substr(`m_peg`.`ponsel1`,4,3),substr(`m_peg`.`ponsel1`,7,4),substr(`m_peg`.`ponsel1`,11,4)))) AS `ponsel1`,`m_peg`.`tampil_ponsel2` AS `tampil_ponsel2`,if(isnull(`m_peg`.`ponsel2`),NULL,if((substr(`m_peg`.`ponsel2`,1,1) = '0'),replace(substr(`m_peg`.`ponsel2`,1,1),'0',concat('+62-',concat_ws('-',substr(`m_peg`.`ponsel2`,2,3),substr(`m_peg`.`ponsel2`,5,4),substr(`m_peg`.`ponsel2`,9,4)))),concat_ws('-',substr(`m_peg`.`ponsel2`,1,3),substr(`m_peg`.`ponsel2`,4,3),substr(`m_peg`.`ponsel2`,7,4),substr(`m_peg`.`ponsel2`,11,4)))) AS `ponsel2`,concat('https://twitter.com/',replace(`m_peg`.`twitter`,'@','')) AS `twitter`,concat('https://facebook.com/',`m_peg`.`facebook`) AS `facebook`,concat('https://t.me/',replace(`m_peg`.`telegram`,'@','')) AS `telegram`,`m_peg`.`tentang_peg` AS `tentang_peg`,ifnull(`m_peg`.`foto_peg`,'peg') AS `foto_peg`,`m_peg`.`waktu_add` AS `waktu_add`,`m_peg`.`waktu_modifi` AS `waktu_modifi` from (((((((((((`m_peg` left join `m_opd` on((`m_peg`.`id_opd` = `m_opd`.`id_opd`))) left join `m_status_peg` on((`m_peg`.`status_peg` = `m_status_peg`.`id_status_peg`))) left join `m_gol` on((`m_peg`.`gol_ruang` = `m_gol`.`id_gol`))) left join `m_eselon` on((`m_peg`.`eselon` = `m_eselon`.`id_eselon`))) left join `m_jabatan` on((`m_peg`.`jabatan` = `m_jabatan`.`id_jabatan`))) left join `m_agama` on((`m_peg`.`agama` = `m_agama`.`id_agama`))) left join `m_kel` on((`m_peg`.`alamat_kel` = `m_kel`.`id_kel`))) left join `m_kec` on((`m_kel`.`id_kec` = `m_kec`.`id_kec`))) left join `m_kotakab` on((`m_kec`.`id_kotakab` = `m_kotakab`.`id_kotakab`))) left join `m_pend` on((`m_peg`.`pend_terakhir` = `m_pend`.`id_pend`))) left join `m_pend_umum` on((`m_peg`.`pend_umum` = `m_pend_umum`.`id_pend_umum`))) order by `m_peg`.`id_opd`,`m_peg`.`eselon`,`m_peg`.`gol_ruang` desc,`m_peg`.`status_peg` ;

-- --------------------------------------------------------

--
-- Struktur untuk view `v_users_active`
--
DROP TABLE IF EXISTS `v_users_active`;

CREATE ALGORITHM=UNDEFINED DEFINER=`root`@`localhost` SQL SECURITY DEFINER VIEW `v_users_active`  AS  select `d_users`.`id_user` AS `id_user`,`d_users`.`username` AS `username`,`d_users`.`paswd` AS `paswd`,concat(if(isnull(`m_peg`.`gelar_depan`),'',concat(`m_peg`.`gelar_depan`,' ')),`m_peg`.`nama`,if(isnull(`m_peg`.`gelar_belakang`),'',concat(', ',`m_peg`.`gelar_belakang`))) AS `nama_gelar`,`m_peg`.`email` AS `email`,`m_peg`.`email2` AS `email2`,`m_peg`.`ponsel1` AS `ponsel1`,`m_peg`.`ponsel2` AS `ponsel2`,`m_peg`.`foto_peg` AS `foto_peg`,`m_peg`.`tentang_peg` AS `tentang_peg`,`m_peg`.`id_opd` AS `id_opd`,`m_opd`.`nama_opd` AS `nama_opd`,`d_users`.`id_hakakses` AS `id_hakakses`,`m_hakakses`.`hakakses` AS `hakakses`,`d_users`.`tgl_daftar` AS `tgl_daftar`,`d_users`.`status_user` AS `status_user` from (((`d_users` left join `m_peg` on((`d_users`.`id_peg` = `m_peg`.`id_peg`))) left join `m_opd` on((`m_peg`.`id_opd` = `m_opd`.`id_opd`))) left join `m_hakakses` on((`d_users`.`id_hakakses` = `m_hakakses`.`id_hakaskses`))) where (`d_users`.`status_user` = '1') ;

--
-- Indexes for dumped tables
--

--
-- Indexes for table `d_users`
--
ALTER TABLE `d_users`
  ADD PRIMARY KEY (`id_user`),
  ADD KEY `fk_users_peg` (`id_peg`),
  ADD KEY `fk_users_hak_akses` (`id_hakakses`);

--
-- Indexes for table `m_agama`
--
ALTER TABLE `m_agama`
  ADD PRIMARY KEY (`id_agama`);

--
-- Indexes for table `m_bagbid`
--
ALTER TABLE `m_bagbid`
  ADD PRIMARY KEY (`id_bagbid`),
  ADD KEY `fk_bagbid_opd` (`id_opd`);

--
-- Indexes for table `m_eselon`
--
ALTER TABLE `m_eselon`
  ADD PRIMARY KEY (`id_eselon`);

--
-- Indexes for table `m_gol`
--
ALTER TABLE `m_gol`
  ADD PRIMARY KEY (`id_gol`);

--
-- Indexes for table `m_hakakses`
--
ALTER TABLE `m_hakakses`
  ADD PRIMARY KEY (`id_hakaskses`);

--
-- Indexes for table `m_jabatan`
--
ALTER TABLE `m_jabatan`
  ADD PRIMARY KEY (`id_jabatan`);

--
-- Indexes for table `m_kec`
--
ALTER TABLE `m_kec`
  ADD PRIMARY KEY (`id_kec`),
  ADD KEY `fk_kec_kotakab` (`id_kotakab`);

--
-- Indexes for table `m_kel`
--
ALTER TABLE `m_kel`
  ADD PRIMARY KEY (`id_kel`),
  ADD KEY `fk_kel_kec` (`id_kec`),
  ADD KEY `fk_kel_kotakab` (`id_kotakab`);

--
-- Indexes for table `m_kotakab`
--
ALTER TABLE `m_kotakab`
  ADD PRIMARY KEY (`id_kotakab`);

--
-- Indexes for table `m_login`
--
ALTER TABLE `m_login`
  ADD PRIMARY KEY (`id_login`),
  ADD KEY `fk_login_peg` (`id_peg`);

--
-- Indexes for table `m_opd`
--
ALTER TABLE `m_opd`
  ADD PRIMARY KEY (`id_opd`);

--
-- Indexes for table `m_peg`
--
ALTER TABLE `m_peg`
  ADD PRIMARY KEY (`id_peg`),
  ADD KEY `fk_peg_opd` (`id_opd`),
  ADD KEY `fk_peg_status` (`status_peg`),
  ADD KEY `fk_peg_gol` (`gol_ruang`),
  ADD KEY `fK_peg_eselon` (`eselon`),
  ADD KEY `fk_peg_jabatan` (`jabatan`),
  ADD KEY `fk_peg_agama` (`agama`),
  ADD KEY `fk_peg_kel` (`alamat_kel`),
  ADD KEY `fk_peg_kec` (`alamat_kec`),
  ADD KEY `fk_peg_kota` (`alamat_kota`),
  ADD KEY `fk_peg_pend` (`pend_terakhir`),
  ADD KEY `fk_peg_pend_umum` (`pend_umum`);

--
-- Indexes for table `m_pend`
--
ALTER TABLE `m_pend`
  ADD PRIMARY KEY (`id_pend`);

--
-- Indexes for table `m_pend_umum`
--
ALTER TABLE `m_pend_umum`
  ADD PRIMARY KEY (`id_pend_umum`);

--
-- Indexes for table `m_status_peg`
--
ALTER TABLE `m_status_peg`
  ADD PRIMARY KEY (`id_status_peg`);

--
-- Ketidakleluasaan untuk tabel pelimpahan (Dumped Tables)
--

--
-- Ketidakleluasaan untuk tabel `d_users`
--
ALTER TABLE `d_users`
  ADD CONSTRAINT `fk_users_hak_akses` FOREIGN KEY (`id_hakakses`) REFERENCES `m_hakakses` (`id_hakaskses`) ON DELETE CASCADE ON UPDATE CASCADE,
  ADD CONSTRAINT `fk_users_peg` FOREIGN KEY (`id_peg`) REFERENCES `m_peg` (`id_peg`) ON DELETE CASCADE ON UPDATE CASCADE;

--
-- Ketidakleluasaan untuk tabel `m_bagbid`
--
ALTER TABLE `m_bagbid`
  ADD CONSTRAINT `fk_bagbid_opd` FOREIGN KEY (`id_opd`) REFERENCES `m_opd` (`id_opd`) ON DELETE CASCADE ON UPDATE CASCADE;

--
-- Ketidakleluasaan untuk tabel `m_kec`
--
ALTER TABLE `m_kec`
  ADD CONSTRAINT `fk_kec_kotakab` FOREIGN KEY (`id_kotakab`) REFERENCES `m_kotakab` (`id_kotakab`) ON DELETE CASCADE ON UPDATE CASCADE;

--
-- Ketidakleluasaan untuk tabel `m_kel`
--
ALTER TABLE `m_kel`
  ADD CONSTRAINT `fk_kel_kec` FOREIGN KEY (`id_kec`) REFERENCES `m_kec` (`id_kec`) ON DELETE CASCADE ON UPDATE CASCADE,
  ADD CONSTRAINT `fk_kel_kotakab` FOREIGN KEY (`id_kotakab`) REFERENCES `m_kotakab` (`id_kotakab`) ON DELETE CASCADE ON UPDATE CASCADE;

--
-- Ketidakleluasaan untuk tabel `m_login`
--
ALTER TABLE `m_login`
  ADD CONSTRAINT `fk_login_peg` FOREIGN KEY (`id_peg`) REFERENCES `m_peg` (`id_peg`) ON DELETE CASCADE ON UPDATE CASCADE;

--
-- Ketidakleluasaan untuk tabel `m_peg`
--
ALTER TABLE `m_peg`
  ADD CONSTRAINT `fK_peg_eselon` FOREIGN KEY (`eselon`) REFERENCES `m_eselon` (`id_eselon`) ON DELETE CASCADE ON UPDATE CASCADE,
  ADD CONSTRAINT `fk_peg_agama` FOREIGN KEY (`agama`) REFERENCES `m_agama` (`id_agama`) ON DELETE CASCADE ON UPDATE CASCADE,
  ADD CONSTRAINT `fk_peg_gol` FOREIGN KEY (`gol_ruang`) REFERENCES `m_gol` (`id_gol`) ON DELETE CASCADE ON UPDATE CASCADE,
  ADD CONSTRAINT `fk_peg_jabatan` FOREIGN KEY (`jabatan`) REFERENCES `m_jabatan` (`id_jabatan`) ON DELETE CASCADE ON UPDATE CASCADE,
  ADD CONSTRAINT `fk_peg_kec` FOREIGN KEY (`alamat_kec`) REFERENCES `m_kec` (`id_kec`) ON DELETE CASCADE ON UPDATE CASCADE,
  ADD CONSTRAINT `fk_peg_kel` FOREIGN KEY (`alamat_kel`) REFERENCES `m_kel` (`id_kel`) ON DELETE CASCADE ON UPDATE CASCADE,
  ADD CONSTRAINT `fk_peg_kota` FOREIGN KEY (`alamat_kota`) REFERENCES `m_kotakab` (`id_kotakab`) ON DELETE CASCADE ON UPDATE CASCADE,
  ADD CONSTRAINT `fk_peg_opd` FOREIGN KEY (`id_opd`) REFERENCES `m_opd` (`id_opd`) ON DELETE CASCADE ON UPDATE CASCADE,
  ADD CONSTRAINT `fk_peg_pend` FOREIGN KEY (`pend_terakhir`) REFERENCES `m_pend` (`id_pend`) ON DELETE CASCADE ON UPDATE CASCADE,
  ADD CONSTRAINT `fk_peg_pend_umum` FOREIGN KEY (`pend_umum`) REFERENCES `m_pend_umum` (`id_pend_umum`) ON DELETE CASCADE ON UPDATE CASCADE,
  ADD CONSTRAINT `fk_peg_status` FOREIGN KEY (`status_peg`) REFERENCES `m_status_peg` (`id_status_peg`) ON DELETE CASCADE ON UPDATE CASCADE;
COMMIT;

/*!40101 SET CHARACTER_SET_CLIENT=@OLD_CHARACTER_SET_CLIENT */;
/*!40101 SET CHARACTER_SET_RESULTS=@OLD_CHARACTER_SET_RESULTS */;
/*!40101 SET COLLATION_CONNECTION=@OLD_COLLATION_CONNECTION */;
